age,monthly_income,daily_internet_hours,tech_savvy_score,monthly_online_orders,monthly_store_visits,avg_online_spend,avg_store_spend,gender,city_tier,shopping_preference,Is_Online,processed_at
56,221111,6.5,6,16,16,28551,144092,Other,Tier 3,Store,0,2026-03-05 14:19:15.683837
69,96029,8.2,9,14,1,124056,28421,Male,Tier 3,Hybrid,0,2026-03-05 14:19:15.683837
46,19055,6.4,8,2,0,81939,128229,Female,Tier 3,Store,0,2026-03-05 14:19:15.683837
32,53170,6.4,10,20,3,35901,134650,Female,Tier 1,Store,0,2026-03-05 14:19:15.683837
60,244016,6.0,5,18,16,131971,34122,Male,Tier 3,Store,0,2026-03-05 14:19:15.683837
25,114976,7.6,7,31,6,92423,123383,Other,Tier 2,Store,0,2026-03-05 14:19:15.683837
78,43251,4.9,8,10,4,26398,18035,Other,Tier 2,Hybrid,0,2026-03-05 14:19:15.683837
38,150604,3.1,9,17,7,131561,33308,Other,Tier 2,Store,0,2026-03-05 14:19:15.683837
56,150996,7.3,3,28,0,123438,97145,Female,Tier 3,Store,0,2026-03-05 14:19:15.683837
75,63037,6.8,8,2,9,74311,79808,Female,Tier 3,Store,0,2026-03-05 14:19:15.683837
36,224154,8.6,3,49,3,56198,140722,Male,Tier 3,Store,0,2026-03-05 14:19:15.683837
40,107115,1.1,1,3,13,40543,46725,Female,Tier 3,Store,0,2026-03-05 14:19:15.683837
28,217693,5.8,4,27,8,83429,122126,Other,Tier 2,Store,0,2026-03-05 14:19:15.683837
28,92926,6.2,7,8,16,81177,19617,Male,Tier 2,Store,0,2026-03-05 14:19:15.683837
41,224888,3.0,9,37,13,49294,103713,Male,Tier 2,Store,0,2026-03-05 14:19:15.683837
70,235726,5.8,10,6,18,73565,139218,Male,Tier 1,Store,0,2026-03-05 14:19:15.683837
53,85400,8.4,7,0,1,30148,58440,Other,Tier 2,Store,0,2026-03-05 14:19:15.683837
57,114525,10.2,10,34,13,98395,98336,Female,Tier 1,Store,0,2026-03-05 14:19:15.683837
41,116164,8.0,5,46,8,23909,42179,Female,Tier 2,Store,0,2026-03-05 14:19:15.683837
20,238457,5.4,1,33,4,68110,67109,Other,Tier 3,Store,0,2026-03-05 14:19:15.683837
39,239174,8.5,1,8,14,10025,127299,Male,Tier 3,Store,0,2026-03-05 14:19:15.683837
70,156774,7.8,9,25,5,38287,3848,Other,Tier 3,Online,1,2026-03-05 14:19:15.683837
19,121732,5.0,4,7,15,46394,22500,Female,Tier 2,Store,0,2026-03-05 14:19:15.683837
41,30385,4.8,3,18,10,119035,18547,Other,Tier 2,Store,0,2026-03-05 14:19:15.683837
61,24336,5.7,5,25,8,44546,41489,Female,Tier 1,Store,0,2026-03-05 14:19:15.683837
47,80421,3.9,7,45,11,10716,25969,Male,Tier 2,Store,0,2026-03-05 14:19:15.683837
55,177297,5.4,7,9,7,132880,135540,Other,Tier 1,Store,0,2026-03-05 14:19:15.683837
19,51021,7.0,5,42,16,66778,89620,Male,Tier 3,Store,0,2026-03-05 14:19:15.683837
77,149854,8.1,8,29,11,31420,31294,Female,Tier 2,Store,0,2026-03-05 14:19:15.683837
38,234949,5.2,5,39,0,65173,45371,Other,Tier 3,Store,0,2026-03-05 14:19:15.683837
50,132369,8.8,10,35,7,10737,31314,Male,Tier 1,Online,1,2026-03-05 14:19:15.683837
29,235702,7.3,4,30,0,13603,52812,Female,Tier 1,Store,0,2026-03-05 14:19:15.683837
75,64111,7.4,6,7,12,48524,1669,Female,Tier 1,Online,1,2026-03-05 14:19:15.683837
39,104402,4.2,3,41,4,112987,126335,Female,Tier 2,Store,0,2026-03-05 14:19:15.683837
78,134774,9.6,4,46,19,82204,119167,Male,Tier 2,Store,0,2026-03-05 14:19:15.683837
61,230657,7.1,8,12,4,35393,74710,Other,Tier 2,Store,0,2026-03-05 14:19:15.683837
42,57719,5.3,10,36,7,30975,72627,Female,Tier 1,Store,0,2026-03-05 14:19:15.683837
66,242600,5.0,10,29,10,108742,123073,Female,Tier 3,Store,0,2026-03-05 14:19:15.683837
44,195109,5.4,3,14,19,129743,128262,Female,Tier 2,Store,0,2026-03-05 14:19:15.683837
76,226175,4.0,10,34,7,7720,121589,Female,Tier 2,Store,0,2026-03-05 14:19:15.683837
59,140695,8.0,3,2,9,134176,148247,Other,Tier 1,Store,0,2026-03-05 14:19:15.683837
45,149585,4.2,6,28,4,28170,36288,Male,Tier 1,Store,0,2026-03-05 14:19:15.683837
77,159407,6.6,8,23,19,73135,125311,Other,Tier 3,Store,0,2026-03-05 14:19:15.683837
33,190212,5.1,10,44,2,9795,144291,Male,Tier 1,Store,0,2026-03-05 14:19:15.683837
32,119126,7.3,2,22,4,68655,62518,Female,Tier 2,Store,0,2026-03-05 14:19:15.683837
79,226445,7.6,1,8,14,114331,37757,Other,Tier 1,Store,0,2026-03-05 14:19:15.683837
79,92658,4.7,10,1,13,13016,22135,Other,Tier 3,Store,0,2026-03-05 14:19:15.683837
64,180912,5.9,1,14,4,31116,55921,Other,Tier 3,Store,0,2026-03-05 14:19:15.683837
79,46007,3.1,7,31,1,126467,56756,Female,Tier 1,Store,0,2026-03-05 14:19:15.683837
68,203019,9.4,2,17,6,126412,15024,Female,Tier 2,Hybrid,0,2026-03-05 14:19:15.683837
61,121833,8.1,9,28,6,139574,106040,Male,Tier 2,Store,0,2026-03-05 14:19:15.683837
72,133637,3.2,10,39,13,74782,66488,Other,Tier 1,Store,0,2026-03-05 14:19:15.683837
69,135721,4.3,4,2,14,108383,117518,Female,Tier 1,Store,0,2026-03-05 14:19:15.683837
74,108220,5.7,7,32,16,45068,102512,Other,Tier 1,Store,0,2026-03-05 14:19:15.683837
20,41393,6.1,5,6,8,5913,42042,Other,Tier 1,Store,0,2026-03-05 14:19:15.683837
54,72480,4.6,5,29,3,52392,93220,Other,Tier 1,Store,0,2026-03-05 14:19:15.683837
68,132243,3.7,7,26,15,133331,123696,Male,Tier 2,Store,0,2026-03-05 14:19:15.683837
24,103290,6.8,9,37,13,33872,73035,Other,Tier 2,Store,0,2026-03-05 14:19:15.683837
38,232407,9.5,4,28,0,52668,123722,Male,Tier 3,Store,0,2026-03-05 14:19:15.683837
26,119263,6.1,9,30,1,23421,955,Other,Tier 3,Online,1,2026-03-05 14:19:15.683837
56,155179,5.4,9,0,12,52138,79761,Female,Tier 2,Store,0,2026-03-05 14:19:15.683837
35,20993,5.2,8,40,7,24961,12163,Male,Tier 1,Online,1,2026-03-05 14:19:15.683837
21,242413,3.8,1,42,8,112610,37711,Female,Tier 1,Store,0,2026-03-05 14:19:15.683837
42,108650,4.7,10,26,9,103258,140980,Other,Tier 2,Store,0,2026-03-05 14:19:15.683837
77,249397,8.3,9,26,19,10552,143281,Female,Tier 3,Store,0,2026-03-05 14:19:15.683837
31,132595,1.9,3,28,9,70970,20249,Male,Tier 1,Store,0,2026-03-05 14:19:15.683837
67,67066,6.1,8,4,15,131931,84210,Female,Tier 2,Store,0,2026-03-05 14:19:15.683837
75,126850,6.1,5,2,8,63618,6736,Male,Tier 1,Store,0,2026-03-05 14:19:15.683837
26,57942,6.2,6,28,5,42865,74798,Male,Tier 3,Store,0,2026-03-05 14:19:15.683837
43,31138,7.5,3,40,11,20700,93830,Other,Tier 2,Store,0,2026-03-05 14:19:15.683837
70,133558,6.1,7,38,16,112780,45820,Other,Tier 1,Store,0,2026-03-05 14:19:15.683837
19,190599,5.1,2,12,9,45262,75090,Male,Tier 3,Store,0,2026-03-05 14:19:15.683837
37,24190,4.7,3,32,10,95314,64682,Female,Tier 3,Store,0,2026-03-05 14:19:15.683837
45,107259,8.6,2,19,8,121443,2632,Female,Tier 3,Online,1,2026-03-05 14:19:15.683837
64,93422,8.1,9,2,17,12681,73056,Other,Tier 3,Store,0,2026-03-05 14:19:15.683837
77,201770,11.8,3,5,2,14174,80428,Male,Tier 3,Store,0,2026-03-05 14:19:15.683837
24,97315,5.4,8,42,4,81080,1415,Male,Tier 2,Online,1,2026-03-05 14:19:15.683837
61,239782,4.7,6,16,4,40995,33647,Male,Tier 3,Store,0,2026-03-05 14:19:15.683837
78,44086,6.9,1,46,4,85145,53410,Other,Tier 2,Store,0,2026-03-05 14:19:15.683837
25,163394,6.9,6,3,10,115514,107200,Male,Tier 1,Store,0,2026-03-05 14:19:15.683837
64,140604,7.3,8,32,3,25654,113813,Other,Tier 3,Store,0,2026-03-05 14:19:15.683837
52,115814,7.7,10,32,4,46668,53060,Female,Tier 2,Store,0,2026-03-05 14:19:15.683837
31,134324,7.3,3,5,18,53741,92824,Female,Tier 2,Store,0,2026-03-05 14:19:15.683837
34,229641,8.2,7,40,10,127570,40905,Male,Tier 2,Store,0,2026-03-05 14:19:15.683837
53,231682,8.4,6,13,11,6497,6128,Male,Tier 3,Online,1,2026-03-05 14:19:15.683837
67,143921,8.5,1,45,16,98084,69949,Female,Tier 3,Store,0,2026-03-05 14:19:15.683837
57,18435,1.5,2,6,14,42909,146654,Female,Tier 2,Store,0,2026-03-05 14:19:15.683837
21,116505,6.5,5,5,1,127783,33220,Female,Tier 3,Store,0,2026-03-05 14:19:15.683837
19,68331,4.2,7,2,0,46694,136414,Female,Tier 3,Store,0,2026-03-05 14:19:15.683837
79,175014,8.1,4,36,5,39103,143083,Male,Tier 1,Store,0,2026-03-05 14:19:15.683837
23,205707,1.4,6,21,0,99870,77294,Other,Tier 3,Store,0,2026-03-05 14:19:15.683837
71,175131,8.9,2,37,14,75058,101241,Other,Tier 1,Store,0,2026-03-05 14:19:15.683837
59,203629,4.3,5,7,1,116877,85088,Male,Tier 2,Store,0,2026-03-05 14:19:15.683837
21,128457,3.8,10,23,7,60914,86637,Male,Tier 2,Store,0,2026-03-05 14:19:15.683837
71,67389,6.7,3,12,15,108663,12756,Other,Tier 3,Store,0,2026-03-05 14:19:15.683837
46,68014,5.3,1,12,15,100090,14593,Female,Tier 1,Store,0,2026-03-05 14:19:15.683837
35,178898,9.6,6,0,15,134009,122334,Male,Tier 1,Store,0,2026-03-05 14:19:15.683837
43,45297,8.7,9,40,19,133533,51599,Other,Tier 2,Store,0,2026-03-05 14:19:15.683837
61,58890,5.0,10,35,18,54175,15079,Male,Tier 1,Hybrid,0,2026-03-05 14:19:15.683837
51,36322,8.1,8,31,1,89984,1755,Male,Tier 1,Online,1,2026-03-05 14:19:15.683837
27,50739,4.9,4,4,19,96448,40057,Female,Tier 2,Store,0,2026-03-05 14:19:15.683837
79,155791,4.9,8,48,13,88080,131816,Male,Tier 2,Store,0,2026-03-05 14:19:15.683837
53,94553,7.4,5,6,1,111721,12894,Male,Tier 3,Online,1,2026-03-05 14:19:15.683837
31,23314,8.9,3,49,18,12272,95966,Female,Tier 1,Store,0,2026-03-05 14:19:15.683837
48,108831,5.1,4,44,1,132569,27317,Male,Tier 3,Store,0,2026-03-05 14:19:15.683837
65,90164,5.3,7,31,17,90211,118307,Female,Tier 1,Store,0,2026-03-05 14:19:15.683837
32,122658,6.6,5,27,16,31685,132793,Male,Tier 2,Store,0,2026-03-05 14:19:15.683837
25,92028,4.2,4,32,18,65991,51025,Male,Tier 3,Store,0,2026-03-05 14:19:15.683837
31,51113,9.1,3,45,13,147375,78112,Male,Tier 3,Store,0,2026-03-05 14:19:15.683837
40,132174,4.2,3,13,16,130017,1691,Male,Tier 2,Online,1,2026-03-05 14:19:15.683837
77,161429,4.7,10,12,15,78190,20030,Male,Tier 1,Store,0,2026-03-05 14:19:15.683837
74,244937,9.5,6,28,18,127092,79753,Other,Tier 2,Store,0,2026-03-05 14:19:15.683837
79,35365,6.4,8,49,16,48155,140662,Female,Tier 3,Store,0,2026-03-05 14:19:15.683837
57,54029,9.9,4,39,11,141672,134032,Male,Tier 2,Store,0,2026-03-05 14:19:15.683837
38,16737,5.6,1,0,3,33852,33315,Female,Tier 1,Store,0,2026-03-05 14:19:15.683837
33,146042,11.0,4,46,7,5641,40673,Male,Tier 2,Store,0,2026-03-05 14:19:15.683837
62,220704,7.2,5,48,0,117780,144379,Other,Tier 1,Store,0,2026-03-05 14:19:15.683837
35,100474,4.5,8,48,13,87037,17572,Female,Tier 1,Store,0,2026-03-05 14:19:15.683837
64,93218,4.5,7,26,8,78000,97914,Male,Tier 1,Store,0,2026-03-05 14:19:15.683837
70,173571,3.1,2,29,17,133230,128907,Female,Tier 1,Store,0,2026-03-05 14:19:15.683837
41,143692,3.3,9,33,11,73094,91378,Other,Tier 3,Store,0,2026-03-05 14:19:15.683837
43,192229,4.7,3,45,1,37559,29767,Male,Tier 3,Store,0,2026-03-05 14:19:15.683837
42,202319,4.0,9,0,5,133247,126515,Other,Tier 2,Store,0,2026-03-05 14:19:15.683837
77,143411,1.0,1,33,4,20371,45220,Other,Tier 2,Store,0,2026-03-05 14:19:15.683837
77,187106,7.7,9,6,17,57614,75449,Male,Tier 1,Store,0,2026-03-05 14:19:15.683837
77,15294,7.6,7,0,13,63404,86376,Male,Tier 1,Store,0,2026-03-05 14:19:15.683837
62,244144,6.6,2,41,14,111401,132192,Other,Tier 3,Store,0,2026-03-05 14:19:15.683837
58,39596,3.7,10,17,12,20920,123720,Male,Tier 3,Store,0,2026-03-05 14:19:15.683837
46,113185,9.3,7,34,8,78438,14175,Other,Tier 3,Online,1,2026-03-05 14:19:15.683837
32,26434,5.6,1,49,18,52711,92060,Male,Tier 1,Store,0,2026-03-05 14:19:15.683837
62,73382,4.3,3,18,0,53242,76108,Female,Tier 2,Store,0,2026-03-05 14:19:15.683837
18,53098,6.5,7,12,7,124737,50307,Male,Tier 2,Store,0,2026-03-05 14:19:15.683837
42,19655,6.4,3,22,15,73916,25764,Male,Tier 1,Store,0,2026-03-05 14:19:15.683837
24,98029,1.0,2,1,6,83480,30866,Other,Tier 1,Store,0,2026-03-05 14:19:15.683837
26,61228,5.9,5,2,15,144764,70719,Male,Tier 2,Store,0,2026-03-05 14:19:15.683837
41,18771,6.2,3,21,12,100216,127455,Male,Tier 3,Store,0,2026-03-05 14:19:15.683837
18,89099,5.2,9,35,12,52391,51551,Other,Tier 3,Store,0,2026-03-05 14:19:15.683837
61,135811,3.4,7,48,19,113169,80385,Female,Tier 2,Store,0,2026-03-05 14:19:15.683837
25,202871,3.4,1,7,18,110255,83619,Other,Tier 3,Store,0,2026-03-05 14:19:15.683837
41,77257,7.0,1,22,10,59559,20771,Other,Tier 3,Store,0,2026-03-05 14:19:15.683837
28,32558,7.5,6,7,15,43151,80138,Female,Tier 3,Store,0,2026-03-05 14:19:15.683837
68,245540,5.1,4,24,8,50494,17187,Male,Tier 2,Store,0,2026-03-05 14:19:15.683837
34,73436,6.8,1,34,12,134725,106660,Male,Tier 3,Store,0,2026-03-05 14:19:15.683837
25,122779,5.1,9,46,18,145382,145371,Other,Tier 1,Store,0,2026-03-05 14:19:15.683837
52,139891,4.3,2,10,9,1164,86326,Female,Tier 1,Store,0,2026-03-05 14:19:15.683837
52,238175,6.4,1,40,6,80641,99481,Female,Tier 2,Store,0,2026-03-05 14:19:15.683837
50,47376,3.7,3,42,16,70398,58088,Female,Tier 3,Store,0,2026-03-05 14:19:15.683837
76,233530,9.8,10,5,9,113422,96655,Female,Tier 2,Store,0,2026-03-05 14:19:15.683837
22,92924,3.1,1,41,1,27127,117933,Other,Tier 1,Store,0,2026-03-05 14:19:15.683837
59,44332,6.6,4,41,17,52646,124644,Other,Tier 3,Store,0,2026-03-05 14:19:15.683837
56,146001,6.3,4,49,15,44124,33055,Male,Tier 1,Store,0,2026-03-05 14:19:15.683837
75,61737,6.1,6,44,2,118683,2722,Other,Tier 3,Online,1,2026-03-05 14:19:15.683837
58,145912,9.0,3,16,19,111162,97224,Female,Tier 2,Store,0,2026-03-05 14:19:15.683837
45,104031,1.0,9,35,0,75525,138233,Male,Tier 1,Store,0,2026-03-05 14:19:15.683837
24,220042,6.8,6,17,4,79855,23037,Other,Tier 2,Online,1,2026-03-05 14:19:15.683837
26,198024,5.5,7,32,0,33221,134171,Female,Tier 3,Store,0,2026-03-05 14:19:15.683837
25,35991,7.2,6,17,6,56962,128001,Other,Tier 1,Store,0,2026-03-05 14:19:15.683837
29,42472,6.1,9,6,17,121471,29468,Male,Tier 1,Store,0,2026-03-05 14:19:15.683837
51,74946,5.8,2,28,3,56598,8583,Male,Tier 2,Online,1,2026-03-05 14:19:15.683837
50,172921,3.6,8,4,8,25623,145703,Male,Tier 3,Store,0,2026-03-05 14:19:15.683837
65,16541,4.7,5,15,0,71397,57597,Female,Tier 2,Store,0,2026-03-05 14:19:15.683837
72,144237,12.0,2,30,0,121727,842,Female,Tier 1,Online,1,2026-03-05 14:19:15.683837
40,17765,7.2,7,4,5,136835,105188,Other,Tier 3,Store,0,2026-03-05 14:19:15.683837
79,58074,8.1,5,9,16,128495,141662,Female,Tier 1,Store,0,2026-03-05 14:19:15.683837
41,117795,5.3,8,28,15,94879,51247,Female,Tier 1,Store,0,2026-03-05 14:19:15.683837
54,175355,4.3,10,28,18,58775,134000,Male,Tier 2,Store,0,2026-03-05 14:19:15.683837
52,116387,7.6,6,15,3,116654,116434,Female,Tier 3,Store,0,2026-03-05 14:19:15.683837
61,246233,2.2,7,3,9,67473,30057,Other,Tier 3,Store,0,2026-03-05 14:19:15.683837
57,146841,4.7,1,0,15,56835,13305,Male,Tier 2,Store,0,2026-03-05 14:19:15.683837
39,163878,5.3,2,7,6,105572,99427,Other,Tier 1,Store,0,2026-03-05 14:19:15.683837
44,236590,7.9,9,27,1,50247,134415,Female,Tier 1,Store,0,2026-03-05 14:19:15.683837
52,17972,6.8,7,0,19,79356,124577,Male,Tier 1,Store,0,2026-03-05 14:19:15.683837
18,164328,5.1,7,27,6,29217,64748,Female,Tier 1,Store,0,2026-03-05 14:19:15.683837
52,118903,6.7,4,2,6,111992,56674,Other,Tier 3,Store,0,2026-03-05 14:19:15.683837
54,164725,5.4,4,49,4,6354,138194,Other,Tier 2,Store,0,2026-03-05 14:19:15.683837
64,118579,8.1,3,1,14,108233,68093,Male,Tier 2,Store,0,2026-03-05 14:19:15.683837
31,232741,6.5,10,24,18,13621,47737,Other,Tier 2,Store,0,2026-03-05 14:19:15.683837
20,54339,9.5,4,36,9,1133,120673,Female,Tier 1,Store,0,2026-03-05 14:19:15.683837
18,171829,5.4,10,10,4,83941,98631,Female,Tier 1,Store,0,2026-03-05 14:19:15.683837
22,118376,8.5,6,45,4,92077,116900,Other,Tier 1,Store,0,2026-03-05 14:19:15.683837
43,57399,6.2,3,17,17,85814,75100,Female,Tier 2,Store,0,2026-03-05 14:19:15.683837
72,59013,4.6,10,41,3,89406,99464,Female,Tier 2,Store,0,2026-03-05 14:19:15.683837
31,243677,11.2,8,38,13,17469,135555,Female,Tier 3,Store,0,2026-03-05 14:19:15.683837
56,160778,8.6,1,39,17,80296,3724,Male,Tier 2,Online,1,2026-03-05 14:19:15.683837
44,184303,6.5,6,19,8,104486,129118,Male,Tier 1,Store,0,2026-03-05 14:19:15.683837
26,42909,7.5,2,16,16,66464,42645,Other,Tier 3,Store,0,2026-03-05 14:19:15.683837
32,222703,3.8,1,6,11,132677,117563,Male,Tier 3,Store,0,2026-03-05 14:19:15.683837
32,203644,3.9,4,47,17,93610,94636,Female,Tier 3,Store,0,2026-03-05 14:19:15.683837
43,231951,8.2,6,16,15,27477,28490,Female,Tier 1,Store,0,2026-03-05 14:19:15.683837
59,209839,6.0,7,3,2,68687,146503,Other,Tier 2,Store,0,2026-03-05 14:19:15.683837
77,172541,5.7,1,35,18,92082,115759,Female,Tier 1,Store,0,2026-03-05 14:19:15.683837
30,147385,5.4,3,29,9,33951,109717,Male,Tier 3,Store,0,2026-03-05 14:19:15.683837
68,153919,6.3,6,0,19,102658,134419,Female,Tier 2,Store,0,2026-03-05 14:19:15.683837
49,196294,5.5,6,34,6,16239,51114,Female,Tier 3,Store,0,2026-03-05 14:19:15.683837
56,220774,1.9,10,11,0,81110,50960,Male,Tier 2,Store,0,2026-03-05 14:19:15.683837
66,156002,8.8,6,16,0,75652,135566,Female,Tier 2,Store,0,2026-03-05 14:19:15.683837
69,18285,5.8,7,15,14,110041,114112,Male,Tier 3,Store,0,2026-03-05 14:19:15.683837
78,138637,9.7,7,27,0,24638,5233,Male,Tier 1,Online,1,2026-03-05 14:19:15.683837
49,50863,2.5,10,31,8,56208,111844,Other,Tier 3,Store,0,2026-03-05 14:19:15.683837
21,162776,2.5,8,45,13,25831,119113,Male,Tier 3,Store,0,2026-03-05 14:19:15.683837
47,164777,5.4,2,34,12,122359,94010,Male,Tier 3,Store,0,2026-03-05 14:19:15.683837
54,146627,8.0,10,18,18,78537,23504,Male,Tier 2,Store,0,2026-03-05 14:19:15.683837
40,36323,3.6,1,28,15,41448,5103,Male,Tier 1,Hybrid,0,2026-03-05 14:19:15.683837
56,85968,3.5,10,28,16,59910,41333,Female,Tier 1,Store,0,2026-03-05 14:19:15.683837
62,212994,6.7,7,15,8,116934,108180,Female,Tier 3,Store,0,2026-03-05 14:19:15.683837
32,68915,5.4,1,3,13,78818,96001,Female,Tier 2,Store,0,2026-03-05 14:19:15.683837
60,124543,7.1,2,20,2,21340,60841,Other,Tier 2,Store,0,2026-03-05 14:19:15.683837
46,156691,5.4,1,48,8,92800,93812,Female,Tier 3,Store,0,2026-03-05 14:19:15.683837
53,218462,6.8,1,43,19,72635,130427,Female,Tier 2,Store,0,2026-03-05 14:19:15.683837
30,123500,8.7,3,0,0,81535,118800,Other,Tier 3,Store,0,2026-03-05 14:19:15.683837
49,205346,3.6,4,18,4,59280,62788,Female,Tier 3,Store,0,2026-03-05 14:19:15.683837
24,219245,8.4,5,43,5,74441,127310,Male,Tier 1,Store,0,2026-03-05 14:19:15.683837
76,167297,2.6,5,25,19,116497,149024,Male,Tier 1,Store,0,2026-03-05 14:19:15.683837
68,126266,7.2,2,11,13,6513,147067,Female,Tier 2,Store,0,2026-03-05 14:19:15.683837
39,41739,8.8,3,16,9,148567,17768,Other,Tier 2,Hybrid,0,2026-03-05 14:19:15.683837
45,193780,5.0,8,36,7,81143,72313,Male,Tier 3,Store,0,2026-03-05 14:19:15.683837
19,143041,7.3,2,27,14,107435,21414,Female,Tier 1,Store,0,2026-03-05 14:19:15.683837
59,68019,5.0,4,35,0,76716,101646,Male,Tier 3,Store,0,2026-03-05 14:19:15.683837
62,222226,7.2,7,28,15,58708,120987,Other,Tier 2,Store,0,2026-03-05 14:19:15.683837
79,248169,1.5,9,4,19,127600,97844,Female,Tier 1,Store,0,2026-03-05 14:19:15.683837
74,22373,6.3,3,37,6,22706,139268,Other,Tier 2,Store,0,2026-03-05 14:19:15.683837
70,181353,6.8,3,2,0,36095,50286,Other,Tier 3,Store,0,2026-03-05 14:19:15.683837
23,35187,8.7,7,14,4,13955,58226,Other,Tier 3,Store,0,2026-03-05 14:19:15.683837
45,82863,7.9,8,2,9,27183,83886,Male,Tier 2,Store,0,2026-03-05 14:19:15.683837
45,112927,5.7,4,12,4,40662,92543,Female,Tier 2,Store,0,2026-03-05 14:19:15.683837
61,99085,6.5,1,4,7,113980,75515,Female,Tier 2,Store,0,2026-03-05 14:19:15.683837
61,132996,3.1,5,20,5,105078,35686,Male,Tier 1,Store,0,2026-03-05 14:19:15.683837
37,54220,9.3,4,40,9,5799,132034,Male,Tier 3,Store,0,2026-03-05 14:19:15.683837
47,145503,7.4,8,22,13,25603,3961,Female,Tier 3,Online,1,2026-03-05 14:19:15.683837
79,22642,2.3,7,46,7,38875,61678,Female,Tier 3,Store,0,2026-03-05 14:19:15.683837
28,94971,6.5,2,21,5,74950,41811,Other,Tier 2,Store,0,2026-03-05 14:19:15.683837
75,70556,6.6,6,33,8,92094,143843,Male,Tier 3,Store,0,2026-03-05 14:19:15.683837
72,179832,4.5,4,40,14,129753,118814,Male,Tier 3,Store,0,2026-03-05 14:19:15.683837
45,53192,6.2,7,25,15,108193,19054,Male,Tier 3,Online,1,2026-03-05 14:19:15.683837
42,150453,4.3,9,46,0,22442,46972,Male,Tier 3,Store,0,2026-03-05 14:19:15.683837
56,242655,3.2,7,30,13,119240,140317,Male,Tier 1,Store,0,2026-03-05 14:19:15.683837
79,165630,4.8,2,34,19,93771,10528,Other,Tier 1,Store,0,2026-03-05 14:19:15.683837
50,45782,6.3,8,6,17,125421,82970,Other,Tier 1,Store,0,2026-03-05 14:19:15.683837
18,19782,7.9,6,39,6,114153,12853,Female,Tier 2,Online,1,2026-03-05 14:19:15.683837
74,237489,6.1,9,44,11,36109,53701,Other,Tier 3,Store,0,2026-03-05 14:19:15.683837
44,200784,7.9,7,31,9,113942,54960,Other,Tier 3,Store,0,2026-03-05 14:19:15.683837
79,241017,7.3,5,21,14,962,44697,Other,Tier 2,Store,0,2026-03-05 14:19:15.683837
74,165534,3.9,8,46,6,112514,147326,Other,Tier 2,Store,0,2026-03-05 14:19:15.683837
69,75030,7.3,7,5,4,60302,21238,Male,Tier 3,Store,0,2026-03-05 14:19:15.683837
30,214591,7.3,1,20,10,116539,35964,Female,Tier 3,Store,0,2026-03-05 14:19:15.683837
58,71411,9.5,5,44,2,44776,49248,Female,Tier 3,Store,0,2026-03-05 14:19:15.683837
20,201278,6.8,7,38,3,147586,50206,Female,Tier 2,Store,0,2026-03-05 14:19:15.683837
56,112469,3.5,10,48,10,4027,57290,Female,Tier 1,Store,0,2026-03-05 14:19:15.683837
23,61950,4.9,7,46,14,104183,52320,Other,Tier 3,Store,0,2026-03-05 14:19:15.683837
25,148595,2.3,3,36,14,982,48606,Other,Tier 3,Store,0,2026-03-05 14:19:15.683837
44,206998,7.0,5,26,16,12164,18010,Male,Tier 1,Hybrid,0,2026-03-05 14:19:15.683837
26,155749,9.3,8,9,10,145935,8481,Female,Tier 2,Online,1,2026-03-05 14:19:15.683837
79,221900,1.2,9,21,5,145849,28906,Other,Tier 1,Store,0,2026-03-05 14:19:15.683837
54,161161,9.4,9,43,6,69625,5469,Female,Tier 2,Online,1,2026-03-05 14:19:15.683837
50,150653,7.0,10,17,10,129396,31393,Other,Tier 2,Store,0,2026-03-05 14:19:15.683837
68,157979,3.8,5,3,4,27190,16374,Male,Tier 2,Hybrid,0,2026-03-05 14:19:15.683837
59,151681,6.5,2,44,0,146882,145372,Male,Tier 3,Store,0,2026-03-05 14:19:15.683837
61,197225,3.9,8,34,0,79943,102991,Other,Tier 3,Store,0,2026-03-05 14:19:15.683837
41,65539,6.9,7,37,12,140861,123191,Female,Tier 1,Store,0,2026-03-05 14:19:15.683837
32,190215,6.1,4,37,1,32321,78610,Male,Tier 1,Store,0,2026-03-05 14:19:15.683837
76,37936,6.7,5,35,17,80386,3081,Male,Tier 1,Online,1,2026-03-05 14:19:15.683837
71,65182,4.2,10,3,5,120141,54844,Male,Tier 2,Store,0,2026-03-05 14:19:15.683837
49,126259,4.5,10,44,13,48125,14994,Male,Tier 1,Online,1,2026-03-05 14:19:15.683837
49,245596,7.0,2,9,10,82395,100995,Female,Tier 2,Store,0,2026-03-05 14:19:15.683837
41,110042,5.0,9,31,4,146200,130326,Female,Tier 3,Store,0,2026-03-05 14:19:15.683837
58,28163,6.3,6,9,18,91020,115937,Female,Tier 2,Store,0,2026-03-05 14:19:15.683837
69,205830,6.9,9,42,12,52433,4713,Other,Tier 1,Online,1,2026-03-05 14:19:15.683837
66,192129,5.6,8,44,11,139176,10407,Female,Tier 2,Online,1,2026-03-05 14:19:15.683837
79,158609,8.3,1,9,8,35473,44498,Female,Tier 1,Store,0,2026-03-05 14:19:15.683837
66,37419,5.6,9,10,3,70062,137856,Male,Tier 3,Store,0,2026-03-05 14:19:15.683837
75,188650,5.6,9,49,5,20914,44239,Other,Tier 3,Store,0,2026-03-05 14:19:15.683837
69,221063,4.7,4,38,3,65878,123248,Male,Tier 2,Store,0,2026-03-05 14:19:15.683837
29,136211,8.1,1,8,0,15810,148452,Other,Tier 1,Store,0,2026-03-05 14:19:15.683837
79,137762,4.6,4,12,16,49874,96666,Other,Tier 3,Store,0,2026-03-05 14:19:15.683837
56,220671,8.5,6,41,16,13679,98350,Female,Tier 2,Store,0,2026-03-05 14:19:15.683837
19,15834,6.3,4,17,9,63462,38298,Other,Tier 1,Store,0,2026-03-05 14:19:15.683837
20,47214,11.4,9,46,17,89221,113210,Female,Tier 1,Store,0,2026-03-05 14:19:15.683837
66,239006,4.7,4,36,13,77681,23533,Other,Tier 3,Store,0,2026-03-05 14:19:15.683837
54,246100,8.6,10,46,2,129338,101580,Female,Tier 3,Store,0,2026-03-05 14:19:15.683837
66,17413,7.0,8,10,16,39862,92724,Male,Tier 3,Store,0,2026-03-05 14:19:15.683837
73,24505,5.0,2,27,3,13900,29601,Other,Tier 3,Store,0,2026-03-05 14:19:15.683837
34,117802,7.0,7,5,1,59074,14142,Other,Tier 1,Hybrid,0,2026-03-05 14:19:15.683837
76,148177,6.9,8,32,14,3399,91077,Other,Tier 2,Store,0,2026-03-05 14:19:15.683837
66,214176,5.3,6,13,5,21065,35375,Other,Tier 3,Store,0,2026-03-05 14:19:15.683837
19,143303,6.9,10,46,8,60310,115971,Male,Tier 2,Store,0,2026-03-05 14:19:15.683837
19,129897,8.3,6,28,6,146190,86369,Male,Tier 1,Store,0,2026-03-05 14:19:15.683837
45,73408,7.0,8,38,9,71423,14801,Female,Tier 2,Online,1,2026-03-05 14:19:15.683837
71,183751,5.2,3,14,1,107367,119082,Male,Tier 3,Store,0,2026-03-05 14:19:15.683837
40,131908,5.0,2,47,19,16335,19980,Female,Tier 1,Store,0,2026-03-05 14:19:15.683837
54,245168,5.8,9,4,13,65723,107023,Other,Tier 2,Store,0,2026-03-05 14:19:15.683837
49,94731,8.2,8,21,5,32361,149899,Male,Tier 2,Store,0,2026-03-05 14:19:15.683837
50,80131,4.5,10,30,4,55491,68360,Female,Tier 1,Store,0,2026-03-05 14:19:15.683837
18,79280,6.8,5,18,4,10323,131300,Male,Tier 3,Store,0,2026-03-05 14:19:15.683837
36,30762,2.9,5,17,19,23313,89574,Male,Tier 3,Store,0,2026-03-05 14:19:15.683837
79,132798,7.2,6,5,11,132227,129406,Female,Tier 3,Store,0,2026-03-05 14:19:15.683837
19,131854,7.5,6,8,7,98450,54824,Female,Tier 2,Store,0,2026-03-05 14:19:15.683837
70,73703,10.1,2,29,6,108593,22508,Female,Tier 1,Store,0,2026-03-05 14:19:15.683837
61,227506,7.9,7,30,15,95427,14670,Female,Tier 3,Online,1,2026-03-05 14:19:15.683837
43,78079,5.2,3,34,17,132171,82563,Other,Tier 3,Store,0,2026-03-05 14:19:15.683837
49,36577,2.9,8,16,15,123410,85734,Female,Tier 3,Store,0,2026-03-05 14:19:15.683837
23,16214,7.0,9,41,18,949,10654,Other,Tier 2,Online,1,2026-03-05 14:19:15.683837
49,101339,5.3,3,15,9,21375,102722,Female,Tier 1,Store,0,2026-03-05 14:19:15.683837
72,63114,6.7,6,32,8,39527,130397,Other,Tier 2,Store,0,2026-03-05 14:19:15.683837
21,235306,4.6,8,3,5,135270,133405,Female,Tier 2,Store,0,2026-03-05 14:19:15.683837
72,78230,5.7,6,30,17,129153,94025,Male,Tier 2,Store,0,2026-03-05 14:19:15.683837
28,179052,2.6,10,32,2,60181,125388,Other,Tier 1,Store,0,2026-03-05 14:19:15.683837
73,82194,3.9,3,49,13,19169,1718,Female,Tier 3,Online,1,2026-03-05 14:19:15.683837
76,223878,3.6,4,35,4,83250,96785,Other,Tier 1,Store,0,2026-03-05 14:19:15.683837
34,127333,7.7,9,10,13,123457,36384,Other,Tier 1,Store,0,2026-03-05 14:19:15.683837
55,52792,4.3,1,3,17,44869,67174,Other,Tier 3,Store,0,2026-03-05 14:19:15.683837
41,60807,8.8,4,35,2,12822,73122,Other,Tier 1,Store,0,2026-03-05 14:19:15.683837
22,140266,4.4,10,4,6,86578,138436,Female,Tier 1,Store,0,2026-03-05 14:19:15.683837
69,168373,10.2,1,20,1,98628,149972,Other,Tier 1,Store,0,2026-03-05 14:19:15.683837
51,151213,2.1,8,12,5,15523,38080,Other,Tier 1,Store,0,2026-03-05 14:19:15.683837
23,119292,6.8,7,3,9,50378,92411,Female,Tier 3,Store,0,2026-03-05 14:19:15.683837
39,137984,6.1,7,41,18,131273,88620,Female,Tier 3,Store,0,2026-03-05 14:19:15.683837
28,28777,3.6,2,49,12,53668,5517,Female,Tier 2,Online,1,2026-03-05 14:19:15.683837
65,53346,4.9,10,34,10,55052,119353,Female,Tier 1,Store,0,2026-03-05 14:19:15.683837
33,69703,5.5,6,25,8,113363,42559,Male,Tier 3,Store,0,2026-03-05 14:19:15.683837
50,109977,6.5,8,25,16,117458,90960,Other,Tier 3,Store,0,2026-03-05 14:19:15.683837
26,62819,4.1,8,18,10,124952,42119,Female,Tier 3,Store,0,2026-03-05 14:19:15.683837
77,174541,6.9,5,36,12,11746,36512,Other,Tier 2,Store,0,2026-03-05 14:19:15.683837
76,149917,6.2,8,10,2,120594,119656,Other,Tier 1,Store,0,2026-03-05 14:19:15.683837
23,125186,7.6,2,1,9,94088,78459,Other,Tier 1,Store,0,2026-03-05 14:19:15.683837
33,38290,4.3,4,30,0,5882,94203,Female,Tier 1,Store,0,2026-03-05 14:19:15.683837
46,127551,5.2,10,17,4,149129,23999,Other,Tier 2,Online,1,2026-03-05 14:19:15.683837
20,176771,8.9,2,10,11,102903,60035,Female,Tier 2,Store,0,2026-03-05 14:19:15.683837
37,190324,4.2,5,43,6,104910,108530,Other,Tier 1,Store,0,2026-03-05 14:19:15.683837
77,113682,3.2,3,15,11,60390,140382,Other,Tier 1,Store,0,2026-03-05 14:19:15.683837
76,149365,4.7,6,1,6,63264,25816,Female,Tier 1,Store,0,2026-03-05 14:19:15.683837
53,133017,2.4,7,31,11,40403,69246,Other,Tier 2,Store,0,2026-03-05 14:19:15.683837
36,134496,9.3,6,47,3,146006,84201,Other,Tier 2,Store,0,2026-03-05 14:19:15.683837
43,72089,5.4,2,47,16,87228,106015,Female,Tier 2,Store,0,2026-03-05 14:19:15.683837
20,162680,5.5,2,21,15,86607,126075,Female,Tier 3,Store,0,2026-03-05 14:19:15.683837
36,143713,7.5,4,35,17,26601,99897,Other,Tier 2,Store,0,2026-03-05 14:19:15.683837
37,212345,4.5,7,7,1,86141,51823,Other,Tier 3,Store,0,2026-03-05 14:19:15.683837
49,31619,5.6,8,35,16,11109,112436,Other,Tier 1,Store,0,2026-03-05 14:19:15.683837
24,93006,4.5,5,42,9,143499,141660,Other,Tier 2,Store,0,2026-03-05 14:19:15.683837
69,233980,2.5,10,24,15,47819,93622,Female,Tier 2,Store,0,2026-03-05 14:19:15.683837
58,227725,6.1,1,39,6,32628,15809,Other,Tier 3,Hybrid,0,2026-03-05 14:19:15.683837
50,29779,8.1,9,43,13,47960,99008,Male,Tier 3,Store,0,2026-03-05 14:19:15.683837
57,197112,6.2,8,30,19,81589,74759,Male,Tier 1,Store,0,2026-03-05 14:19:15.683837
56,240902,7.8,1,3,14,96291,88918,Other,Tier 3,Store,0,2026-03-05 14:19:15.683837
35,202397,3.8,9,38,9,84648,116199,Female,Tier 2,Store,0,2026-03-05 14:19:15.683837
57,36630,4.5,5,44,7,123641,125988,Male,Tier 1,Store,0,2026-03-05 14:19:15.683837
18,120575,3.4,8,42,1,146817,87526,Male,Tier 3,Store,0,2026-03-05 14:19:15.683837
28,130436,6.7,10,9,16,37098,147240,Female,Tier 3,Store,0,2026-03-05 14:19:15.683837
45,158250,5.4,10,26,8,72241,924,Other,Tier 2,Online,1,2026-03-05 14:19:15.683837
74,166007,5.3,2,40,8,140823,111294,Male,Tier 1,Store,0,2026-03-05 14:19:15.683837
42,193330,7.3,7,37,14,116750,79546,Other,Tier 1,Store,0,2026-03-05 14:19:15.683837
67,37784,5.1,9,16,12,22647,59711,Other,Tier 2,Store,0,2026-03-05 14:19:15.683837
40,209794,8.2,7,44,8,125179,140087,Other,Tier 3,Store,0,2026-03-05 14:19:15.683837
48,169099,6.5,9,37,3,14801,8970,Other,Tier 3,Online,1,2026-03-05 14:19:15.683837
47,242616,5.3,4,24,8,75470,120099,Female,Tier 1,Store,0,2026-03-05 14:19:15.683837
59,203925,2.9,5,16,8,45488,130223,Male,Tier 2,Store,0,2026-03-05 14:19:15.683837
52,127167,7.3,7,12,14,63903,59445,Male,Tier 2,Store,0,2026-03-05 14:19:15.683837
24,82359,6.6,1,20,10,136310,87242,Male,Tier 1,Store,0,2026-03-05 14:19:15.683837
77,218460,6.7,2,14,12,101540,124326,Female,Tier 2,Store,0,2026-03-05 14:19:15.683837
33,93608,6.7,2,47,16,56409,78185,Female,Tier 1,Store,0,2026-03-05 14:19:15.683837
43,222741,4.9,10,23,0,77002,139744,Other,Tier 3,Store,0,2026-03-05 14:19:15.683837
65,30111,5.7,9,6,2,118086,83304,Female,Tier 3,Store,0,2026-03-05 14:19:15.683837
74,178384,5.1,3,44,2,54060,143441,Other,Tier 1,Store,0,2026-03-05 14:19:15.683837
69,39161,8.5,9,37,14,110181,83802,Other,Tier 2,Store,0,2026-03-05 14:19:15.683837
77,133920,5.4,1,39,4,135582,18503,Female,Tier 1,Hybrid,0,2026-03-05 14:19:15.683837
66,119823,4.8,3,21,3,81701,96067,Male,Tier 3,Store,0,2026-03-05 14:19:15.683837
19,140014,8.6,10,41,0,91426,1124,Male,Tier 1,Online,1,2026-03-05 14:19:15.683837
18,145466,8.4,2,9,3,51755,57042,Other,Tier 1,Store,0,2026-03-05 14:19:15.683837
65,82313,6.5,2,32,7,8836,39981,Other,Tier 3,Store,0,2026-03-05 14:19:15.683837
79,196446,5.7,1,11,6,81424,79757,Male,Tier 1,Store,0,2026-03-05 14:19:15.683837
29,170086,5.2,6,7,0,113195,17196,Female,Tier 2,Hybrid,0,2026-03-05 14:19:15.683837
22,95308,5.9,5,39,4,34523,9632,Other,Tier 2,Online,1,2026-03-05 14:19:15.683837
54,61389,4.3,5,21,12,80291,51945,Female,Tier 2,Store,0,2026-03-05 14:19:15.683837
49,164233,7.0,9,38,11,15349,91360,Female,Tier 3,Store,0,2026-03-05 14:19:15.683837
76,122800,9.3,6,38,7,98068,140888,Female,Tier 1,Store,0,2026-03-05 14:19:15.683837
72,153562,7.1,9,46,16,20522,5129,Other,Tier 1,Online,1,2026-03-05 14:19:15.683837
26,134547,3.8,4,43,1,10514,84237,Male,Tier 3,Store,0,2026-03-05 14:19:15.683837
58,39502,6.9,7,15,17,30221,143012,Female,Tier 1,Store,0,2026-03-05 14:19:15.683837
52,50757,6.4,4,47,8,1247,79671,Male,Tier 1,Store,0,2026-03-05 14:19:15.683837
36,56111,6.9,1,33,8,93395,6905,Female,Tier 2,Online,1,2026-03-05 14:19:15.683837
65,113273,4.4,4,45,12,114468,106476,Other,Tier 3,Store,0,2026-03-05 14:19:15.683837
33,229317,6.0,2,15,17,132911,113334,Female,Tier 2,Store,0,2026-03-05 14:19:15.683837
20,73645,7.8,5,13,16,9509,68103,Female,Tier 1,Store,0,2026-03-05 14:19:15.683837
37,125218,3.9,2,5,6,41581,56047,Male,Tier 1,Store,0,2026-03-05 14:19:15.683837
41,74055,5.1,2,49,6,8367,132323,Male,Tier 3,Store,0,2026-03-05 14:19:15.683837
71,134815,5.4,4,9,18,35176,122212,Female,Tier 2,Store,0,2026-03-05 14:19:15.683837
73,155070,8.0,7,23,1,120994,52921,Female,Tier 2,Store,0,2026-03-05 14:19:15.683837
50,174978,8.3,3,26,15,45557,74867,Male,Tier 3,Store,0,2026-03-05 14:19:15.683837
41,116026,2.2,7,46,1,21995,91551,Other,Tier 3,Store,0,2026-03-05 14:19:15.683837
69,85192,8.0,9,49,14,73168,123916,Female,Tier 1,Store,0,2026-03-05 14:19:15.683837
28,196549,8.4,3,8,15,66342,21220,Female,Tier 3,Store,0,2026-03-05 14:19:15.683837
66,182973,8.2,4,47,15,124957,21378,Male,Tier 2,Store,0,2026-03-05 14:19:15.683837
25,237343,4.9,1,15,5,120077,106585,Male,Tier 1,Store,0,2026-03-05 14:19:15.683837
53,67021,5.5,7,1,10,5545,76174,Other,Tier 2,Store,0,2026-03-05 14:19:15.683837
55,44092,2.9,1,30,8,10813,72664,Other,Tier 3,Store,0,2026-03-05 14:19:15.683837
57,147314,1.8,3,46,17,52788,35085,Female,Tier 1,Store,0,2026-03-05 14:19:15.683837
37,121843,5.3,9,18,5,28343,80893,Other,Tier 1,Store,0,2026-03-05 14:19:15.683837
79,147903,6.2,5,10,3,106282,23990,Male,Tier 3,Online,1,2026-03-05 14:19:15.683837
52,65721,6.4,10,21,17,91379,81114,Male,Tier 3,Store,0,2026-03-05 14:19:15.683837
65,43511,7.6,10,28,1,54084,125392,Female,Tier 1,Store,0,2026-03-05 14:19:15.683837
79,87782,12.0,2,30,12,36654,115000,Other,Tier 3,Store,0,2026-03-05 14:19:15.683837
42,112003,5.2,9,7,0,19399,66542,Male,Tier 1,Store,0,2026-03-05 14:19:15.683837
52,164374,3.9,6,9,8,27674,49080,Male,Tier 1,Store,0,2026-03-05 14:19:15.683837
42,70568,7.1,9,5,13,72031,26643,Male,Tier 2,Store,0,2026-03-05 14:19:15.683837
46,149304,6.4,4,30,3,147473,36415,Female,Tier 3,Store,0,2026-03-05 14:19:15.683837
35,117062,4.9,6,34,3,116153,134234,Male,Tier 2,Store,0,2026-03-05 14:19:15.683837
63,119301,7.8,7,49,19,115320,114455,Female,Tier 2,Store,0,2026-03-05 14:19:15.683837
35,66507,4.4,6,39,14,133527,19626,Other,Tier 1,Store,0,2026-03-05 14:19:15.683837
19,139277,5.7,4,28,14,49534,85305,Female,Tier 3,Store,0,2026-03-05 14:19:15.683837
71,144999,5.9,8,20,12,5469,133727,Female,Tier 2,Store,0,2026-03-05 14:19:15.683837
52,222580,4.1,6,40,13,95114,18816,Female,Tier 2,Online,1,2026-03-05 14:19:15.683837
33,115128,2.6,2,4,0,60790,23205,Male,Tier 3,Store,0,2026-03-05 14:19:15.683837
78,25683,6.4,6,4,0,15333,63698,Male,Tier 3,Store,0,2026-03-05 14:19:15.683837
58,38664,8.7,1,23,0,78253,14589,Other,Tier 3,Online,1,2026-03-05 14:19:15.683837
53,117364,7.9,9,14,14,2079,102170,Male,Tier 2,Store,0,2026-03-05 14:19:15.683837
50,179244,8.1,10,27,0,111336,39258,Female,Tier 2,Store,0,2026-03-05 14:19:15.683837
21,229713,4.4,7,33,5,13388,141430,Female,Tier 2,Store,0,2026-03-05 14:19:15.683837
50,79340,6.4,8,12,6,142147,30182,Male,Tier 3,Store,0,2026-03-05 14:19:15.683837
31,102236,3.2,4,43,1,133715,28128,Female,Tier 2,Online,1,2026-03-05 14:19:15.683837
38,26017,6.3,8,31,8,7736,103203,Female,Tier 1,Store,0,2026-03-05 14:19:15.683837
65,51613,8.8,1,21,3,100349,29811,Other,Tier 2,Store,0,2026-03-05 14:19:15.683837
37,232202,8.8,4,28,17,69182,96909,Other,Tier 3,Store,0,2026-03-05 14:19:15.683837
73,222992,10.1,6,2,14,26063,125070,Other,Tier 2,Store,0,2026-03-05 14:19:15.683837
25,45348,8.0,10,4,7,86851,96574,Male,Tier 3,Store,0,2026-03-05 14:19:15.683837
24,162520,7.0,7,49,6,109712,64622,Female,Tier 3,Store,0,2026-03-05 14:19:15.683837
20,24491,7.7,3,10,7,66933,49756,Male,Tier 2,Store,0,2026-03-05 14:19:15.683837
34,224720,7.4,10,47,12,64585,116712,Other,Tier 1,Store,0,2026-03-05 14:19:15.683837
50,136070,4.4,10,40,2,60888,15455,Other,Tier 2,Online,1,2026-03-05 14:19:15.683837
65,242629,3.0,2,25,5,77154,113739,Other,Tier 3,Store,0,2026-03-05 14:19:15.683837
29,73759,7.8,9,8,6,1459,80060,Male,Tier 1,Store,0,2026-03-05 14:19:15.683837
76,190625,10.2,1,43,4,9848,64009,Male,Tier 3,Store,0,2026-03-05 14:19:15.683837
68,147040,7.8,10,10,17,139726,12254,Female,Tier 3,Online,1,2026-03-05 14:19:15.683837
39,15368,2.2,1,0,14,122150,42856,Male,Tier 2,Store,0,2026-03-05 14:19:15.683837
72,220032,5.0,10,37,1,79990,138614,Female,Tier 3,Store,0,2026-03-05 14:19:15.683837
39,50010,5.6,2,44,19,67283,103775,Male,Tier 2,Store,0,2026-03-05 14:19:15.683837
63,200226,2.3,5,27,9,136457,19917,Female,Tier 3,Online,1,2026-03-05 14:19:15.683837
47,50851,3.2,1,22,3,22221,112762,Other,Tier 3,Store,0,2026-03-05 14:19:15.683837
55,137761,5.9,6,30,11,105504,47758,Female,Tier 3,Store,0,2026-03-05 14:19:15.683837
55,171568,6.5,8,1,14,96648,44106,Female,Tier 3,Store,0,2026-03-05 14:19:15.683837
62,142152,4.0,10,17,10,95838,115400,Other,Tier 1,Store,0,2026-03-05 14:19:15.683837
68,177008,3.2,2,15,13,83706,11840,Female,Tier 2,Store,0,2026-03-05 14:19:15.683837
71,93858,8.4,5,41,6,75993,22163,Male,Tier 1,Online,1,2026-03-05 14:19:15.683837
25,82005,5.2,3,16,13,55134,91207,Male,Tier 2,Store,0,2026-03-05 14:19:15.683837
44,52493,5.5,2,47,7,56942,16092,Female,Tier 1,Online,1,2026-03-05 14:19:15.683837
44,215867,4.9,6,16,13,27422,88979,Other,Tier 1,Store,0,2026-03-05 14:19:15.683837
51,182462,4.5,1,46,5,27149,112424,Male,Tier 3,Store,0,2026-03-05 14:19:15.683837
38,25292,8.6,8,34,17,55103,39394,Other,Tier 3,Store,0,2026-03-05 14:19:15.683837
47,107377,4.2,6,30,13,49517,95068,Other,Tier 1,Store,0,2026-03-05 14:19:15.683837
50,174437,6.4,4,34,7,37104,38735,Other,Tier 3,Store,0,2026-03-05 14:19:15.683837
45,163279,6.0,5,23,3,70181,115263,Other,Tier 3,Store,0,2026-03-05 14:19:15.683837
64,116735,2.1,2,40,11,26986,131789,Male,Tier 2,Store,0,2026-03-05 14:19:15.683837
50,37912,6.5,8,36,4,41750,108484,Male,Tier 2,Store,0,2026-03-05 14:19:15.683837
22,248527,2.9,6,48,12,100151,62129,Female,Tier 2,Store,0,2026-03-05 14:19:15.683837
77,248589,7.3,6,29,18,27557,84349,Other,Tier 2,Store,0,2026-03-05 14:19:15.683837
78,95771,3.6,3,17,11,100405,115523,Male,Tier 1,Store,0,2026-03-05 14:19:15.683837
65,202644,7.0,1,26,17,34406,49347,Female,Tier 2,Store,0,2026-03-05 14:19:15.683837
36,122293,5.1,8,15,5,12987,58241,Male,Tier 1,Store,0,2026-03-05 14:19:15.683837
21,114083,4.7,7,19,5,30446,36710,Male,Tier 3,Store,0,2026-03-05 14:19:15.683837
52,128655,6.4,1,40,16,78492,142092,Female,Tier 3,Store,0,2026-03-05 14:19:15.683837
66,165348,3.1,8,46,15,121775,29876,Male,Tier 1,Store,0,2026-03-05 14:19:15.683837
34,112459,5.9,10,27,11,50963,87619,Female,Tier 3,Store,0,2026-03-05 14:19:15.683837
61,151606,7.6,2,20,4,49378,9044,Female,Tier 1,Online,1,2026-03-05 14:19:15.683837
45,238077,8.1,8,40,13,145990,142537,Male,Tier 3,Store,0,2026-03-05 14:19:15.683837
47,247682,5.1,5,44,15,138914,130018,Other,Tier 3,Store,0,2026-03-05 14:19:15.683837
46,181742,5.4,8,32,4,76497,88015,Other,Tier 1,Store,0,2026-03-05 14:19:15.683837
63,208219,3.0,6,47,7,33340,75941,Female,Tier 1,Store,0,2026-03-05 14:19:15.683837
70,244171,4.5,2,8,6,110725,126707,Other,Tier 1,Store,0,2026-03-05 14:19:15.683837
23,126695,2.9,7,23,12,99427,71285,Other,Tier 3,Store,0,2026-03-05 14:19:15.683837
52,182558,6.9,6,12,2,59664,27010,Other,Tier 2,Store,0,2026-03-05 14:19:15.683837
77,211629,7.7,4,29,13,114982,109599,Male,Tier 2,Store,0,2026-03-05 14:19:15.683837
58,49268,5.1,9,45,16,118417,81501,Female,Tier 1,Store,0,2026-03-05 14:19:15.683837
54,122338,3.9,4,42,6,45282,14099,Other,Tier 2,Hybrid,0,2026-03-05 14:19:15.683837
41,227407,6.6,1,32,8,94254,27321,Male,Tier 2,Store,0,2026-03-05 14:19:15.683837
46,41336,4.3,3,45,9,34834,18452,Male,Tier 3,Online,1,2026-03-05 14:19:15.683837
66,18641,7.3,8,23,9,139492,20700,Male,Tier 2,Online,1,2026-03-05 14:19:15.683837
63,102132,9.9,3,19,12,76084,124021,Female,Tier 3,Store,0,2026-03-05 14:19:15.683837
70,47959,4.2,7,49,9,9734,13255,Female,Tier 1,Online,1,2026-03-05 14:19:15.683837
48,159378,4.5,1,0,5,40834,117094,Male,Tier 2,Store,0,2026-03-05 14:19:15.683837
52,192254,3.1,4,22,13,114999,96553,Male,Tier 2,Store,0,2026-03-05 14:19:15.683837
77,89123,6.3,4,32,4,56566,126605,Male,Tier 2,Store,0,2026-03-05 14:19:15.683837
50,202398,6.2,9,16,12,144030,41589,Female,Tier 3,Store,0,2026-03-05 14:19:15.683837
69,242967,5.5,1,1,7,71720,49236,Other,Tier 2,Store,0,2026-03-05 14:19:15.683837
78,36498,6.0,9,30,8,26937,56719,Female,Tier 1,Store,0,2026-03-05 14:19:15.683837
38,85198,3.9,10,30,19,90098,56834,Male,Tier 2,Store,0,2026-03-05 14:19:15.683837
49,248702,2.7,8,15,9,47200,66629,Male,Tier 1,Store,0,2026-03-05 14:19:15.683837
40,42197,4.5,10,36,0,110181,9178,Other,Tier 2,Online,1,2026-03-05 14:19:15.683837
50,166791,2.2,6,36,4,26108,77722,Other,Tier 3,Store,0,2026-03-05 14:19:15.683837
20,236273,4.2,4,6,19,87333,3007,Female,Tier 2,Hybrid,0,2026-03-05 14:19:15.683837
35,123775,6.6,6,35,3,49064,147201,Other,Tier 3,Store,0,2026-03-05 14:19:15.683837
42,40032,6.1,6,0,0,5968,117308,Male,Tier 2,Store,0,2026-03-05 14:19:15.683837
59,74624,2.5,2,29,18,58785,74785,Male,Tier 1,Store,0,2026-03-05 14:19:15.683837
48,93177,8.1,7,17,18,111955,134939,Female,Tier 1,Store,0,2026-03-05 14:19:15.683837
71,56964,5.6,9,41,14,1259,24750,Other,Tier 2,Store,0,2026-03-05 14:19:15.683837
75,176100,3.4,8,38,10,133201,45325,Other,Tier 3,Store,0,2026-03-05 14:19:15.683837
20,126030,5.3,3,25,4,51535,58371,Female,Tier 3,Store,0,2026-03-05 14:19:15.683837
57,69646,4.8,8,10,2,138957,139125,Other,Tier 1,Store,0,2026-03-05 14:19:15.683837
63,96187,4.3,4,0,16,98885,70852,Female,Tier 1,Store,0,2026-03-05 14:19:15.683837
41,154608,7.6,10,37,15,88935,100402,Male,Tier 1,Store,0,2026-03-05 14:19:15.683837
67,132399,3.8,1,4,7,23494,142220,Female,Tier 3,Store,0,2026-03-05 14:19:15.683837
49,71747,6.4,3,21,19,72022,46518,Other,Tier 3,Store,0,2026-03-05 14:19:15.683837
64,60712,3.3,1,12,2,22587,43993,Other,Tier 2,Store,0,2026-03-05 14:19:15.683837
39,152345,5.9,5,16,11,136676,116566,Male,Tier 1,Store,0,2026-03-05 14:19:15.683837
40,86820,6.5,10,49,7,107854,93174,Female,Tier 3,Store,0,2026-03-05 14:19:15.683837
19,140342,6.5,9,6,14,29016,67214,Female,Tier 2,Store,0,2026-03-05 14:19:15.683837
44,106228,6.2,7,37,10,41629,46100,Female,Tier 2,Store,0,2026-03-05 14:19:15.683837
59,89353,5.5,3,6,12,105851,99656,Female,Tier 2,Store,0,2026-03-05 14:19:15.683837
19,240563,3.9,7,11,7,53421,136149,Female,Tier 3,Store,0,2026-03-05 14:19:15.683837
43,107091,3.9,8,37,12,79459,19723,Female,Tier 2,Hybrid,0,2026-03-05 14:19:15.683837
34,100914,6.6,4,22,15,131795,145021,Other,Tier 2,Store,0,2026-03-05 14:19:15.683837
57,196902,3.5,3,47,17,142534,48783,Male,Tier 3,Store,0,2026-03-05 14:19:15.683837
50,121718,3.0,2,7,15,91095,45405,Male,Tier 1,Store,0,2026-03-05 14:19:15.683837
26,163199,8.9,8,14,12,8599,44450,Female,Tier 2,Store,0,2026-03-05 14:19:15.683837
60,229560,5.5,3,29,13,121859,34048,Male,Tier 2,Store,0,2026-03-05 14:19:15.683837
71,26539,7.3,7,8,7,109897,115262,Male,Tier 2,Store,0,2026-03-05 14:19:15.683837
65,192833,7.7,2,44,19,83409,51517,Other,Tier 1,Store,0,2026-03-05 14:19:15.683837
56,61219,6.1,5,20,1,46222,8464,Male,Tier 3,Online,1,2026-03-05 14:19:15.683837
46,160764,5.2,5,43,19,78901,117471,Male,Tier 3,Store,0,2026-03-05 14:19:15.683837
59,229728,5.3,9,13,7,73630,109505,Other,Tier 3,Store,0,2026-03-05 14:19:15.683837
72,28334,9.2,8,7,5,26250,99660,Female,Tier 1,Store,0,2026-03-05 14:19:15.683837
43,174687,4.9,8,46,12,77850,47738,Male,Tier 3,Store,0,2026-03-05 14:19:15.683837
52,22903,6.4,10,35,2,81756,143547,Female,Tier 3,Store,0,2026-03-05 14:19:15.683837
67,174599,7.4,2,8,6,88492,143192,Other,Tier 3,Store,0,2026-03-05 14:19:15.683837
42,161701,6.5,2,25,5,20130,81901,Male,Tier 1,Store,0,2026-03-05 14:19:15.683837
41,73008,8.2,10,19,4,71441,137536,Male,Tier 2,Store,0,2026-03-05 14:19:15.683837
30,229348,5.2,7,37,15,136767,31770,Male,Tier 1,Store,0,2026-03-05 14:19:15.683837
77,114318,7.3,4,5,2,114739,7055,Other,Tier 2,Online,1,2026-03-05 14:19:15.683837
75,172780,2.4,3,33,4,48431,36012,Other,Tier 2,Store,0,2026-03-05 14:19:15.683837
24,156932,8.7,3,22,2,5017,67513,Male,Tier 2,Store,0,2026-03-05 14:19:15.683837
74,163510,8.2,7,38,14,129456,84610,Male,Tier 2,Store,0,2026-03-05 14:19:15.683837
53,82300,5.4,1,32,1,36563,135382,Female,Tier 2,Store,0,2026-03-05 14:19:15.683837
62,144263,6.9,4,20,14,106533,59816,Female,Tier 1,Store,0,2026-03-05 14:19:15.683837
37,217617,7.8,6,40,12,98566,61682,Other,Tier 2,Store,0,2026-03-05 14:19:15.683837
18,35842,3.9,9,25,1,74040,138543,Female,Tier 3,Store,0,2026-03-05 14:19:15.683837
25,206285,5.7,1,4,17,57505,84021,Female,Tier 2,Store,0,2026-03-05 14:19:15.683837
63,57372,3.4,1,8,9,99122,68510,Female,Tier 3,Store,0,2026-03-05 14:19:15.683837
33,129316,8.3,2,44,3,55974,146709,Male,Tier 2,Store,0,2026-03-05 14:19:15.683837
31,113971,7.6,7,32,1,120531,117647,Male,Tier 3,Store,0,2026-03-05 14:19:15.683837
29,214978,5.4,7,24,19,23667,44280,Female,Tier 1,Store,0,2026-03-05 14:19:15.683837
68,53744,5.2,5,46,13,148981,52739,Male,Tier 2,Store,0,2026-03-05 14:19:15.683837
40,131082,5.7,4,16,2,2988,99097,Male,Tier 3,Store,0,2026-03-05 14:19:15.683837
32,72442,4.2,10,39,11,45705,111325,Female,Tier 2,Store,0,2026-03-05 14:19:15.683837
45,144070,5.7,6,46,4,132659,66646,Female,Tier 2,Store,0,2026-03-05 14:19:15.683837
51,100990,3.9,8,18,1,122948,9121,Other,Tier 1,Online,1,2026-03-05 14:19:15.683837
19,136670,7.8,7,10,13,97690,111775,Female,Tier 2,Store,0,2026-03-05 14:19:15.683837
49,121917,8.3,2,7,4,17482,98040,Male,Tier 1,Store,0,2026-03-05 14:19:15.683837
40,249975,7.9,2,5,6,44093,97953,Male,Tier 3,Store,0,2026-03-05 14:19:15.683837
39,18650,3.6,6,5,14,90032,106727,Other,Tier 2,Store,0,2026-03-05 14:19:15.683837
68,60117,5.6,1,7,18,144815,101098,Female,Tier 1,Store,0,2026-03-05 14:19:15.683837
42,106244,7.2,5,23,18,30641,76084,Female,Tier 2,Store,0,2026-03-05 14:19:15.683837
75,198844,7.5,1,18,16,144923,18704,Other,Tier 1,Store,0,2026-03-05 14:19:15.683837
79,18190,2.3,7,40,15,139415,34293,Other,Tier 2,Store,0,2026-03-05 14:19:15.683837
78,63113,7.5,3,26,7,145562,124210,Female,Tier 1,Store,0,2026-03-05 14:19:15.683837
39,154861,3.5,9,19,12,25194,130199,Male,Tier 1,Store,0,2026-03-05 14:19:15.683837
75,47125,5.7,5,23,10,126351,64665,Male,Tier 3,Store,0,2026-03-05 14:19:15.683837
75,244767,8.5,1,37,0,27115,136421,Other,Tier 3,Store,0,2026-03-05 14:19:15.683837
39,145000,8.2,10,4,17,66963,88139,Male,Tier 2,Store,0,2026-03-05 14:19:15.683837
66,163531,8.7,4,15,6,84258,84731,Other,Tier 1,Store,0,2026-03-05 14:19:15.683837
69,181490,3.9,8,38,19,14027,58383,Female,Tier 2,Store,0,2026-03-05 14:19:15.683837
59,126904,4.4,7,32,2,39304,23927,Other,Tier 1,Online,1,2026-03-05 14:19:15.683837
23,193157,4.9,6,9,19,137542,128409,Female,Tier 3,Store,0,2026-03-05 14:19:15.683837
32,33768,5.7,9,4,15,82579,42565,Male,Tier 1,Store,0,2026-03-05 14:19:15.683837
71,196033,6.4,4,18,3,51477,17843,Other,Tier 2,Store,0,2026-03-05 14:19:15.683837
60,96099,8.6,10,40,12,78759,7394,Male,Tier 1,Online,1,2026-03-05 14:19:15.683837
77,173957,4.1,1,20,0,21317,90476,Female,Tier 2,Store,0,2026-03-05 14:19:15.683837
54,102421,4.7,10,2,0,74494,22331,Other,Tier 3,Hybrid,0,2026-03-05 14:19:15.683837
50,207154,8.8,6,27,11,54078,145330,Male,Tier 2,Store,0,2026-03-05 14:19:15.683837
25,21895,3.7,4,40,12,52549,103776,Female,Tier 1,Store,0,2026-03-05 14:19:15.683837
70,196383,7.5,1,18,6,119028,15254,Female,Tier 1,Hybrid,0,2026-03-05 14:19:15.683837
77,235566,5.8,10,15,2,116252,8644,Other,Tier 1,Online,1,2026-03-05 14:19:15.683837
61,213139,6.8,3,1,3,4969,118038,Other,Tier 1,Store,0,2026-03-05 14:19:15.683837
61,86017,4.4,1,7,0,102852,66727,Other,Tier 3,Store,0,2026-03-05 14:19:15.683837
22,38932,7.4,5,45,17,95359,140677,Male,Tier 3,Store,0,2026-03-05 14:19:15.683837
56,36360,4.7,8,37,4,89268,12127,Female,Tier 1,Online,1,2026-03-05 14:19:15.683837
21,69847,3.2,2,11,19,14946,775,Other,Tier 2,Store,0,2026-03-05 14:19:15.683837
23,105365,7.0,6,23,10,82257,128098,Female,Tier 3,Store,0,2026-03-05 14:19:15.683837
62,100468,1.0,6,0,2,131274,134318,Other,Tier 1,Store,0,2026-03-05 14:19:15.683837
49,53931,4.9,5,17,17,122926,126775,Other,Tier 1,Store,0,2026-03-05 14:19:15.683837
69,70823,6.6,7,22,16,98363,53389,Other,Tier 1,Store,0,2026-03-05 14:19:15.683837
47,53032,7.5,1,38,13,31236,66304,Female,Tier 2,Store,0,2026-03-05 14:19:15.683837
64,227498,8.5,10,26,0,132729,99720,Male,Tier 2,Store,0,2026-03-05 14:19:15.683837
52,33807,9.6,4,43,16,101423,60370,Male,Tier 2,Store,0,2026-03-05 14:19:15.683837
72,157839,8.9,6,43,6,1835,87528,Other,Tier 3,Store,0,2026-03-05 14:19:15.683837
57,154143,6.4,4,5,15,49845,82401,Female,Tier 1,Store,0,2026-03-05 14:19:15.683837
69,68413,8.3,6,27,0,102770,86698,Male,Tier 1,Store,0,2026-03-05 14:19:15.683837
33,172221,6.4,2,22,14,114787,126790,Other,Tier 3,Store,0,2026-03-05 14:19:15.683837
30,30540,7.4,9,33,1,130711,30164,Other,Tier 2,Store,0,2026-03-05 14:19:15.683837
67,247284,4.8,4,24,1,57355,102666,Other,Tier 2,Store,0,2026-03-05 14:19:15.683837
77,85248,6.9,5,10,4,88521,22713,Other,Tier 2,Store,0,2026-03-05 14:19:15.683837
59,237809,5.1,7,47,3,130428,55309,Male,Tier 1,Store,0,2026-03-05 14:19:15.683837
47,125494,5.7,8,0,2,22189,13375,Male,Tier 1,Online,1,2026-03-05 14:19:15.683837
36,100435,6.9,1,37,7,68132,77413,Female,Tier 3,Store,0,2026-03-05 14:19:15.683837
34,34787,10.2,7,9,13,76501,149798,Male,Tier 3,Store,0,2026-03-05 14:19:15.683837
73,35982,6.8,10,8,5,128680,27469,Male,Tier 1,Hybrid,0,2026-03-05 14:19:15.683837
36,37606,6.0,9,25,10,72102,91288,Other,Tier 2,Store,0,2026-03-05 14:19:15.683837
45,156222,4.3,2,9,4,116810,77788,Male,Tier 1,Store,0,2026-03-05 14:19:15.683837
75,232001,7.8,2,17,4,143972,93723,Female,Tier 1,Store,0,2026-03-05 14:19:15.683837
72,248867,5.3,4,49,13,92394,77582,Male,Tier 2,Store,0,2026-03-05 14:19:15.683837
43,127223,6.7,1,8,16,119501,38319,Male,Tier 1,Store,0,2026-03-05 14:19:15.683837
54,61936,7.4,9,44,18,19707,118883,Other,Tier 3,Store,0,2026-03-05 14:19:15.683837
43,108286,8.5,5,25,10,144353,134439,Other,Tier 1,Store,0,2026-03-05 14:19:15.683837
70,154665,7.7,3,41,6,1919,80552,Female,Tier 2,Store,0,2026-03-05 14:19:15.683837
79,163430,3.6,6,8,12,74836,107731,Male,Tier 3,Store,0,2026-03-05 14:19:15.683837
40,228215,2.6,7,35,18,26592,24262,Male,Tier 2,Store,0,2026-03-05 14:19:15.683837
26,52381,7.4,4,14,17,65331,50619,Male,Tier 3,Store,0,2026-03-05 14:19:15.683837
29,136465,6.2,2,23,15,34666,58774,Other,Tier 2,Store,0,2026-03-05 14:19:15.683837
70,236419,6.8,5,39,11,124045,12836,Other,Tier 1,Store,0,2026-03-05 14:19:15.683837
18,43074,9.4,7,1,14,12876,102017,Male,Tier 3,Store,0,2026-03-05 14:19:15.683837
75,166667,4.8,10,3,0,6166,71342,Male,Tier 3,Store,0,2026-03-05 14:19:15.683837
75,59194,8.6,10,37,10,131166,126546,Other,Tier 3,Store,0,2026-03-05 14:19:15.683837
18,195449,4.8,3,30,6,78672,2579,Female,Tier 1,Online,1,2026-03-05 14:19:15.683837
64,41853,9.1,2,19,15,130981,44235,Other,Tier 1,Store,0,2026-03-05 14:19:15.683837
51,88719,7.5,2,38,8,25309,107913,Female,Tier 2,Store,0,2026-03-05 14:19:15.683837
49,166733,3.0,4,44,19,85327,64048,Other,Tier 1,Store,0,2026-03-05 14:19:15.683837
79,196565,5.2,4,25,8,83099,124948,Male,Tier 2,Store,0,2026-03-05 14:19:15.683837
71,133724,9.8,5,4,11,73806,77094,Male,Tier 3,Store,0,2026-03-05 14:19:15.683837
65,182567,9.6,3,3,18,128566,85634,Female,Tier 3,Store,0,2026-03-05 14:19:15.683837
42,28703,7.2,1,21,13,25045,32502,Other,Tier 2,Store,0,2026-03-05 14:19:15.683837
57,199152,6.7,4,5,11,87315,116908,Other,Tier 2,Store,0,2026-03-05 14:19:15.683837
62,176887,6.5,1,36,8,107403,67371,Male,Tier 2,Store,0,2026-03-05 14:19:15.683837
70,175637,6.9,8,30,11,110038,123441,Male,Tier 1,Store,0,2026-03-05 14:19:15.683837
18,209393,5.7,5,4,12,82515,90373,Other,Tier 2,Store,0,2026-03-05 14:19:15.683837
33,132491,8.4,2,6,4,102440,116539,Female,Tier 3,Store,0,2026-03-05 14:19:15.683837
78,73453,7.2,5,4,4,100719,98219,Male,Tier 3,Store,0,2026-03-05 14:19:15.683837
56,103478,4.1,5,3,8,74114,65699,Male,Tier 3,Store,0,2026-03-05 14:19:15.683837
22,48161,7.3,1,26,18,70040,14200,Other,Tier 3,Store,0,2026-03-05 14:19:15.683837
39,202063,6.3,5,8,19,57228,144352,Other,Tier 3,Store,0,2026-03-05 14:19:15.683837
46,129296,5.4,8,36,5,100424,3201,Other,Tier 2,Online,1,2026-03-05 14:19:15.683837
72,155788,9.8,10,1,7,51754,65308,Other,Tier 2,Store,0,2026-03-05 14:19:15.683837
20,48349,6.2,2,48,17,108026,36527,Other,Tier 3,Store,0,2026-03-05 14:19:15.683837
29,62098,2.1,8,18,12,91896,114469,Other,Tier 1,Store,0,2026-03-05 14:19:15.683837
43,123435,5.5,8,38,15,98630,91700,Other,Tier 2,Store,0,2026-03-05 14:19:15.683837
33,146204,8.0,1,16,19,87226,127694,Male,Tier 3,Store,0,2026-03-05 14:19:15.683837
68,66990,4.1,4,16,4,16439,58373,Female,Tier 3,Store,0,2026-03-05 14:19:15.683837
54,83921,7.9,5,47,10,56825,17820,Other,Tier 2,Online,1,2026-03-05 14:19:15.683837
39,182610,4.0,10,39,16,43375,118892,Other,Tier 2,Store,0,2026-03-05 14:19:15.683837
74,115572,8.7,8,49,9,147837,103481,Female,Tier 2,Store,0,2026-03-05 14:19:15.683837
46,245351,4.9,3,23,6,15653,53926,Other,Tier 1,Store,0,2026-03-05 14:19:15.683837
31,22213,5.3,1,12,10,75759,20503,Other,Tier 3,Store,0,2026-03-05 14:19:15.683837
45,139693,5.1,7,27,7,76673,47480,Female,Tier 1,Store,0,2026-03-05 14:19:15.683837
22,190295,7.2,4,45,18,100825,79618,Female,Tier 3,Store,0,2026-03-05 14:19:15.683837
64,106655,9.7,10,49,4,138810,82541,Other,Tier 2,Store,0,2026-03-05 14:19:15.683837
66,83371,6.0,5,44,15,41172,82044,Female,Tier 1,Store,0,2026-03-05 14:19:15.683837
47,83274,6.0,6,41,0,129529,11220,Male,Tier 1,Online,1,2026-03-05 14:19:15.683837
63,122853,4.9,4,13,18,82839,95684,Male,Tier 2,Store,0,2026-03-05 14:19:15.683837
79,19134,2.7,1,22,9,16446,19815,Female,Tier 1,Store,0,2026-03-05 14:19:15.683837
69,106428,5.1,8,22,13,50218,55452,Male,Tier 3,Store,0,2026-03-05 14:19:15.683837
22,54601,3.5,9,9,16,44565,53424,Male,Tier 3,Store,0,2026-03-05 14:19:15.683837
29,88889,2.2,3,37,12,36154,14526,Other,Tier 1,Store,0,2026-03-05 14:19:15.683837
33,30690,5.8,10,48,15,18821,107748,Female,Tier 1,Store,0,2026-03-05 14:19:15.683837
43,16909,4.9,4,16,18,128036,89837,Male,Tier 1,Store,0,2026-03-05 14:19:15.683837
43,106239,8.8,5,26,11,75344,64301,Female,Tier 3,Store,0,2026-03-05 14:19:15.683837
65,95032,4.3,10,10,15,108929,108957,Male,Tier 1,Store,0,2026-03-05 14:19:15.683837
38,27062,7.3,9,18,16,45315,116659,Female,Tier 1,Store,0,2026-03-05 14:19:15.683837
56,90386,7.3,5,44,14,22157,98156,Male,Tier 1,Store,0,2026-03-05 14:19:15.683837
53,239309,8.7,7,43,6,92776,108104,Male,Tier 3,Store,0,2026-03-05 14:19:15.683837
50,180803,5.6,3,43,18,75246,32058,Other,Tier 1,Store,0,2026-03-05 14:19:15.683837
79,151225,8.6,1,26,4,12070,43913,Male,Tier 1,Store,0,2026-03-05 14:19:15.683837
47,156553,7.1,6,35,14,124908,132964,Male,Tier 3,Store,0,2026-03-05 14:19:15.683837
54,114270,8.3,10,15,14,136019,53459,Other,Tier 3,Store,0,2026-03-05 14:19:15.683837
40,81425,10.8,1,22,0,11597,71362,Other,Tier 1,Store,0,2026-03-05 14:19:15.683837
75,209672,5.8,6,32,14,122674,149867,Male,Tier 3,Store,0,2026-03-05 14:19:15.683837
27,99981,6.3,8,21,2,23934,139418,Female,Tier 3,Store,0,2026-03-05 14:19:15.683837
71,218069,5.3,9,13,19,124039,16737,Female,Tier 3,Hybrid,0,2026-03-05 14:19:15.683837
22,119470,9.1,8,12,19,18325,44872,Female,Tier 3,Store,0,2026-03-05 14:19:15.683837
53,174277,11.2,5,21,14,127151,78040,Female,Tier 1,Store,0,2026-03-05 14:19:15.683837
51,103887,7.5,7,6,7,104788,115740,Other,Tier 2,Store,0,2026-03-05 14:19:15.683837
69,96542,2.8,6,37,19,103213,106969,Male,Tier 3,Store,0,2026-03-05 14:19:15.683837
48,190221,4.2,9,0,9,129182,75934,Male,Tier 1,Store,0,2026-03-05 14:19:15.683837
27,64112,8.3,4,32,13,14007,60019,Female,Tier 1,Store,0,2026-03-05 14:19:15.683837
75,157012,3.7,8,21,2,137257,82867,Male,Tier 2,Store,0,2026-03-05 14:19:15.683837
36,74010,4.8,9,22,8,78437,85625,Other,Tier 3,Store,0,2026-03-05 14:19:15.683837
75,222866,4.7,7,14,19,82863,37173,Female,Tier 3,Store,0,2026-03-05 14:19:15.683837
49,39485,5.8,7,43,9,67838,99698,Other,Tier 1,Store,0,2026-03-05 14:19:15.683837
18,104299,6.5,2,14,1,54793,43260,Other,Tier 3,Store,0,2026-03-05 14:19:15.683837
73,120584,2.2,9,30,17,116215,12020,Female,Tier 2,Online,1,2026-03-05 14:19:15.683837
22,147139,2.9,5,27,0,125469,84482,Other,Tier 1,Store,0,2026-03-05 14:19:15.683837
62,35607,3.0,10,2,10,54303,22666,Other,Tier 2,Online,1,2026-03-05 14:19:15.683837
21,76597,3.2,3,41,4,26687,143236,Male,Tier 2,Store,0,2026-03-05 14:19:15.683837
33,89554,6.0,4,24,3,17748,57133,Male,Tier 1,Store,0,2026-03-05 14:19:15.683837
41,194593,6.4,10,32,0,69523,65338,Female,Tier 1,Store,0,2026-03-05 14:19:15.683837
33,30187,8.0,2,32,3,83513,126555,Other,Tier 3,Store,0,2026-03-05 14:19:15.683837
72,248983,7.1,3,22,0,76382,26294,Female,Tier 1,Hybrid,0,2026-03-05 14:19:15.683837
19,18985,4.8,6,27,14,138201,113064,Female,Tier 3,Store,0,2026-03-05 14:19:15.683837
66,189124,6.5,1,15,18,110683,118854,Other,Tier 1,Store,0,2026-03-05 14:19:15.683837
45,165635,8.1,2,36,1,79461,130301,Female,Tier 3,Store,0,2026-03-05 14:19:15.683837
49,193394,5.5,4,4,13,23029,126250,Female,Tier 2,Store,0,2026-03-05 14:19:15.683837
44,248914,5.4,1,42,2,125828,55453,Male,Tier 3,Store,0,2026-03-05 14:19:15.683837
37,207317,4.1,6,10,3,41157,38106,Other,Tier 2,Store,0,2026-03-05 14:19:15.683837
41,66514,4.4,4,11,0,68699,56691,Male,Tier 3,Store,0,2026-03-05 14:19:15.683837
29,33608,7.4,2,20,10,65067,112906,Male,Tier 3,Store,0,2026-03-05 14:19:15.683837
67,213334,6.0,10,17,19,34066,83914,Male,Tier 1,Store,0,2026-03-05 14:19:15.683837
52,238190,9.9,4,13,17,109830,87415,Male,Tier 2,Store,0,2026-03-05 14:19:15.683837
77,86327,4.6,8,32,15,14128,26077,Female,Tier 2,Store,0,2026-03-05 14:19:15.683837
50,203297,7.5,6,20,14,137028,143062,Male,Tier 1,Store,0,2026-03-05 14:19:15.683837
50,220066,6.8,1,25,16,13131,75452,Other,Tier 1,Store,0,2026-03-05 14:19:15.683837
78,32221,5.8,5,24,1,103224,39358,Male,Tier 3,Store,0,2026-03-05 14:19:15.683837
68,63506,5.1,6,39,0,89448,35380,Male,Tier 1,Store,0,2026-03-05 14:19:15.683837
60,35968,7.2,4,24,13,59682,126439,Female,Tier 3,Store,0,2026-03-05 14:19:15.683837
54,142677,7.1,4,34,13,11804,94333,Other,Tier 2,Store,0,2026-03-05 14:19:15.683837
29,228678,6.4,3,49,17,37748,70897,Other,Tier 1,Store,0,2026-03-05 14:19:15.683837
20,174009,6.9,10,19,18,78858,73058,Male,Tier 2,Store,0,2026-03-05 14:19:15.683837
18,208507,6.1,10,1,5,78025,102354,Female,Tier 3,Store,0,2026-03-05 14:19:15.683837
50,195580,2.7,6,40,3,129851,88674,Female,Tier 1,Store,0,2026-03-05 14:19:15.683837
57,187903,6.2,9,11,7,62113,122895,Female,Tier 3,Store,0,2026-03-05 14:19:15.683837
27,189005,5.5,7,31,12,31167,94567,Female,Tier 1,Store,0,2026-03-05 14:19:15.683837
60,193379,9.9,9,42,19,106057,69587,Male,Tier 2,Store,0,2026-03-05 14:19:15.683837
61,194412,7.3,6,32,6,86530,149124,Other,Tier 1,Store,0,2026-03-05 14:19:15.683837
46,117951,6.4,2,47,9,28591,132971,Male,Tier 1,Store,0,2026-03-05 14:19:15.683837
30,123306,6.9,6,30,17,130443,111512,Other,Tier 2,Store,0,2026-03-05 14:19:15.683837
29,232410,4.0,7,32,0,54568,22449,Female,Tier 3,Online,1,2026-03-05 14:19:15.683837
48,58601,4.8,2,19,4,149493,18578,Female,Tier 2,Store,0,2026-03-05 14:19:15.683837
63,222028,5.3,1,40,1,12615,137935,Other,Tier 3,Store,0,2026-03-05 14:19:15.683837
19,87178,6.8,6,36,10,117152,93071,Other,Tier 1,Store,0,2026-03-05 14:19:15.683837
78,231383,5.1,8,36,15,37517,87504,Female,Tier 2,Store,0,2026-03-05 14:19:15.683837
68,174826,5.0,6,39,6,57154,117107,Female,Tier 1,Store,0,2026-03-05 14:19:15.683837
67,189382,3.9,8,13,13,94301,15062,Female,Tier 2,Store,0,2026-03-05 14:19:15.683837
52,84893,6.1,6,35,0,55591,2575,Female,Tier 1,Online,1,2026-03-05 14:19:15.683837
40,101799,6.3,6,11,11,27061,41055,Female,Tier 2,Store,0,2026-03-05 14:19:15.683837
34,63367,6.9,8,25,10,61477,90390,Other,Tier 1,Store,0,2026-03-05 14:19:15.683837
43,28201,4.6,3,33,16,55508,124776,Other,Tier 1,Store,0,2026-03-05 14:19:15.683837
25,148811,6.7,3,5,11,2941,143358,Other,Tier 3,Store,0,2026-03-05 14:19:15.683837
46,28231,3.9,6,45,16,75491,84683,Female,Tier 1,Store,0,2026-03-05 14:19:15.683837
43,188567,5.6,4,12,17,97453,47385,Female,Tier 1,Store,0,2026-03-05 14:19:15.683837
27,167240,6.6,7,21,15,149192,96618,Other,Tier 3,Store,0,2026-03-05 14:19:15.683837
43,178696,5.5,7,34,0,133030,20398,Male,Tier 2,Hybrid,0,2026-03-05 14:19:15.683837
79,156707,2.9,9,18,4,29507,85664,Male,Tier 3,Store,0,2026-03-05 14:19:15.683837
51,24964,3.1,2,36,4,116171,78215,Other,Tier 3,Store,0,2026-03-05 14:19:15.683837
68,173857,6.4,2,22,15,146093,119168,Male,Tier 3,Store,0,2026-03-05 14:19:15.683837
58,241118,7.2,6,49,18,128778,17902,Other,Tier 1,Online,1,2026-03-05 14:19:15.683837
24,228869,6.7,9,31,1,138737,88561,Other,Tier 1,Store,0,2026-03-05 14:19:15.683837
21,230862,7.2,7,43,6,119954,65663,Other,Tier 3,Store,0,2026-03-05 14:19:15.683837
75,223000,5.4,6,10,15,55517,81131,Other,Tier 2,Store,0,2026-03-05 14:19:15.683837
70,27336,7.5,5,3,2,79392,46917,Male,Tier 2,Store,0,2026-03-05 14:19:15.683837
67,92475,6.7,8,11,17,114720,63452,Other,Tier 1,Store,0,2026-03-05 14:19:15.683837
62,173484,4.7,2,38,9,20911,89789,Male,Tier 3,Store,0,2026-03-05 14:19:15.683837
28,97212,7.0,3,29,1,128744,132203,Female,Tier 1,Store,0,2026-03-05 14:19:15.683837
46,90379,6.6,6,9,18,61667,30451,Male,Tier 2,Store,0,2026-03-05 14:19:15.683837
73,60591,9.3,1,23,14,72883,86756,Female,Tier 2,Store,0,2026-03-05 14:19:15.683837
53,76750,8.8,8,22,15,129328,48006,Other,Tier 3,Store,0,2026-03-05 14:19:15.683837
42,105648,5.8,9,0,7,25150,4255,Female,Tier 2,Online,1,2026-03-05 14:19:15.683837
38,111134,5.2,2,47,7,117755,120095,Other,Tier 2,Store,0,2026-03-05 14:19:15.683837
78,181526,9.1,9,3,16,63995,148757,Female,Tier 3,Store,0,2026-03-05 14:19:15.683837
74,113537,7.1,5,27,13,130028,23848,Female,Tier 3,Store,0,2026-03-05 14:19:15.683837
53,77672,5.7,8,43,17,35367,120054,Other,Tier 2,Store,0,2026-03-05 14:19:15.683837
27,42228,2.0,1,44,15,65481,60130,Other,Tier 2,Store,0,2026-03-05 14:19:15.683837
54,29429,4.5,1,2,5,80891,102063,Other,Tier 1,Store,0,2026-03-05 14:19:15.683837
26,99294,4.3,4,47,16,105265,77217,Male,Tier 2,Store,0,2026-03-05 14:19:15.683837
41,213880,5.7,1,1,18,23681,78338,Male,Tier 2,Store,0,2026-03-05 14:19:15.683837
52,228958,7.2,1,40,3,136014,85590,Female,Tier 1,Store,0,2026-03-05 14:19:15.683837
66,130577,7.5,5,5,6,91555,2931,Male,Tier 1,Online,1,2026-03-05 14:19:15.683837
52,199087,9.0,2,41,17,61924,8954,Other,Tier 3,Online,1,2026-03-05 14:19:15.683837
65,103074,7.9,4,16,7,77386,73392,Other,Tier 1,Store,0,2026-03-05 14:19:15.683837
53,83936,3.4,8,36,17,88191,142102,Other,Tier 3,Store,0,2026-03-05 14:19:15.683837
35,226979,8.1,6,43,18,136499,118436,Other,Tier 3,Store,0,2026-03-05 14:19:15.683837
66,72378,9.5,2,22,18,8679,129520,Other,Tier 3,Store,0,2026-03-05 14:19:15.683837
56,52310,9.4,3,39,5,79471,62101,Other,Tier 3,Store,0,2026-03-05 14:19:15.683837
49,116827,3.6,2,20,11,85627,68575,Other,Tier 1,Store,0,2026-03-05 14:19:15.683837
41,229755,5.6,4,43,5,11632,100449,Female,Tier 2,Store,0,2026-03-05 14:19:15.683837
40,214899,7.9,5,30,13,63160,15539,Male,Tier 2,Store,0,2026-03-05 14:19:15.683837
79,181328,3.7,9,11,16,133316,74968,Male,Tier 1,Store,0,2026-03-05 14:19:15.683837
49,222500,2.6,7,28,11,130966,86413,Other,Tier 1,Store,0,2026-03-05 14:19:15.683837
54,114862,6.6,8,41,1,89666,129823,Other,Tier 3,Store,0,2026-03-05 14:19:15.683837
29,249066,4.6,7,12,12,91519,148189,Female,Tier 2,Store,0,2026-03-05 14:19:15.683837
66,53889,2.7,10,25,4,13917,73338,Other,Tier 2,Store,0,2026-03-05 14:19:15.683837
72,66428,8.5,8,32,5,142435,104919,Other,Tier 1,Store,0,2026-03-05 14:19:15.683837
30,125502,6.3,5,33,0,7270,75592,Female,Tier 1,Store,0,2026-03-05 14:19:15.683837
40,183279,5.0,3,19,7,15414,35010,Other,Tier 2,Store,0,2026-03-05 14:19:15.683837
42,65255,4.1,7,46,8,127101,105452,Other,Tier 3,Store,0,2026-03-05 14:19:15.683837
52,120824,6.3,1,9,11,46210,73088,Female,Tier 2,Store,0,2026-03-05 14:19:15.683837
58,237603,7.0,3,0,9,57194,83399,Other,Tier 3,Store,0,2026-03-05 14:19:15.683837
47,20409,6.7,7,28,2,127666,76518,Male,Tier 1,Store,0,2026-03-05 14:19:15.683837
34,57438,3.0,4,21,9,72314,69205,Male,Tier 3,Store,0,2026-03-05 14:19:15.683837
66,241431,7.0,7,49,13,126818,21837,Male,Tier 3,Online,1,2026-03-05 14:19:15.683837
79,22869,7.4,10,0,4,88653,2389,Other,Tier 1,Online,1,2026-03-05 14:19:15.683837
37,247332,5.3,10,43,4,5243,21510,Female,Tier 3,Online,1,2026-03-05 14:19:15.683837
65,202934,8.1,6,7,12,136465,64786,Female,Tier 3,Store,0,2026-03-05 14:19:15.683837
42,234009,4.3,4,8,16,46407,132330,Male,Tier 1,Store,0,2026-03-05 14:19:15.683837
39,40958,8.6,7,22,9,140457,90654,Female,Tier 1,Store,0,2026-03-05 14:19:15.683837
30,222374,6.3,8,19,1,94418,5361,Female,Tier 1,Online,1,2026-03-05 14:19:15.683837
76,165840,5.0,8,33,14,31475,107765,Other,Tier 1,Store,0,2026-03-05 14:19:15.683837
36,242402,5.4,7,15,12,126096,26889,Female,Tier 3,Store,0,2026-03-05 14:19:15.683837
66,172217,8.0,2,21,4,146600,127812,Other,Tier 1,Store,0,2026-03-05 14:19:15.683837
53,90622,6.5,8,45,16,132305,114763,Male,Tier 2,Store,0,2026-03-05 14:19:15.683837
29,41442,7.3,5,22,4,88594,26889,Other,Tier 2,Store,0,2026-03-05 14:19:15.683837
78,96948,8.1,9,0,13,119287,94427,Male,Tier 1,Store,0,2026-03-05 14:19:15.683837
58,40596,4.9,6,13,9,145296,75062,Female,Tier 2,Store,0,2026-03-05 14:19:15.683837
36,90791,6.3,4,48,14,62239,107038,Male,Tier 1,Store,0,2026-03-05 14:19:15.683837
29,57406,5.6,9,22,1,87633,82034,Other,Tier 1,Store,0,2026-03-05 14:19:15.683837
26,55524,8.0,1,37,18,64370,64519,Male,Tier 1,Store,0,2026-03-05 14:19:15.683837
24,169404,5.2,4,39,4,13290,39946,Female,Tier 3,Store,0,2026-03-05 14:19:15.683837
45,125160,6.1,5,49,5,21887,104538,Female,Tier 3,Store,0,2026-03-05 14:19:15.683837
31,161836,10.6,4,7,12,66926,59441,Female,Tier 1,Store,0,2026-03-05 14:19:15.683837
48,173635,8.6,9,31,7,72377,62438,Other,Tier 2,Store,0,2026-03-05 14:19:15.683837
69,233747,3.9,1,39,12,106590,56369,Other,Tier 3,Store,0,2026-03-05 14:19:15.683837
36,182442,7.8,3,1,13,134038,107432,Male,Tier 3,Store,0,2026-03-05 14:19:15.683837
75,20062,7.4,9,47,15,28733,45872,Male,Tier 1,Store,0,2026-03-05 14:19:15.683837
64,59645,3.8,7,12,0,16195,125992,Other,Tier 2,Store,0,2026-03-05 14:19:15.683837
33,137759,5.8,5,26,4,111139,55167,Female,Tier 1,Store,0,2026-03-05 14:19:15.683837
70,22244,4.1,6,45,7,120777,135279,Female,Tier 1,Store,0,2026-03-05 14:19:15.683837
22,152444,1.2,4,6,1,54694,60423,Other,Tier 3,Store,0,2026-03-05 14:19:15.683837
52,100501,5.7,5,2,19,146842,32271,Female,Tier 1,Store,0,2026-03-05 14:19:15.683837
29,132450,5.0,8,20,2,79728,36262,Male,Tier 1,Hybrid,0,2026-03-05 14:19:15.683837
42,210543,3.8,5,7,1,7171,59035,Male,Tier 2,Store,0,2026-03-05 14:19:15.683837
69,31956,6.0,10,0,10,51207,50234,Male,Tier 3,Store,0,2026-03-05 14:19:15.683837
76,186545,1.8,2,16,3,127891,120127,Other,Tier 1,Store,0,2026-03-05 14:19:15.683837
38,159966,6.1,8,25,13,134005,24790,Female,Tier 2,Hybrid,0,2026-03-05 14:19:15.683837
53,244990,6.0,3,28,13,128558,107845,Female,Tier 1,Store,0,2026-03-05 14:19:15.683837
70,215658,7.4,5,7,9,121774,104133,Male,Tier 3,Store,0,2026-03-05 14:19:15.683837
40,31709,2.8,6,37,19,10185,148350,Male,Tier 1,Store,0,2026-03-05 14:19:15.683837
33,227330,10.3,1,42,3,102069,22766,Male,Tier 1,Online,1,2026-03-05 14:19:15.683837
74,133428,9.5,3,7,6,20122,105836,Other,Tier 1,Store,0,2026-03-05 14:19:15.683837
56,30210,4.5,1,7,9,58707,20564,Male,Tier 2,Store,0,2026-03-05 14:19:15.683837
62,195582,8.9,7,24,2,111980,6562,Male,Tier 2,Online,1,2026-03-05 14:19:15.683837
70,117081,7.7,2,41,4,72254,73632,Other,Tier 1,Store,0,2026-03-05 14:19:15.683837
59,184746,5.1,10,41,3,34061,107732,Male,Tier 2,Store,0,2026-03-05 14:19:15.683837
75,115025,4.8,7,44,16,101926,69321,Other,Tier 2,Store,0,2026-03-05 14:19:15.683837
56,163805,4.9,3,26,19,142207,95353,Male,Tier 1,Store,0,2026-03-05 14:19:15.683837
31,166152,11.7,3,21,10,46313,86985,Male,Tier 2,Store,0,2026-03-05 14:19:15.683837
48,248272,8.7,1,2,4,139682,93945,Male,Tier 1,Store,0,2026-03-05 14:19:15.683837
75,199484,5.6,7,48,11,86884,74577,Other,Tier 3,Store,0,2026-03-05 14:19:15.683837
22,139476,5.8,8,46,13,145609,83376,Other,Tier 1,Store,0,2026-03-05 14:19:15.683837
52,205043,7.7,4,37,12,123231,53217,Other,Tier 1,Store,0,2026-03-05 14:19:15.683837
40,185781,7.6,9,48,10,7593,64967,Other,Tier 1,Store,0,2026-03-05 14:19:15.683837
46,74846,4.1,4,23,11,81213,1924,Other,Tier 2,Online,1,2026-03-05 14:19:15.683837
60,80480,6.6,10,32,6,37900,8912,Female,Tier 1,Online,1,2026-03-05 14:19:15.683837
28,67960,4.9,5,34,0,99216,63422,Female,Tier 2,Store,0,2026-03-05 14:19:15.683837
35,249622,6.3,6,39,8,15994,51166,Other,Tier 2,Store,0,2026-03-05 14:19:15.683837
64,187224,5.9,9,28,18,59624,108615,Female,Tier 1,Store,0,2026-03-05 14:19:15.683837
29,173322,8.0,9,7,3,41028,115399,Female,Tier 3,Store,0,2026-03-05 14:19:15.683837
26,100765,5.5,8,10,3,36797,149243,Female,Tier 1,Store,0,2026-03-05 14:19:15.683837
27,132265,6.2,10,15,10,145076,17028,Female,Tier 2,Store,0,2026-03-05 14:19:15.683837
75,63137,2.2,2,32,5,72541,32191,Other,Tier 3,Store,0,2026-03-05 14:19:15.683837
61,228083,6.6,10,10,18,136122,66643,Other,Tier 1,Store,0,2026-03-05 14:19:15.683837
34,133922,4.4,10,28,18,10492,8137,Male,Tier 2,Online,1,2026-03-05 14:19:15.683837
78,136280,3.0,1,48,10,47823,70670,Male,Tier 3,Store,0,2026-03-05 14:19:15.683837
55,192484,8.3,2,44,17,20017,140888,Female,Tier 1,Store,0,2026-03-05 14:19:15.683837
24,58876,5.9,6,23,16,12663,101538,Male,Tier 3,Store,0,2026-03-05 14:19:15.683837
63,109547,1.8,7,1,13,80624,105765,Other,Tier 2,Store,0,2026-03-05 14:19:15.683837
30,219736,4.4,6,4,17,113732,52045,Male,Tier 3,Store,0,2026-03-05 14:19:15.683837
57,65227,6.0,1,23,13,52025,49298,Male,Tier 3,Store,0,2026-03-05 14:19:15.683837
59,178522,6.1,1,43,12,79986,6923,Female,Tier 2,Store,0,2026-03-05 14:19:15.683837
26,99433,5.0,1,46,8,140678,57010,Female,Tier 3,Store,0,2026-03-05 14:19:15.683837
67,88704,1.0,1,6,18,36206,15159,Female,Tier 1,Store,0,2026-03-05 14:19:15.683837
44,21861,4.9,10,30,10,143056,14912,Other,Tier 1,Online,1,2026-03-05 14:19:15.683837
75,76914,8.1,10,29,18,118995,89583,Male,Tier 1,Store,0,2026-03-05 14:19:15.683837
19,78888,8.8,1,5,16,21348,2797,Other,Tier 1,Hybrid,0,2026-03-05 14:19:15.683837
22,94286,4.8,2,4,15,90623,125618,Male,Tier 2,Store,0,2026-03-05 14:19:15.683837
46,76293,9.8,2,14,17,81036,66884,Male,Tier 2,Store,0,2026-03-05 14:19:15.683837
54,228596,2.8,4,26,14,60282,104840,Other,Tier 3,Store,0,2026-03-05 14:19:15.683837
55,83515,4.4,3,34,13,1579,145246,Female,Tier 1,Store,0,2026-03-05 14:19:15.683837
36,169596,7.8,4,8,14,22538,22049,Other,Tier 3,Store,0,2026-03-05 14:19:15.683837
25,22065,7.5,5,22,17,39161,103735,Female,Tier 2,Store,0,2026-03-05 14:19:15.683837
65,183756,6.0,4,16,11,45167,20865,Female,Tier 3,Online,1,2026-03-05 14:19:15.683837
62,103720,3.8,3,22,9,149910,145309,Female,Tier 3,Store,0,2026-03-05 14:19:15.683837
18,179437,3.8,3,45,7,94959,89262,Male,Tier 1,Store,0,2026-03-05 14:19:15.683837
39,73876,4.5,4,38,17,101704,81598,Female,Tier 1,Store,0,2026-03-05 14:19:15.683837
69,169776,3.8,6,46,13,94399,62711,Male,Tier 1,Store,0,2026-03-05 14:19:15.683837
34,203929,6.3,7,28,17,90139,60821,Male,Tier 2,Store,0,2026-03-05 14:19:15.683837
24,151694,5.8,4,38,0,5872,89582,Male,Tier 1,Store,0,2026-03-05 14:19:15.683837
42,98797,3.7,8,44,15,121302,53327,Female,Tier 2,Store,0,2026-03-05 14:19:15.683837
62,240027,5.3,6,45,4,128112,17659,Female,Tier 3,Online,1,2026-03-05 14:19:15.683837
21,246075,1.0,5,10,7,44154,21548,Male,Tier 3,Store,0,2026-03-05 14:19:15.683837
53,106141,6.7,8,49,19,132997,47500,Female,Tier 2,Store,0,2026-03-05 14:19:15.683837
23,240779,7.4,6,12,1,73927,63882,Female,Tier 2,Store,0,2026-03-05 14:19:15.683837
77,233772,4.2,1,11,18,120781,17559,Male,Tier 1,Store,0,2026-03-05 14:19:15.683837
48,225404,4.4,1,1,2,2778,54412,Male,Tier 2,Store,0,2026-03-05 14:19:15.683837
36,117390,6.5,10,41,7,49880,108932,Male,Tier 3,Store,0,2026-03-05 14:19:15.683837
78,111856,6.2,10,10,2,126447,35891,Male,Tier 3,Store,0,2026-03-05 14:19:15.683837
61,81201,7.5,6,47,17,103404,17992,Female,Tier 3,Online,1,2026-03-05 14:19:15.683837
71,178766,4.4,8,48,7,147210,21880,Other,Tier 3,Hybrid,0,2026-03-05 14:19:15.683837
56,104766,4.7,9,13,17,4437,138957,Female,Tier 2,Store,0,2026-03-05 14:19:15.683837
44,37995,5.6,4,21,4,123847,93731,Male,Tier 1,Store,0,2026-03-05 14:19:15.683837
27,107320,3.9,7,20,9,53885,54504,Female,Tier 3,Store,0,2026-03-05 14:19:15.683837
43,95141,5.5,9,44,10,133397,105448,Female,Tier 2,Store,0,2026-03-05 14:19:15.683837
36,229071,3.9,8,48,3,78427,54871,Other,Tier 3,Store,0,2026-03-05 14:19:15.683837
56,154491,6.8,8,36,9,141094,146643,Other,Tier 1,Store,0,2026-03-05 14:19:15.683837
79,194024,4.1,1,35,4,93472,90939,Other,Tier 3,Store,0,2026-03-05 14:19:15.683837
20,179909,6.5,10,24,11,121669,110199,Male,Tier 1,Store,0,2026-03-05 14:19:15.683837
62,85799,8.9,6,42,9,41262,68260,Other,Tier 2,Store,0,2026-03-05 14:19:15.683837
30,194949,6.9,9,48,11,60402,131266,Female,Tier 3,Store,0,2026-03-05 14:19:15.683837
67,60687,6.4,8,2,4,131459,29286,Male,Tier 2,Store,0,2026-03-05 14:19:15.683837
45,245739,3.3,2,1,10,19234,74097,Male,Tier 3,Store,0,2026-03-05 14:19:15.683837
79,52276,8.8,5,26,0,28317,136554,Male,Tier 1,Store,0,2026-03-05 14:19:15.683837
75,49523,8.2,4,32,4,77880,137100,Other,Tier 3,Store,0,2026-03-05 14:19:15.683837
37,212127,5.7,8,17,13,117089,119197,Male,Tier 3,Store,0,2026-03-05 14:19:15.683837
45,69615,5.2,9,47,1,121357,62654,Male,Tier 1,Store,0,2026-03-05 14:19:15.683837
25,242714,4.4,3,10,9,75982,7199,Female,Tier 1,Hybrid,0,2026-03-05 14:19:15.683837
78,25514,9.6,9,6,0,65665,16372,Other,Tier 2,Online,1,2026-03-05 14:19:15.683837
58,62456,7.6,1,36,12,88875,17161,Other,Tier 3,Store,0,2026-03-05 14:19:15.683837
56,22233,4.5,7,49,3,96094,91000,Male,Tier 3,Store,0,2026-03-05 14:19:15.683837
18,16102,8.2,8,35,2,1477,8160,Female,Tier 3,Online,1,2026-03-05 14:19:15.683837
20,81133,8.7,6,26,11,61043,97896,Female,Tier 2,Store,0,2026-03-05 14:19:15.683837
30,61715,6.0,4,21,11,145580,25990,Male,Tier 2,Hybrid,0,2026-03-05 14:19:15.683837
45,231265,5.3,4,30,15,12009,139107,Other,Tier 1,Store,0,2026-03-05 14:19:15.683837
79,125545,4.0,7,39,13,55610,58160,Male,Tier 3,Store,0,2026-03-05 14:19:15.683837
74,119085,7.4,10,5,7,32079,19273,Male,Tier 1,Online,1,2026-03-05 14:19:15.683837
77,124101,5.1,6,32,12,4856,139052,Other,Tier 3,Store,0,2026-03-05 14:19:15.683837
66,152328,5.1,4,6,15,50779,119122,Male,Tier 2,Store,0,2026-03-05 14:19:15.683837
42,123684,6.0,5,5,14,119856,13110,Other,Tier 1,Hybrid,0,2026-03-05 14:19:15.683837
73,79800,4.4,10,0,13,138739,90942,Male,Tier 3,Store,0,2026-03-05 14:19:15.683837
50,109937,9.1,4,38,4,28324,138495,Female,Tier 2,Store,0,2026-03-05 14:19:15.683837
55,56548,7.9,1,45,5,146882,68637,Male,Tier 3,Store,0,2026-03-05 14:19:15.683837
70,218162,6.2,4,37,16,74325,1139,Female,Tier 3,Online,1,2026-03-05 14:19:15.683837
23,224272,4.3,6,41,8,96359,8355,Other,Tier 2,Online,1,2026-03-05 14:19:15.683837
75,188439,4.4,2,49,17,123440,64584,Male,Tier 1,Store,0,2026-03-05 14:19:15.683837
61,143845,4.3,7,47,11,93589,49570,Other,Tier 3,Store,0,2026-03-05 14:19:15.683837
62,128815,3.5,9,43,12,83120,105943,Other,Tier 2,Store,0,2026-03-05 14:19:15.683837
49,235994,6.6,10,28,16,29605,52251,Male,Tier 1,Store,0,2026-03-05 14:19:15.683837
62,216454,4.7,2,10,6,113742,62251,Other,Tier 3,Store,0,2026-03-05 14:19:15.683837
78,142602,4.6,7,27,19,18123,60401,Other,Tier 1,Store,0,2026-03-05 14:19:15.683837
64,141270,4.4,2,39,7,46763,4665,Female,Tier 1,Hybrid,0,2026-03-05 14:19:15.683837
38,141320,8.0,9,14,0,73566,22340,Female,Tier 3,Online,1,2026-03-05 14:19:15.683837
33,172277,4.5,1,29,11,131663,86648,Male,Tier 2,Store,0,2026-03-05 14:19:15.683837
71,40570,8.5,4,22,18,68277,143681,Other,Tier 2,Store,0,2026-03-05 14:19:15.683837
38,176327,5.4,2,11,7,71598,49442,Male,Tier 2,Store,0,2026-03-05 14:19:15.683837
28,36182,3.5,1,27,11,1696,50163,Female,Tier 1,Store,0,2026-03-05 14:19:15.683837
77,54373,6.9,2,30,5,3340,28500,Female,Tier 3,Store,0,2026-03-05 14:19:15.683837
54,58019,7.8,10,29,5,8950,4635,Male,Tier 2,Online,1,2026-03-05 14:19:15.683837
53,208691,4.3,6,38,6,46146,143365,Male,Tier 3,Store,0,2026-03-05 14:19:15.683837
52,31043,6.1,5,15,8,101431,47308,Other,Tier 1,Store,0,2026-03-05 14:19:15.683837
36,191604,6.6,1,29,11,67189,114918,Female,Tier 1,Store,0,2026-03-05 14:19:15.683837
37,247362,6.2,3,3,5,139478,145648,Other,Tier 1,Store,0,2026-03-05 14:19:15.683837
74,212008,5.1,10,32,5,92949,43959,Female,Tier 2,Store,0,2026-03-05 14:19:15.683837
35,34239,7.8,6,32,8,33642,14586,Female,Tier 2,Online,1,2026-03-05 14:19:15.683837
64,156488,5.5,5,27,6,55342,19397,Male,Tier 1,Hybrid,0,2026-03-05 14:19:15.683837
58,149484,4.8,6,20,3,104164,54965,Other,Tier 2,Store,0,2026-03-05 14:19:15.683837
66,96976,2.5,8,14,12,137629,51036,Male,Tier 2,Store,0,2026-03-05 14:19:15.683837
31,39406,2.5,6,25,9,30338,77463,Female,Tier 3,Store,0,2026-03-05 14:19:15.683837
32,16875,6.4,5,13,9,125479,134702,Male,Tier 2,Store,0,2026-03-05 14:19:15.683837
48,183138,5.8,4,14,3,111843,41018,Male,Tier 3,Store,0,2026-03-05 14:19:15.683837
18,248144,7.8,5,1,17,51478,10124,Other,Tier 2,Hybrid,0,2026-03-05 14:19:15.683837
70,151824,8.3,9,15,7,16688,113160,Male,Tier 2,Store,0,2026-03-05 14:19:15.683837
71,232825,5.5,10,36,14,124260,54764,Other,Tier 2,Store,0,2026-03-05 14:19:15.683837
71,224097,7.9,6,10,8,34668,19979,Male,Tier 1,Online,1,2026-03-05 14:19:15.683837
20,147425,4.9,5,10,3,25423,79605,Male,Tier 1,Store,0,2026-03-05 14:19:15.683837
33,173058,5.7,8,32,6,13753,49644,Male,Tier 2,Store,0,2026-03-05 14:19:15.683837
40,232979,5.6,5,1,0,111011,137201,Other,Tier 1,Store,0,2026-03-05 14:19:15.683837
74,29691,9.2,5,32,16,44834,130560,Female,Tier 2,Store,0,2026-03-05 14:19:15.683837
28,215919,3.4,8,2,2,66235,84044,Female,Tier 2,Store,0,2026-03-05 14:19:15.683837
29,63075,6.1,9,19,18,39357,11258,Other,Tier 3,Hybrid,0,2026-03-05 14:19:15.683837
27,25794,4.6,8,32,17,3873,26850,Female,Tier 2,Store,0,2026-03-05 14:19:15.683837
49,214542,5.4,9,25,14,98313,149787,Other,Tier 1,Store,0,2026-03-05 14:19:15.683837
33,162478,5.3,9,48,9,132074,98350,Female,Tier 3,Store,0,2026-03-05 14:19:15.683837
25,90930,6.1,8,33,14,100713,61956,Female,Tier 1,Store,0,2026-03-05 14:19:15.683837
55,172944,8.7,7,13,6,100151,129152,Male,Tier 1,Store,0,2026-03-05 14:19:15.683837
29,56708,9.8,7,28,5,135056,109052,Other,Tier 3,Store,0,2026-03-05 14:19:15.683837
41,130492,7.3,1,1,13,71286,135633,Female,Tier 3,Store,0,2026-03-05 14:19:15.683837
45,121629,4.0,7,49,17,134724,126109,Male,Tier 3,Store,0,2026-03-05 14:19:15.683837
70,166872,5.7,10,7,17,34106,7548,Other,Tier 2,Online,1,2026-03-05 14:19:15.683837
25,189469,6.5,6,26,5,4080,129544,Female,Tier 2,Store,0,2026-03-05 14:19:15.683837
75,138313,5.2,1,7,12,80857,73358,Male,Tier 2,Store,0,2026-03-05 14:19:15.683837
45,183981,5.4,10,6,10,124278,39118,Male,Tier 1,Store,0,2026-03-05 14:19:15.683837
53,36352,5.9,10,10,8,40197,47090,Male,Tier 2,Store,0,2026-03-05 14:19:15.683837
43,116975,7.5,8,38,11,100977,54160,Male,Tier 3,Store,0,2026-03-05 14:19:15.683837
25,108848,7.1,9,29,18,149631,61048,Female,Tier 1,Store,0,2026-03-05 14:19:15.683837
75,161510,4.8,2,38,18,36378,85423,Female,Tier 2,Store,0,2026-03-05 14:19:15.683837
77,234993,7.2,4,48,15,101797,100569,Male,Tier 1,Store,0,2026-03-05 14:19:15.683837
67,59999,9.4,7,46,2,136369,30086,Other,Tier 1,Online,1,2026-03-05 14:19:15.683837
45,33482,3.0,1,20,6,22433,70038,Female,Tier 2,Store,0,2026-03-05 14:19:15.683837
45,178543,5.1,8,20,9,23592,142236,Female,Tier 1,Store,0,2026-03-05 14:19:15.683837
54,62279,5.0,9,6,18,51039,132962,Female,Tier 3,Store,0,2026-03-05 14:19:15.683837
58,124413,6.2,8,19,5,92612,132428,Female,Tier 2,Store,0,2026-03-05 14:19:15.683837
53,69213,2.4,2,48,8,128220,128773,Male,Tier 2,Store,0,2026-03-05 14:19:15.683837
44,128909,8.7,8,13,17,93944,76462,Female,Tier 3,Store,0,2026-03-05 14:19:15.683837
71,28026,6.1,8,19,11,149069,586,Other,Tier 3,Online,1,2026-03-05 14:19:15.683837
34,100184,6.6,2,4,4,132743,133617,Female,Tier 3,Store,0,2026-03-05 14:19:15.683837
26,20435,6.4,9,30,4,135799,69265,Male,Tier 3,Store,0,2026-03-05 14:19:15.683837
50,154565,5.0,1,11,5,111187,57584,Male,Tier 3,Store,0,2026-03-05 14:19:15.683837
70,218299,7.4,7,11,17,34166,148788,Female,Tier 2,Store,0,2026-03-05 14:19:15.683837
37,74321,6.0,2,1,5,19302,80540,Male,Tier 2,Store,0,2026-03-05 14:19:15.683837
30,148835,1.8,8,25,0,119077,90312,Male,Tier 3,Store,0,2026-03-05 14:19:15.683837
45,35389,5.8,8,3,10,118699,54816,Other,Tier 2,Store,0,2026-03-05 14:19:15.683837
65,46498,5.4,4,29,15,872,36167,Other,Tier 2,Store,0,2026-03-05 14:19:15.683837
46,78755,7.4,8,33,6,67256,3562,Female,Tier 3,Online,1,2026-03-05 14:19:15.683837
30,116545,11.4,5,36,16,83969,71478,Male,Tier 3,Store,0,2026-03-05 14:19:15.683837
63,50825,6.8,9,19,17,96445,55792,Other,Tier 3,Store,0,2026-03-05 14:19:15.683837
52,31934,10.2,1,1,3,36127,40964,Male,Tier 1,Store,0,2026-03-05 14:19:15.683837
78,20574,4.6,5,44,4,81647,88560,Other,Tier 1,Store,0,2026-03-05 14:19:15.683837
23,145698,4.8,9,34,0,77489,98382,Other,Tier 1,Store,0,2026-03-05 14:19:15.683837
35,184251,5.5,6,14,0,47222,28122,Female,Tier 3,Hybrid,0,2026-03-05 14:19:15.683837
68,147659,6.9,4,47,4,113681,54973,Other,Tier 2,Store,0,2026-03-05 14:19:15.683837
22,57782,4.7,1,13,18,76249,94983,Other,Tier 3,Store,0,2026-03-05 14:19:15.683837
64,200484,2.8,10,35,12,37933,57994,Male,Tier 2,Store,0,2026-03-05 14:19:15.683837
42,75561,6.0,6,48,4,138398,94424,Other,Tier 3,Store,0,2026-03-05 14:19:15.683837
19,223296,3.7,7,29,17,82657,58217,Other,Tier 2,Store,0,2026-03-05 14:19:15.683837
27,150481,8.2,7,43,2,119501,36983,Male,Tier 3,Store,0,2026-03-05 14:19:15.683837
73,142159,7.3,9,26,2,47790,25231,Female,Tier 3,Online,1,2026-03-05 14:19:15.683837
47,217391,4.5,4,1,8,104067,112646,Male,Tier 3,Store,0,2026-03-05 14:19:15.683837
67,245088,6.9,4,20,19,96068,147821,Female,Tier 1,Store,0,2026-03-05 14:19:15.683837
76,41751,4.9,5,13,13,30340,33805,Other,Tier 1,Store,0,2026-03-05 14:19:15.683837
62,53174,5.9,9,26,2,147783,27118,Female,Tier 2,Hybrid,0,2026-03-05 14:19:15.683837
22,137678,5.9,2,20,13,46698,65252,Female,Tier 1,Store,0,2026-03-05 14:19:15.683837
72,71572,5.3,4,22,16,145303,11400,Male,Tier 1,Online,1,2026-03-05 14:19:15.683837
73,76416,7.7,9,34,3,134922,36856,Male,Tier 3,Store,0,2026-03-05 14:19:15.683837
50,158113,3.8,6,47,17,41807,66436,Female,Tier 1,Store,0,2026-03-05 14:19:15.683837
71,169299,7.1,6,7,15,45662,23516,Female,Tier 3,Store,0,2026-03-05 14:19:15.683837
18,50201,6.6,7,11,1,20965,83099,Female,Tier 2,Store,0,2026-03-05 14:19:15.683837
35,51069,3.2,5,27,1,19494,123130,Female,Tier 3,Store,0,2026-03-05 14:19:15.683837
49,228262,4.4,4,40,11,19263,61545,Other,Tier 1,Store,0,2026-03-05 14:19:15.683837
64,41370,3.8,3,32,15,98116,129682,Female,Tier 2,Store,0,2026-03-05 14:19:15.683837
66,241090,5.3,2,32,9,149916,116053,Female,Tier 1,Store,0,2026-03-05 14:19:15.683837
28,140342,6.1,7,8,1,39887,15537,Female,Tier 1,Online,1,2026-03-05 14:19:15.683837
38,157658,4.1,5,14,15,1406,116754,Other,Tier 1,Store,0,2026-03-05 14:19:15.683837
43,196303,7.9,1,9,3,35266,134530,Male,Tier 2,Store,0,2026-03-05 14:19:15.683837
42,140758,8.1,4,48,9,70541,5492,Male,Tier 1,Online,1,2026-03-05 14:19:15.683837
39,151394,8.5,9,1,16,41406,35761,Other,Tier 3,Store,0,2026-03-05 14:19:15.683837
76,80294,1.0,8,2,3,46000,142029,Female,Tier 1,Store,0,2026-03-05 14:19:15.683837
44,94468,9.9,7,22,5,102932,91672,Female,Tier 2,Store,0,2026-03-05 14:19:15.683837
66,175371,6.3,5,9,2,21614,51449,Other,Tier 1,Store,0,2026-03-05 14:19:15.683837
30,105715,6.1,1,18,8,120746,116747,Male,Tier 2,Store,0,2026-03-05 14:19:15.683837
50,85793,5.8,5,40,4,86199,142359,Female,Tier 3,Store,0,2026-03-05 14:19:15.683837
51,192573,3.4,8,17,8,7675,59359,Other,Tier 2,Store,0,2026-03-05 14:19:15.683837
58,203206,6.7,4,34,12,74348,8172,Other,Tier 1,Online,1,2026-03-05 14:19:15.683837
52,126672,9.2,5,40,1,109231,49734,Other,Tier 3,Store,0,2026-03-05 14:19:15.683837
18,155849,6.3,8,42,2,29857,98091,Female,Tier 3,Store,0,2026-03-05 14:19:15.683837
38,157321,3.8,5,8,6,79925,71235,Other,Tier 3,Store,0,2026-03-05 14:19:15.683837
65,135902,2.9,4,30,11,94899,69118,Male,Tier 1,Store,0,2026-03-05 14:19:15.683837
72,36390,5.4,4,29,17,145715,105719,Female,Tier 2,Store,0,2026-03-05 14:19:15.683837
23,35369,4.5,6,36,8,108431,126844,Other,Tier 1,Store,0,2026-03-05 14:19:15.683837
45,158953,7.4,10,49,12,16504,132669,Female,Tier 1,Store,0,2026-03-05 14:19:15.683837
34,24587,8.7,1,11,10,2966,132192,Female,Tier 1,Store,0,2026-03-05 14:19:15.683837
22,239872,6.9,4,16,12,139900,24535,Other,Tier 2,Store,0,2026-03-05 14:19:15.683837
48,220399,5.8,1,26,7,91161,8858,Male,Tier 2,Online,1,2026-03-05 14:19:15.683837
22,122009,5.7,6,20,14,145633,112950,Male,Tier 2,Store,0,2026-03-05 14:19:15.683837
55,233983,6.1,8,48,13,65128,86343,Male,Tier 1,Store,0,2026-03-05 14:19:15.683837
20,234219,3.7,4,47,16,39489,58274,Other,Tier 1,Store,0,2026-03-05 14:19:15.683837
70,153905,7.2,8,26,12,70611,5492,Other,Tier 1,Online,1,2026-03-05 14:19:15.683837
40,62013,3.8,2,13,10,130037,37324,Female,Tier 1,Store,0,2026-03-05 14:19:15.683837
54,132341,8.2,5,40,9,139545,69460,Male,Tier 2,Store,0,2026-03-05 14:19:15.683837
70,142785,5.3,3,12,16,120120,85029,Female,Tier 3,Store,0,2026-03-05 14:19:15.683837
54,209692,7.7,7,2,11,47545,142963,Female,Tier 2,Store,0,2026-03-05 14:19:15.683837
27,161826,3.1,9,23,1,129807,131187,Male,Tier 2,Store,0,2026-03-05 14:19:15.683837
27,122584,7.6,1,31,0,543,148645,Female,Tier 1,Store,0,2026-03-05 14:19:15.683837
36,93113,8.7,8,36,14,21483,7818,Male,Tier 2,Online,1,2026-03-05 14:19:15.683837
34,242703,3.4,4,7,18,120543,140456,Female,Tier 2,Store,0,2026-03-05 14:19:15.683837
38,101784,5.8,10,34,17,30034,57542,Other,Tier 1,Store,0,2026-03-05 14:19:15.683837
31,50282,6.7,5,22,2,42518,34941,Other,Tier 3,Store,0,2026-03-05 14:19:15.683837
26,182809,6.8,1,15,8,133517,29955,Male,Tier 3,Store,0,2026-03-05 14:19:15.683837
63,243499,5.3,5,35,12,100715,96448,Other,Tier 3,Store,0,2026-03-05 14:19:15.683837
18,39124,5.0,9,8,10,72764,50765,Female,Tier 1,Store,0,2026-03-05 14:19:15.683837
68,85102,6.5,8,38,18,57315,60152,Female,Tier 2,Store,0,2026-03-05 14:19:15.683837
62,148268,6.7,8,17,15,114344,14545,Other,Tier 3,Online,1,2026-03-05 14:19:15.683837
30,76527,4.7,6,48,18,91642,149400,Other,Tier 1,Store,0,2026-03-05 14:19:15.683837
21,145371,4.3,9,30,7,136448,21577,Female,Tier 3,Online,1,2026-03-05 14:19:15.683837
79,145942,8.4,4,37,11,92390,80837,Female,Tier 1,Store,0,2026-03-05 14:19:15.683837
18,111651,6.2,6,41,1,121041,58192,Female,Tier 2,Store,0,2026-03-05 14:19:15.683837
66,100395,1.5,3,36,4,75750,2295,Female,Tier 3,Online,1,2026-03-05 14:19:15.683837
57,26345,8.4,2,46,13,25294,1806,Male,Tier 1,Online,1,2026-03-05 14:19:15.683837
49,139544,4.8,9,33,15,129005,43306,Male,Tier 1,Store,0,2026-03-05 14:19:15.683837
51,49077,6.1,5,46,18,68369,14303,Male,Tier 2,Online,1,2026-03-05 14:19:15.683837
45,145429,6.7,2,40,1,148340,46330,Male,Tier 2,Store,0,2026-03-05 14:19:15.683837
48,212472,3.0,5,5,9,133899,118448,Male,Tier 3,Store,0,2026-03-05 14:19:15.683837
25,27055,5.4,6,35,9,62727,137783,Female,Tier 2,Store,0,2026-03-05 14:19:15.683837
56,118693,8.6,8,13,7,19881,6669,Male,Tier 3,Online,1,2026-03-05 14:19:15.683837
43,100283,8.2,5,40,11,139972,137918,Female,Tier 3,Store,0,2026-03-05 14:19:15.683837
75,59484,5.4,2,23,18,98898,26394,Female,Tier 2,Store,0,2026-03-05 14:19:15.683837
51,92514,7.4,7,32,9,17749,100885,Male,Tier 3,Store,0,2026-03-05 14:19:15.683837
71,105135,7.7,5,41,3,31764,9326,Male,Tier 1,Online,1,2026-03-05 14:19:15.683837
71,50771,7.6,2,49,6,64720,126359,Other,Tier 3,Store,0,2026-03-05 14:19:15.683837
20,203726,3.7,6,18,6,51060,43484,Other,Tier 3,Store,0,2026-03-05 14:19:15.683837
76,192612,9.3,7,28,14,119026,8668,Female,Tier 1,Hybrid,0,2026-03-05 14:19:15.683837
67,229223,5.1,8,5,17,118126,117429,Female,Tier 2,Store,0,2026-03-05 14:19:15.683837
29,125284,6.2,3,2,12,124297,112332,Male,Tier 2,Store,0,2026-03-05 14:19:15.683837
18,132399,5.3,4,17,0,46455,97107,Other,Tier 3,Store,0,2026-03-05 14:19:15.683837
71,119885,6.5,6,20,2,123303,60852,Female,Tier 2,Store,0,2026-03-05 14:19:15.683837
61,175449,4.3,3,28,1,148566,65401,Female,Tier 3,Store,0,2026-03-05 14:19:15.683837
22,241639,5.5,6,41,7,81061,149888,Other,Tier 3,Store,0,2026-03-05 14:19:15.683837
47,195645,6.4,9,35,10,3815,16516,Female,Tier 3,Store,0,2026-03-05 14:19:15.683837
47,188805,8.4,5,30,13,109315,25369,Other,Tier 2,Store,0,2026-03-05 14:19:15.683837
76,144344,8.2,2,7,11,120749,14153,Other,Tier 1,Store,0,2026-03-05 14:19:15.683837
74,157832,8.3,10,31,0,145120,110522,Male,Tier 2,Store,0,2026-03-05 14:19:15.683837
34,128226,7.7,2,15,5,11095,66805,Female,Tier 2,Store,0,2026-03-05 14:19:15.683837
65,114250,9.7,7,21,3,76646,107014,Male,Tier 1,Store,0,2026-03-05 14:19:15.683837
64,40762,5.4,4,1,16,29473,20688,Male,Tier 1,Store,0,2026-03-05 14:19:15.683837
40,197058,5.7,9,14,17,142761,145083,Male,Tier 2,Store,0,2026-03-05 14:19:15.683837
32,180404,5.6,9,39,16,58938,80845,Other,Tier 1,Store,0,2026-03-05 14:19:15.683837
54,186172,5.9,6,16,9,35959,114877,Female,Tier 2,Store,0,2026-03-05 14:19:15.683837
38,151016,3.1,10,12,4,42559,101175,Other,Tier 2,Store,0,2026-03-05 14:19:15.683837
31,63825,6.5,5,34,4,85665,83366,Female,Tier 2,Store,0,2026-03-05 14:19:15.683837
19,28877,7.0,7,24,19,38852,27861,Other,Tier 3,Store,0,2026-03-05 14:19:15.683837
28,176062,5.5,5,9,0,114423,61322,Male,Tier 2,Store,0,2026-03-05 14:19:15.683837
68,144065,2.5,9,44,0,42362,134868,Female,Tier 3,Store,0,2026-03-05 14:19:15.683837
56,123443,6.0,9,10,15,115865,98439,Other,Tier 1,Store,0,2026-03-05 14:19:15.683837
55,114612,3.4,7,32,13,113501,2624,Male,Tier 1,Online,1,2026-03-05 14:19:15.683837
77,132674,6.9,4,13,9,85931,138678,Male,Tier 3,Store,0,2026-03-05 14:19:15.683837
51,130074,6.2,1,33,6,104916,64645,Female,Tier 3,Store,0,2026-03-05 14:19:15.683837
55,201355,6.4,4,21,19,10767,102329,Male,Tier 2,Store,0,2026-03-05 14:19:15.683837
67,149330,3.9,3,43,19,118804,141057,Male,Tier 1,Store,0,2026-03-05 14:19:15.683837
51,46629,8.5,1,3,8,48329,113975,Female,Tier 3,Store,0,2026-03-05 14:19:15.683837
35,183651,6.3,10,43,10,101040,42098,Male,Tier 3,Store,0,2026-03-05 14:19:15.683837
47,169030,4.2,4,25,5,22455,144973,Other,Tier 2,Store,0,2026-03-05 14:19:15.683837
32,185537,7.2,7,0,10,27979,99903,Other,Tier 2,Store,0,2026-03-05 14:19:15.683837
44,231925,6.2,2,9,13,21678,79536,Male,Tier 3,Store,0,2026-03-05 14:19:15.683837
68,30775,9.7,7,35,17,104165,97945,Other,Tier 3,Store,0,2026-03-05 14:19:15.683837
51,222647,4.9,6,1,0,61537,69071,Other,Tier 1,Store,0,2026-03-05 14:19:15.683837
69,240705,3.5,9,28,11,138800,143577,Female,Tier 3,Store,0,2026-03-05 14:19:15.683837
74,180279,6.6,2,24,0,58496,109804,Male,Tier 2,Store,0,2026-03-05 14:19:15.683837
55,168625,8.0,6,22,2,106690,53623,Male,Tier 2,Store,0,2026-03-05 14:19:15.683837
50,199704,10.6,6,29,5,19156,84283,Female,Tier 2,Store,0,2026-03-05 14:19:15.683837
41,15055,12.0,6,24,12,39889,47775,Male,Tier 3,Store,0,2026-03-05 14:19:15.683837
32,103697,2.9,3,12,4,50378,132690,Male,Tier 1,Store,0,2026-03-05 14:19:15.683837
77,178945,5.7,6,39,8,122205,69331,Female,Tier 1,Store,0,2026-03-05 14:19:15.683837
47,116505,3.5,9,33,15,143790,6391,Female,Tier 2,Online,1,2026-03-05 14:19:15.683837
72,95720,5.5,3,34,5,116005,108154,Female,Tier 2,Store,0,2026-03-05 14:19:15.683837
59,212277,11.0,2,14,2,97768,19580,Female,Tier 2,Store,0,2026-03-05 14:19:15.683837
68,93199,4.4,8,38,3,77466,124200,Female,Tier 2,Store,0,2026-03-05 14:19:15.683837
34,171390,6.0,3,41,3,126933,56020,Other,Tier 1,Store,0,2026-03-05 14:19:15.683837
22,48734,4.8,5,19,18,87916,84099,Female,Tier 3,Store,0,2026-03-05 14:19:15.683837
46,228299,4.0,5,42,8,109614,23158,Other,Tier 3,Hybrid,0,2026-03-05 14:19:15.683837
21,164594,9.6,2,21,14,21680,91385,Other,Tier 3,Store,0,2026-03-05 14:19:15.683837
27,157728,2.9,2,24,8,15013,133721,Female,Tier 1,Store,0,2026-03-05 14:19:15.683837
73,161965,5.8,6,13,11,99551,146384,Other,Tier 3,Store,0,2026-03-05 14:19:15.683837
34,31493,6.2,2,18,4,8874,124261,Female,Tier 1,Store,0,2026-03-05 14:19:15.683837
27,149704,5.9,6,45,16,95095,34601,Male,Tier 1,Store,0,2026-03-05 14:19:15.683837
34,110872,5.4,7,21,16,90371,61013,Female,Tier 2,Store,0,2026-03-05 14:19:15.683837
77,234720,9.2,4,22,13,70630,57281,Female,Tier 1,Store,0,2026-03-05 14:19:15.683837
37,76779,1.8,10,0,6,99982,104205,Male,Tier 1,Store,0,2026-03-05 14:19:15.683837
41,184524,6.9,4,38,18,12682,133483,Female,Tier 2,Store,0,2026-03-05 14:19:15.683837
22,159338,7.0,3,29,7,56276,72874,Male,Tier 3,Store,0,2026-03-05 14:19:15.683837
51,136187,6.6,1,4,5,116810,80175,Other,Tier 1,Store,0,2026-03-05 14:19:15.683837
23,131603,4.3,4,29,5,40045,97724,Other,Tier 3,Store,0,2026-03-05 14:19:15.683837
70,76607,8.4,3,6,5,26936,132874,Male,Tier 1,Store,0,2026-03-05 14:19:15.683837
19,31940,8.3,8,12,18,38954,79916,Female,Tier 2,Store,0,2026-03-05 14:19:15.683837
30,170075,4.3,5,30,18,129213,1148,Female,Tier 3,Online,1,2026-03-05 14:19:15.683837
79,142880,3.6,7,6,16,93890,67820,Female,Tier 3,Store,0,2026-03-05 14:19:15.683837
60,113408,3.2,3,28,1,124482,89341,Male,Tier 3,Store,0,2026-03-05 14:19:15.683837
60,49815,6.5,3,24,1,108847,107780,Male,Tier 2,Store,0,2026-03-05 14:19:15.683837
65,176941,6.1,6,12,11,19245,127586,Male,Tier 2,Store,0,2026-03-05 14:19:15.683837
28,64297,5.3,10,47,8,78643,104494,Male,Tier 1,Store,0,2026-03-05 14:19:15.683837
68,75107,10.2,4,14,4,99989,88756,Male,Tier 2,Store,0,2026-03-05 14:19:15.683837
64,97793,5.1,8,29,16,101495,5657,Other,Tier 1,Online,1,2026-03-05 14:19:15.683837
74,162754,6.4,3,6,17,82303,55425,Male,Tier 3,Store,0,2026-03-05 14:19:15.683837
40,34622,5.6,5,4,5,12501,124321,Other,Tier 2,Store,0,2026-03-05 14:19:15.683837
72,45408,9.9,1,13,17,19623,3130,Other,Tier 3,Online,1,2026-03-05 14:19:15.683837
33,154909,2.0,1,29,18,10491,15837,Other,Tier 1,Store,0,2026-03-05 14:19:15.683837
48,210282,5.4,8,22,19,33415,89582,Other,Tier 1,Store,0,2026-03-05 14:19:15.683837
28,161479,7.2,7,15,15,49936,107071,Male,Tier 3,Store,0,2026-03-05 14:19:15.683837
71,175381,5.6,1,23,12,37126,33290,Other,Tier 2,Store,0,2026-03-05 14:19:15.683837
33,217990,3.4,6,42,16,95655,10203,Other,Tier 2,Hybrid,0,2026-03-05 14:19:15.683837
25,108190,6.4,2,20,9,46493,146531,Other,Tier 1,Store,0,2026-03-05 14:19:15.683837
21,164967,2.8,1,42,14,30412,32633,Male,Tier 2,Store,0,2026-03-05 14:19:15.683837
57,245159,7.3,10,29,17,130182,21726,Female,Tier 1,Online,1,2026-03-05 14:19:15.683837
21,232984,5.2,5,11,6,126842,141037,Female,Tier 2,Store,0,2026-03-05 14:19:15.683837
73,15370,4.8,5,44,5,58363,78353,Other,Tier 3,Store,0,2026-03-05 14:19:15.683837
42,129212,8.1,2,39,15,72390,103433,Female,Tier 3,Store,0,2026-03-05 14:19:15.683837
20,15486,4.0,5,29,7,54818,50799,Other,Tier 3,Store,0,2026-03-05 14:19:15.683837
49,38762,2.9,7,37,2,62261,14262,Other,Tier 2,Online,1,2026-03-05 14:19:15.683837
20,41613,4.2,4,21,14,38783,109595,Male,Tier 2,Store,0,2026-03-05 14:19:15.683837
44,18196,10.1,2,1,15,85540,85591,Female,Tier 3,Store,0,2026-03-05 14:19:15.683837
46,241009,4.0,5,22,12,5940,40404,Female,Tier 2,Store,0,2026-03-05 14:19:15.683837
49,115565,6.7,6,41,7,12864,145497,Other,Tier 2,Store,0,2026-03-05 14:19:15.683837
67,91349,7.7,8,22,4,67694,89952,Female,Tier 1,Store,0,2026-03-05 14:19:15.683837
78,79839,4.1,9,21,10,81060,129311,Male,Tier 3,Store,0,2026-03-05 14:19:15.683837
75,187988,4.1,10,29,8,1317,50340,Male,Tier 3,Store,0,2026-03-05 14:19:15.683837
68,23572,6.4,8,26,8,125957,81200,Female,Tier 1,Store,0,2026-03-05 14:19:15.683837
36,174297,6.5,7,33,11,98813,98622,Male,Tier 3,Store,0,2026-03-05 14:19:15.683837
38,60853,8.7,9,10,6,135624,147625,Female,Tier 3,Store,0,2026-03-05 14:19:15.683837
22,195462,4.5,9,28,2,5173,117971,Other,Tier 1,Store,0,2026-03-05 14:19:15.683837
35,178347,5.2,6,36,3,76284,120326,Female,Tier 2,Store,0,2026-03-05 14:19:15.683837
45,87379,11.7,3,5,14,43122,133896,Male,Tier 1,Store,0,2026-03-05 14:19:15.683837
59,147177,2.4,8,15,5,77849,46598,Female,Tier 1,Store,0,2026-03-05 14:19:15.683837
78,131074,2.0,3,19,0,61562,34959,Male,Tier 2,Store,0,2026-03-05 14:19:15.683837
39,205968,3.2,1,9,1,41206,50509,Other,Tier 1,Store,0,2026-03-05 14:19:15.683837
38,58209,8.2,4,45,19,26765,31874,Female,Tier 2,Store,0,2026-03-05 14:19:15.683837
23,243247,5.1,9,37,18,15226,105208,Other,Tier 2,Store,0,2026-03-05 14:19:15.683837
18,188559,5.1,8,36,7,124443,25599,Other,Tier 2,Online,1,2026-03-05 14:19:15.683837
22,164123,4.1,6,9,12,106572,12256,Female,Tier 3,Store,0,2026-03-05 14:19:15.683837
58,109244,7.8,3,43,6,124760,145134,Female,Tier 3,Store,0,2026-03-05 14:19:15.683837
29,247067,3.3,3,24,1,101462,130852,Female,Tier 1,Store,0,2026-03-05 14:19:15.683837
43,223472,4.8,7,21,11,86177,70980,Other,Tier 2,Store,0,2026-03-05 14:19:15.683837
63,115300,4.1,5,31,3,113257,74339,Male,Tier 2,Store,0,2026-03-05 14:19:15.683837
51,213033,1.0,3,16,9,124057,64955,Female,Tier 3,Store,0,2026-03-05 14:19:15.683837
66,206228,5.0,1,25,5,107877,138139,Other,Tier 1,Store,0,2026-03-05 14:19:15.683837
31,129682,5.9,9,15,1,25552,74121,Female,Tier 2,Store,0,2026-03-05 14:19:15.683837
43,72175,4.4,5,9,5,119208,143443,Other,Tier 2,Store,0,2026-03-05 14:19:15.683837
62,152921,5.5,7,16,10,129353,141807,Male,Tier 3,Store,0,2026-03-05 14:19:15.683837
44,116551,5.5,10,1,19,68317,11353,Other,Tier 2,Online,1,2026-03-05 14:19:15.683837
26,33976,5.7,9,1,10,111160,87072,Female,Tier 1,Store,0,2026-03-05 14:19:15.683837
43,145617,3.9,4,28,8,43675,105834,Male,Tier 2,Store,0,2026-03-05 14:19:15.683837
74,114794,3.8,5,45,1,133859,143574,Female,Tier 3,Store,0,2026-03-05 14:19:15.683837
64,71866,6.1,3,3,8,36062,66494,Female,Tier 1,Store,0,2026-03-05 14:19:15.683837
74,132752,3.0,7,29,15,127421,44244,Male,Tier 2,Store,0,2026-03-05 14:19:15.683837
39,62078,5.6,1,11,14,41140,11968,Female,Tier 3,Store,0,2026-03-05 14:19:15.683837
64,46113,9.3,8,33,5,125924,25272,Male,Tier 3,Hybrid,0,2026-03-05 14:19:15.683837
73,30401,5.9,3,13,15,8535,60584,Male,Tier 2,Store,0,2026-03-05 14:19:15.683837
47,158956,2.3,4,23,10,133443,55255,Other,Tier 2,Store,0,2026-03-05 14:19:15.683837
60,230432,6.4,10,23,12,119352,143393,Male,Tier 1,Store,0,2026-03-05 14:19:15.683837
65,183635,7.6,4,17,13,141865,48012,Female,Tier 1,Store,0,2026-03-05 14:19:15.683837
78,180486,4.4,7,24,8,141558,5431,Other,Tier 2,Online,1,2026-03-05 14:19:15.683837
34,162214,5.4,7,24,2,20229,100936,Other,Tier 1,Store,0,2026-03-05 14:19:15.683837
43,86492,4.2,4,40,6,111862,32702,Female,Tier 3,Store,0,2026-03-05 14:19:15.683837
53,225536,5.1,6,24,19,19190,32227,Male,Tier 3,Store,0,2026-03-05 14:19:15.683837
18,221329,4.7,8,27,19,130177,93987,Other,Tier 3,Store,0,2026-03-05 14:19:15.683837
25,91693,6.9,10,29,3,40571,49368,Male,Tier 3,Store,0,2026-03-05 14:19:15.683837
66,50135,9.3,4,24,4,43283,99133,Female,Tier 2,Store,0,2026-03-05 14:19:15.683837
52,218304,6.1,1,23,3,123129,15742,Female,Tier 1,Hybrid,0,2026-03-05 14:19:15.683837
78,42862,2.9,7,39,7,121648,26270,Male,Tier 1,Store,0,2026-03-05 14:19:15.683837
69,151262,11.1,2,38,3,69096,90300,Male,Tier 1,Store,0,2026-03-05 14:19:15.683837
32,85199,7.2,3,12,10,133342,146847,Other,Tier 3,Store,0,2026-03-05 14:19:15.683837
64,120366,7.6,8,1,12,123656,78115,Male,Tier 1,Store,0,2026-03-05 14:19:15.683837
73,19331,5.9,2,33,14,19393,113806,Other,Tier 1,Store,0,2026-03-05 14:19:15.683837
39,198258,6.5,2,15,15,138029,64242,Female,Tier 1,Store,0,2026-03-05 14:19:15.683837
31,59648,5.3,4,47,9,47769,27301,Male,Tier 3,Store,0,2026-03-05 14:19:15.683837
43,43549,7.8,6,23,19,39359,96969,Male,Tier 3,Store,0,2026-03-05 14:19:15.683837
45,227854,5.0,10,49,9,146544,74054,Female,Tier 2,Store,0,2026-03-05 14:19:15.683837
40,40761,7.0,2,1,0,68784,92810,Male,Tier 2,Store,0,2026-03-05 14:19:15.683837
31,18262,7.9,9,28,5,146968,134847,Other,Tier 1,Store,0,2026-03-05 14:19:15.683837
41,197331,8.5,2,38,11,12881,46849,Other,Tier 3,Store,0,2026-03-05 14:19:15.683837
19,87572,8.1,9,38,0,113134,64096,Male,Tier 1,Store,0,2026-03-05 14:19:15.683837
62,199544,4.0,7,16,4,8790,35549,Female,Tier 1,Store,0,2026-03-05 14:19:15.683837
43,102858,9.1,3,22,17,103062,12109,Female,Tier 3,Store,0,2026-03-05 14:19:15.683837
31,99667,7.3,9,11,14,72861,28654,Female,Tier 1,Store,0,2026-03-05 14:19:15.683837
76,19677,6.6,9,12,3,16925,120592,Male,Tier 3,Store,0,2026-03-05 14:19:15.683837
73,219580,6.8,6,4,2,37415,27849,Female,Tier 2,Store,0,2026-03-05 14:19:15.683837
68,145334,5.7,2,14,3,41692,63040,Other,Tier 3,Store,0,2026-03-05 14:19:15.683837
24,226937,5.1,7,1,9,51169,124549,Male,Tier 2,Store,0,2026-03-05 14:19:15.683837
20,248640,5.3,4,5,19,143460,43578,Male,Tier 2,Store,0,2026-03-05 14:19:15.683837
64,116437,8.6,4,35,11,82880,32704,Female,Tier 2,Store,0,2026-03-05 14:19:15.683837
40,196689,6.2,7,22,8,139673,78115,Other,Tier 2,Store,0,2026-03-05 14:19:15.683837
63,232101,6.6,5,12,3,142887,16855,Other,Tier 1,Store,0,2026-03-05 14:19:15.683837
60,164667,6.1,1,1,1,66446,19151,Male,Tier 2,Store,0,2026-03-05 14:19:15.683837
64,233531,4.7,3,4,6,86248,55583,Female,Tier 3,Store,0,2026-03-05 14:19:15.683837
77,75148,1.7,7,39,11,25701,3434,Female,Tier 3,Online,1,2026-03-05 14:19:15.683837
62,61926,7.5,9,15,11,41256,115830,Male,Tier 2,Store,0,2026-03-05 14:19:15.683837
35,90271,7.3,9,38,17,138650,87024,Male,Tier 1,Store,0,2026-03-05 14:19:15.683837
75,49457,6.0,7,34,0,2968,149097,Other,Tier 2,Store,0,2026-03-05 14:19:15.683837
55,57531,3.8,5,40,6,84396,74383,Female,Tier 1,Store,0,2026-03-05 14:19:15.683837
52,219335,9.6,4,44,18,73157,98080,Female,Tier 3,Store,0,2026-03-05 14:19:15.683837
68,219372,5.3,9,33,12,27703,139166,Female,Tier 1,Store,0,2026-03-05 14:19:15.683837
32,143027,6.5,6,18,19,144227,75668,Male,Tier 3,Store,0,2026-03-05 14:19:15.683837
42,209243,4.6,10,42,4,24529,105600,Male,Tier 2,Store,0,2026-03-05 14:19:15.683837
72,60771,3.3,2,25,18,42905,56604,Other,Tier 2,Store,0,2026-03-05 14:19:15.683837
54,108135,7.2,3,41,6,139332,12526,Male,Tier 3,Hybrid,0,2026-03-05 14:19:15.683837
45,81354,3.0,7,42,19,105068,138976,Female,Tier 1,Store,0,2026-03-05 14:19:15.683837
27,127743,6.5,4,16,14,53155,142039,Other,Tier 1,Store,0,2026-03-05 14:19:15.683837
56,183361,6.5,7,48,16,8812,143067,Male,Tier 1,Store,0,2026-03-05 14:19:15.683837
74,48892,3.8,5,34,1,52908,88571,Female,Tier 2,Store,0,2026-03-05 14:19:15.683837
34,217268,3.4,1,11,6,44521,140063,Female,Tier 2,Store,0,2026-03-05 14:19:15.683837
56,144662,4.5,10,34,10,137162,53150,Other,Tier 1,Store,0,2026-03-05 14:19:15.683837
39,110057,4.7,3,36,17,17150,121180,Other,Tier 3,Store,0,2026-03-05 14:19:15.683837
43,53409,2.9,9,5,19,65375,27460,Male,Tier 3,Store,0,2026-03-05 14:19:15.683837
79,180542,3.7,4,9,1,116210,60023,Other,Tier 3,Store,0,2026-03-05 14:19:15.683837
61,164457,6.2,5,42,6,10024,131565,Male,Tier 1,Store,0,2026-03-05 14:19:15.683837
42,169368,10.0,2,22,14,106477,88132,Other,Tier 3,Store,0,2026-03-05 14:19:15.683837
34,133566,8.0,10,18,18,118710,70476,Female,Tier 1,Store,0,2026-03-05 14:19:15.683837
30,76716,6.3,8,42,1,13662,99448,Male,Tier 1,Store,0,2026-03-05 14:19:15.683837
37,104152,8.3,1,7,1,102618,86119,Male,Tier 1,Store,0,2026-03-05 14:19:15.683837
42,41382,8.3,4,8,1,25337,25412,Female,Tier 1,Store,0,2026-03-05 14:19:15.683837
21,91675,5.4,6,2,10,92623,118317,Female,Tier 3,Store,0,2026-03-05 14:19:15.683837
27,243668,6.5,8,32,5,48461,72121,Female,Tier 1,Store,0,2026-03-05 14:19:15.683837
20,37419,8.0,4,1,13,134265,28378,Male,Tier 3,Store,0,2026-03-05 14:19:15.683837
58,239393,8.2,2,33,9,109716,141546,Female,Tier 3,Store,0,2026-03-05 14:19:15.683837
62,96238,8.2,4,34,0,109659,141814,Female,Tier 1,Store,0,2026-03-05 14:19:15.683837
35,240825,3.9,1,17,18,33670,107781,Other,Tier 3,Store,0,2026-03-05 14:19:15.683837
64,185363,8.4,8,26,10,18853,36642,Female,Tier 1,Store,0,2026-03-05 14:19:15.683837
53,27397,9.7,9,48,12,26598,124034,Male,Tier 1,Store,0,2026-03-05 14:19:15.683837
64,72888,9.0,3,43,11,74141,56664,Male,Tier 3,Store,0,2026-03-05 14:19:15.683837
39,50169,3.8,8,26,4,93475,104497,Male,Tier 1,Store,0,2026-03-05 14:19:15.683837
51,77182,3.3,9,37,18,82214,144394,Male,Tier 1,Store,0,2026-03-05 14:19:15.683837
64,107476,6.9,8,38,7,18523,97033,Other,Tier 1,Store,0,2026-03-05 14:19:15.683837
25,57249,8.9,2,16,11,35253,25355,Female,Tier 3,Store,0,2026-03-05 14:19:15.683837
57,174413,6.5,2,8,4,121760,18062,Male,Tier 1,Store,0,2026-03-05 14:19:15.683837
66,90603,5.5,10,31,11,113039,46596,Other,Tier 3,Store,0,2026-03-05 14:19:15.683837
61,192216,5.8,4,22,10,33069,10378,Male,Tier 3,Online,1,2026-03-05 14:19:15.683837
36,207844,8.0,1,43,4,131314,39796,Other,Tier 1,Store,0,2026-03-05 14:19:15.683837
59,94360,5.4,3,13,7,23193,123186,Female,Tier 2,Store,0,2026-03-05 14:19:15.683837
58,28444,7.0,4,10,15,1679,98133,Other,Tier 2,Store,0,2026-03-05 14:19:15.683837
54,191719,5.7,2,3,19,27648,16224,Female,Tier 1,Store,0,2026-03-05 14:19:15.683837
23,138662,4.2,7,37,2,49132,38497,Other,Tier 1,Store,0,2026-03-05 14:19:15.683837
69,113843,4.1,10,47,5,58080,38187,Other,Tier 1,Store,0,2026-03-05 14:19:15.683837
43,25974,7.1,3,15,4,121586,44471,Other,Tier 2,Store,0,2026-03-05 14:19:15.683837
51,127150,1.0,7,35,9,91506,27166,Female,Tier 2,Hybrid,0,2026-03-05 14:19:15.683837
76,184455,7.0,7,24,11,5282,9351,Other,Tier 3,Online,1,2026-03-05 14:19:15.683837
73,109826,5.7,9,4,14,40710,105673,Female,Tier 1,Store,0,2026-03-05 14:19:15.683837
76,227624,7.9,4,9,2,94302,141567,Male,Tier 2,Store,0,2026-03-05 14:19:15.683837
62,112648,7.2,4,4,19,1434,124256,Other,Tier 2,Store,0,2026-03-05 14:19:15.683837
23,240121,6.1,1,40,3,50034,149206,Female,Tier 1,Store,0,2026-03-05 14:19:15.683837
54,149028,3.9,6,17,6,127826,124109,Other,Tier 2,Store,0,2026-03-05 14:19:15.683837
74,154149,4.0,6,22,0,85286,49072,Female,Tier 2,Store,0,2026-03-05 14:19:15.683837
50,51490,4.7,7,37,7,58036,110279,Male,Tier 3,Store,0,2026-03-05 14:19:15.683837
70,139713,7.7,9,13,16,144073,106738,Male,Tier 2,Store,0,2026-03-05 14:19:15.683837
39,249463,9.5,10,22,19,60131,132208,Female,Tier 1,Store,0,2026-03-05 14:19:15.683837
38,70612,6.7,10,47,10,90549,30411,Female,Tier 3,Online,1,2026-03-05 14:19:15.683837
23,115474,4.8,10,34,6,87901,95115,Female,Tier 1,Store,0,2026-03-05 14:19:15.683837
23,51159,5.0,9,32,10,90321,89297,Other,Tier 1,Store,0,2026-03-05 14:19:15.683837
72,54710,5.1,5,37,10,110468,62136,Male,Tier 3,Store,0,2026-03-05 14:19:15.683837
65,229608,8.1,2,0,14,42647,131451,Female,Tier 3,Store,0,2026-03-05 14:19:15.683837
21,159878,5.1,1,5,5,67751,9282,Male,Tier 1,Online,1,2026-03-05 14:19:15.683837
47,128096,5.9,2,20,18,2305,56224,Male,Tier 2,Store,0,2026-03-05 14:19:15.683837
28,224417,8.7,2,26,12,101391,148904,Other,Tier 3,Store,0,2026-03-05 14:19:15.683837
79,226463,4.9,1,4,15,100729,142570,Other,Tier 3,Store,0,2026-03-05 14:19:15.683837
79,122412,7.1,8,26,11,129916,6919,Female,Tier 2,Online,1,2026-03-05 14:19:15.683837
47,109924,7.8,3,43,18,7483,67906,Male,Tier 1,Store,0,2026-03-05 14:19:15.683837
48,21458,6.1,10,5,18,28194,121033,Female,Tier 2,Store,0,2026-03-05 14:19:15.683837
41,145993,9.9,10,39,6,126185,106195,Male,Tier 3,Store,0,2026-03-05 14:19:15.683837
72,50524,9.3,8,24,17,15770,101433,Male,Tier 3,Store,0,2026-03-05 14:19:15.683837
26,152925,6.5,6,4,13,17342,53081,Male,Tier 1,Store,0,2026-03-05 14:19:15.683837
72,55477,4.4,1,14,13,46162,147298,Female,Tier 1,Store,0,2026-03-05 14:19:15.683837
20,47222,4.5,7,45,15,121407,30100,Other,Tier 3,Store,0,2026-03-05 14:19:15.683837
68,33320,6.4,3,47,17,79528,77744,Other,Tier 1,Store,0,2026-03-05 14:19:15.683837
48,109154,3.8,9,37,8,69177,19582,Male,Tier 1,Hybrid,0,2026-03-05 14:19:15.683837
57,67243,6.5,9,16,3,129573,48694,Female,Tier 2,Store,0,2026-03-05 14:19:15.683837
54,191687,9.4,4,16,6,93283,125072,Female,Tier 1,Store,0,2026-03-05 14:19:15.683837
53,163424,6.1,2,47,10,32002,37034,Other,Tier 3,Store,0,2026-03-05 14:19:15.683837
41,87833,6.0,10,32,5,81811,133214,Male,Tier 2,Store,0,2026-03-05 14:19:15.683837
48,108476,7.7,9,17,19,106184,146039,Male,Tier 1,Store,0,2026-03-05 14:19:15.683837
23,129560,7.0,5,35,11,6571,114204,Female,Tier 3,Store,0,2026-03-05 14:19:15.683837
19,149275,3.7,8,2,11,67951,77944,Other,Tier 2,Store,0,2026-03-05 14:19:15.683837
37,54267,5.1,9,24,11,37260,77627,Female,Tier 3,Store,0,2026-03-05 14:19:15.683837
45,52941,9.8,1,34,13,50762,6640,Male,Tier 1,Online,1,2026-03-05 14:19:15.683837
28,97809,6.7,3,44,9,1788,100209,Male,Tier 1,Store,0,2026-03-05 14:19:15.683837
21,40368,4.0,7,19,1,15614,77025,Other,Tier 2,Store,0,2026-03-05 14:19:15.683837
32,92186,5.6,2,35,19,32122,63288,Male,Tier 2,Store,0,2026-03-05 14:19:15.683837
23,45984,2.4,4,42,11,8960,96794,Male,Tier 2,Store,0,2026-03-05 14:19:15.683837
71,188013,2.3,4,30,16,103389,99790,Male,Tier 2,Store,0,2026-03-05 14:19:15.683837
66,218990,8.0,7,20,7,67648,18707,Female,Tier 1,Online,1,2026-03-05 14:19:15.683837
47,198755,6.0,2,36,19,145694,51529,Female,Tier 1,Store,0,2026-03-05 14:19:15.683837
73,15801,7.0,8,33,1,27148,105125,Other,Tier 1,Store,0,2026-03-05 14:19:15.683837
55,121538,8.3,8,37,11,41671,83531,Male,Tier 2,Store,0,2026-03-05 14:19:15.683837
68,127201,6.7,6,36,12,70460,24708,Female,Tier 3,Hybrid,0,2026-03-05 14:19:15.683837
79,62965,7.5,4,0,0,105484,135098,Other,Tier 3,Store,0,2026-03-05 14:19:15.683837
74,100269,6.5,2,30,17,39128,72675,Other,Tier 1,Store,0,2026-03-05 14:19:15.683837
19,156041,8.6,3,22,13,36636,42948,Female,Tier 1,Store,0,2026-03-05 14:19:15.683837
32,50969,9.5,3,42,11,37190,133895,Male,Tier 3,Store,0,2026-03-05 14:19:15.683837
28,228341,6.4,3,37,19,13808,4046,Male,Tier 3,Store,0,2026-03-05 14:19:15.683837
25,178521,6.3,4,48,3,98454,81640,Female,Tier 1,Store,0,2026-03-05 14:19:15.683837
43,106679,6.6,7,10,13,555,79391,Female,Tier 2,Store,0,2026-03-05 14:19:15.683837
68,171777,5.8,9,38,17,4389,149297,Female,Tier 1,Store,0,2026-03-05 14:19:15.683837
62,206375,5.2,10,47,3,82463,4703,Male,Tier 2,Online,1,2026-03-05 14:19:15.683837
61,43363,8.1,4,19,7,57185,68422,Male,Tier 1,Store,0,2026-03-05 14:19:15.683837
22,176792,5.2,7,36,17,67577,39823,Male,Tier 3,Store,0,2026-03-05 14:19:15.683837
23,156044,5.1,10,6,3,41958,124665,Other,Tier 2,Store,0,2026-03-05 14:19:15.683837
43,48351,7.8,6,34,0,30547,54565,Female,Tier 2,Store,0,2026-03-05 14:19:15.683837
71,126023,8.0,10,1,5,126652,116076,Female,Tier 1,Store,0,2026-03-05 14:19:15.683837
21,182217,10.7,9,32,12,97517,122325,Female,Tier 2,Store,0,2026-03-05 14:19:15.683837
36,102948,8.4,8,39,1,43628,28824,Female,Tier 2,Hybrid,0,2026-03-05 14:19:15.683837
37,235686,7.7,2,23,18,38947,106199,Male,Tier 1,Store,0,2026-03-05 14:19:15.683837
50,234188,7.9,3,38,11,12824,114029,Female,Tier 1,Store,0,2026-03-05 14:19:15.683837
37,71235,5.7,6,9,13,37589,8535,Female,Tier 3,Online,1,2026-03-05 14:19:15.683837
66,29855,7.1,5,45,8,7014,83674,Male,Tier 2,Store,0,2026-03-05 14:19:15.683837
29,182241,7.2,2,8,9,53896,110640,Male,Tier 1,Store,0,2026-03-05 14:19:15.683837
64,192476,4.9,2,42,6,120945,82255,Other,Tier 2,Store,0,2026-03-05 14:19:15.683837
18,165641,5.9,5,32,8,16974,835,Male,Tier 1,Online,1,2026-03-05 14:19:15.683837
43,140074,7.9,5,20,14,129590,138153,Female,Tier 2,Store,0,2026-03-05 14:19:15.683837
31,69437,6.0,1,13,19,100885,134710,Other,Tier 2,Store,0,2026-03-05 14:19:15.683837
55,194578,7.2,10,49,14,88742,3017,Other,Tier 3,Online,1,2026-03-05 14:19:15.683837
54,171810,7.8,3,22,10,53896,65828,Male,Tier 1,Store,0,2026-03-05 14:19:15.683837
79,152844,7.7,9,11,17,46195,47175,Male,Tier 2,Store,0,2026-03-05 14:19:15.683837
28,105410,9.5,10,21,1,105406,10935,Female,Tier 2,Online,1,2026-03-05 14:19:15.683837
53,34731,4.8,3,27,19,92558,29520,Male,Tier 1,Store,0,2026-03-05 14:19:15.683837
30,156203,9.3,6,26,18,125839,135028,Male,Tier 3,Store,0,2026-03-05 14:19:15.683837
60,81324,6.9,6,9,1,76279,9986,Female,Tier 2,Online,1,2026-03-05 14:19:15.683837
20,200169,7.7,2,17,19,7519,78412,Male,Tier 3,Store,0,2026-03-05 14:19:15.683837
50,96720,7.4,7,23,12,6605,67328,Female,Tier 3,Store,0,2026-03-05 14:19:15.683837
23,111433,7.3,9,2,3,32183,70667,Female,Tier 3,Store,0,2026-03-05 14:19:15.683837
67,17889,4.7,9,3,2,39640,76670,Male,Tier 1,Store,0,2026-03-05 14:19:15.683837
73,24569,7.6,8,29,14,72228,96216,Female,Tier 1,Store,0,2026-03-05 14:19:15.683837
27,102193,3.1,5,20,11,108723,47281,Other,Tier 3,Store,0,2026-03-05 14:19:15.683837
22,221749,10.2,8,21,0,110762,39436,Female,Tier 2,Store,0,2026-03-05 14:19:15.683837
40,100192,6.8,9,27,10,86711,6035,Male,Tier 2,Online,1,2026-03-05 14:19:15.683837
27,102154,8.3,1,8,16,19850,5684,Female,Tier 1,Store,0,2026-03-05 14:19:15.683837
61,223542,7.4,1,43,7,99163,31900,Other,Tier 2,Hybrid,0,2026-03-05 14:19:15.683837
19,123073,6.1,5,40,13,108139,146366,Female,Tier 1,Store,0,2026-03-05 14:19:15.683837
30,234894,4.9,7,40,4,60944,103945,Other,Tier 3,Store,0,2026-03-05 14:19:15.683837
57,22612,4.5,9,15,14,126970,139380,Other,Tier 2,Store,0,2026-03-05 14:19:15.683837
19,66644,7.6,9,36,1,84869,95747,Female,Tier 2,Store,0,2026-03-05 14:19:15.683837
37,47069,7.5,3,4,6,114613,10627,Male,Tier 1,Hybrid,0,2026-03-05 14:19:15.683837
18,96741,7.1,1,13,12,17679,114520,Male,Tier 1,Store,0,2026-03-05 14:19:15.683837
54,173403,5.8,3,13,19,103440,53975,Other,Tier 1,Store,0,2026-03-05 14:19:15.683837
26,70897,6.8,8,46,10,26884,71920,Female,Tier 1,Store,0,2026-03-05 14:19:15.683837
34,160006,5.2,7,15,13,50675,19695,Male,Tier 3,Hybrid,0,2026-03-05 14:19:15.683837
26,156167,4.6,5,38,9,57426,4822,Female,Tier 2,Online,1,2026-03-05 14:19:15.683837
28,237566,5.4,10,42,3,114322,78610,Female,Tier 1,Store,0,2026-03-05 14:19:15.683837
32,117544,5.5,9,3,19,143289,102422,Male,Tier 2,Store,0,2026-03-05 14:19:15.683837
41,33706,8.9,4,36,14,122201,132964,Female,Tier 1,Store,0,2026-03-05 14:19:15.683837
55,189588,3.3,6,13,2,64398,100817,Female,Tier 3,Store,0,2026-03-05 14:19:15.683837
72,118602,5.9,5,40,10,77118,143820,Other,Tier 2,Store,0,2026-03-05 14:19:15.683837
52,243080,7.3,6,22,19,68385,38922,Other,Tier 1,Store,0,2026-03-05 14:19:15.683837
47,49629,10.0,4,8,17,21560,112859,Male,Tier 2,Store,0,2026-03-05 14:19:15.683837
48,192982,4.8,3,23,16,92307,564,Other,Tier 3,Online,1,2026-03-05 14:19:15.683837
66,234612,3.8,5,10,13,43576,7364,Other,Tier 3,Hybrid,0,2026-03-05 14:19:15.683837
22,139746,7.4,5,27,14,63921,37225,Other,Tier 2,Store,0,2026-03-05 14:19:15.683837
79,35431,6.3,2,18,17,38089,73197,Female,Tier 1,Store,0,2026-03-05 14:19:15.683837
77,202805,5.6,10,18,2,11188,47068,Other,Tier 3,Store,0,2026-03-05 14:19:15.683837
61,55088,6.9,4,11,12,116774,61662,Female,Tier 3,Store,0,2026-03-05 14:19:15.683837
67,190207,7.7,3,46,2,121585,36448,Female,Tier 3,Store,0,2026-03-05 14:19:15.683837
31,184087,7.5,7,33,6,128430,54574,Male,Tier 1,Store,0,2026-03-05 14:19:15.683837
70,246110,6.6,5,11,18,29098,4850,Male,Tier 1,Online,1,2026-03-05 14:19:15.683837
73,46385,8.6,6,2,17,41604,105366,Other,Tier 3,Store,0,2026-03-05 14:19:15.683837
28,85199,6.4,7,29,16,10389,84530,Female,Tier 3,Store,0,2026-03-05 14:19:15.683837
26,53677,6.1,2,46,8,36015,89221,Other,Tier 1,Store,0,2026-03-05 14:19:15.683837
51,133104,7.4,10,45,13,142005,63997,Other,Tier 2,Store,0,2026-03-05 14:19:15.683837
29,27818,3.5,4,34,7,47694,107374,Female,Tier 1,Store,0,2026-03-05 14:19:15.683837
52,234294,7.2,6,14,13,81267,25608,Other,Tier 1,Store,0,2026-03-05 14:19:15.683837
52,78001,5.4,3,42,4,39750,100642,Female,Tier 3,Store,0,2026-03-05 14:19:15.683837
18,170049,3.3,6,21,19,35479,36753,Female,Tier 3,Store,0,2026-03-05 14:19:15.683837
57,64832,6.9,10,8,13,76752,78266,Male,Tier 3,Store,0,2026-03-05 14:19:15.683837
39,55931,5.1,1,27,11,138238,33800,Other,Tier 3,Store,0,2026-03-05 14:19:15.683837
77,98990,2.8,8,28,7,30887,59865,Female,Tier 2,Store,0,2026-03-05 14:19:15.683837
46,224966,4.3,10,38,0,68942,85090,Other,Tier 2,Store,0,2026-03-05 14:19:15.683837
25,87204,9.4,5,38,15,98062,121504,Male,Tier 3,Store,0,2026-03-05 14:19:15.683837
28,60784,4.9,1,38,7,143771,101460,Male,Tier 1,Store,0,2026-03-05 14:19:15.683837
58,121305,6.6,10,16,4,28511,118181,Female,Tier 3,Store,0,2026-03-05 14:19:15.683837
54,24921,3.8,10,3,2,54601,145270,Female,Tier 2,Store,0,2026-03-05 14:19:15.683837
31,49959,10.2,1,3,12,122094,116287,Male,Tier 2,Store,0,2026-03-05 14:19:15.683837
77,47328,6.1,10,6,4,137636,51659,Other,Tier 3,Store,0,2026-03-05 14:19:15.683837
47,154931,4.6,3,1,2,100206,128058,Other,Tier 2,Store,0,2026-03-05 14:19:15.683837
52,104506,7.8,6,36,13,37486,114235,Female,Tier 3,Store,0,2026-03-05 14:19:15.683837
38,89408,10.1,2,9,5,65187,118562,Male,Tier 1,Store,0,2026-03-05 14:19:15.683837
54,138852,5.2,8,17,6,96737,90793,Female,Tier 1,Store,0,2026-03-05 14:19:15.683837
22,230838,4.6,10,27,5,8553,37654,Female,Tier 1,Store,0,2026-03-05 14:19:15.683837
36,41708,10.6,7,45,13,136981,127026,Male,Tier 3,Store,0,2026-03-05 14:19:15.683837
76,33847,5.8,2,34,3,38132,92919,Male,Tier 1,Store,0,2026-03-05 14:19:15.683837
31,70989,5.5,1,34,19,8495,79125,Male,Tier 3,Store,0,2026-03-05 14:19:15.683837
43,238713,1.7,7,29,18,135638,20762,Male,Tier 2,Store,0,2026-03-05 14:19:15.683837
79,140383,5.9,7,20,9,137040,102676,Female,Tier 1,Store,0,2026-03-05 14:19:15.683837
21,19922,3.3,3,24,12,95929,133822,Other,Tier 2,Store,0,2026-03-05 14:19:15.683837
42,216000,4.9,10,12,11,121977,69725,Male,Tier 1,Store,0,2026-03-05 14:19:15.683837
62,67335,2.0,8,6,13,87706,111234,Male,Tier 3,Store,0,2026-03-05 14:19:15.683837
59,141913,8.5,8,5,12,121642,75343,Other,Tier 2,Store,0,2026-03-05 14:19:15.683837
42,159613,3.1,5,19,18,23686,83729,Female,Tier 3,Store,0,2026-03-05 14:19:15.683837
35,34551,2.1,7,44,8,25462,53725,Female,Tier 2,Store,0,2026-03-05 14:19:15.683837
57,165453,4.2,3,4,15,138600,113418,Female,Tier 2,Store,0,2026-03-05 14:19:15.683837
25,128319,8.5,6,37,8,144135,47041,Male,Tier 1,Store,0,2026-03-05 14:19:15.683837
56,70673,5.1,3,43,5,46700,49350,Male,Tier 1,Store,0,2026-03-05 14:19:15.683837
57,116531,5.4,9,39,13,108858,6180,Male,Tier 3,Online,1,2026-03-05 14:19:15.683837
31,37948,7.0,7,24,6,108152,3234,Female,Tier 1,Online,1,2026-03-05 14:19:15.683837
49,107264,5.7,1,17,18,26892,74861,Other,Tier 1,Store,0,2026-03-05 14:19:15.683837
68,74072,8.5,8,23,2,131624,42076,Other,Tier 2,Store,0,2026-03-05 14:19:15.683837
78,82560,5.5,9,14,14,137920,69553,Female,Tier 1,Store,0,2026-03-05 14:19:15.683837
55,228321,5.6,10,7,11,8248,48250,Female,Tier 3,Store,0,2026-03-05 14:19:15.683837
50,148558,10.5,2,12,0,68991,113469,Male,Tier 1,Store,0,2026-03-05 14:19:15.683837
40,81691,6.1,1,38,10,138806,25053,Male,Tier 1,Store,0,2026-03-05 14:19:15.683837
32,156154,6.5,4,47,2,84777,20806,Female,Tier 2,Online,1,2026-03-05 14:19:15.683837
50,117781,5.6,9,24,16,84702,134036,Male,Tier 2,Store,0,2026-03-05 14:19:15.683837
42,99105,1.1,6,22,12,78284,81987,Other,Tier 1,Store,0,2026-03-05 14:19:15.683837
34,22086,7.7,10,4,7,30332,95125,Other,Tier 1,Store,0,2026-03-05 14:19:15.683837
50,142818,9.3,8,21,12,47786,115339,Male,Tier 2,Store,0,2026-03-05 14:19:15.683837
64,82853,8.5,7,46,7,120262,14339,Other,Tier 1,Online,1,2026-03-05 14:19:15.683837
72,116925,4.9,5,21,7,135415,13814,Male,Tier 1,Store,0,2026-03-05 14:19:15.683837
19,85027,5.7,5,24,12,96252,62916,Female,Tier 1,Store,0,2026-03-05 14:19:15.683837
31,30916,6.7,6,46,11,76317,18194,Other,Tier 2,Online,1,2026-03-05 14:19:15.683837
70,30248,6.6,6,0,4,10760,6390,Female,Tier 3,Online,1,2026-03-05 14:19:15.683837
57,214119,7.4,5,3,12,41085,105087,Male,Tier 2,Store,0,2026-03-05 14:19:15.683837
57,39226,6.4,8,31,11,34813,83609,Female,Tier 3,Store,0,2026-03-05 14:19:15.683837
68,171097,5.3,3,25,18,88244,67921,Male,Tier 1,Store,0,2026-03-05 14:19:15.683837
56,63380,6.3,9,35,9,95831,32569,Male,Tier 2,Store,0,2026-03-05 14:19:15.683837
68,22848,8.0,5,14,14,104502,68373,Male,Tier 3,Store,0,2026-03-05 14:19:15.683837
23,29274,11.8,9,34,1,77654,55625,Female,Tier 1,Store,0,2026-03-05 14:19:15.683837
23,69545,5.0,5,37,5,142304,82196,Other,Tier 1,Store,0,2026-03-05 14:19:15.683837
20,111494,6.5,3,26,15,120319,45951,Male,Tier 3,Store,0,2026-03-05 14:19:15.683837
24,130981,5.3,9,13,0,127172,53253,Other,Tier 2,Store,0,2026-03-05 14:19:15.683837
68,181305,6.6,2,33,1,3462,114333,Female,Tier 1,Store,0,2026-03-05 14:19:15.683837
25,31304,8.0,5,24,14,75197,127308,Male,Tier 1,Store,0,2026-03-05 14:19:15.683837
59,26294,5.6,3,26,15,76318,96792,Other,Tier 1,Store,0,2026-03-05 14:19:15.683837
69,41425,1.9,7,20,7,109645,92957,Other,Tier 2,Store,0,2026-03-05 14:19:15.683837
32,214783,8.1,4,47,13,75131,23811,Male,Tier 2,Online,1,2026-03-05 14:19:15.683837
64,125777,6.3,8,34,9,4263,147794,Male,Tier 3,Store,0,2026-03-05 14:19:15.683837
46,239383,5.3,1,5,14,58586,51805,Other,Tier 1,Store,0,2026-03-05 14:19:15.683837
50,155497,4.9,5,34,2,130549,142401,Other,Tier 1,Store,0,2026-03-05 14:19:15.683837
69,106549,6.6,8,25,5,91177,654,Male,Tier 2,Online,1,2026-03-05 14:19:15.683837
47,108464,4.6,2,14,1,104194,118382,Female,Tier 3,Store,0,2026-03-05 14:19:15.683837
56,191062,4.8,6,4,8,37975,9465,Male,Tier 1,Online,1,2026-03-05 14:19:15.683837
44,121748,3.5,7,25,6,32311,70214,Other,Tier 1,Store,0,2026-03-05 14:19:15.683837
53,219818,4.6,6,32,18,68709,89707,Female,Tier 1,Store,0,2026-03-05 14:19:15.683837
46,83295,7.3,10,24,5,129172,42258,Male,Tier 3,Store,0,2026-03-05 14:19:15.683837
55,31091,3.2,3,16,0,127976,43482,Male,Tier 3,Store,0,2026-03-05 14:19:15.683837
74,134943,8.3,6,43,13,702,70134,Male,Tier 1,Store,0,2026-03-05 14:19:15.683837
50,146074,3.6,7,19,7,115936,147428,Other,Tier 3,Store,0,2026-03-05 14:19:15.683837
78,65411,6.3,3,41,7,145741,110435,Male,Tier 1,Store,0,2026-03-05 14:19:15.683837
54,187030,7.0,10,1,5,34469,24459,Other,Tier 1,Online,1,2026-03-05 14:19:15.683837
44,110696,7.6,2,7,14,63505,44504,Female,Tier 2,Store,0,2026-03-05 14:19:15.683837
72,166779,7.6,3,18,18,91371,118502,Female,Tier 2,Store,0,2026-03-05 14:19:15.683837
50,161320,5.8,1,28,19,4052,134162,Other,Tier 2,Store,0,2026-03-05 14:19:15.683837
79,86309,5.7,7,47,16,58848,75554,Other,Tier 1,Store,0,2026-03-05 14:19:15.683837
21,224394,7.2,4,18,5,84882,115966,Male,Tier 1,Store,0,2026-03-05 14:19:15.683837
39,197792,6.6,3,8,6,80962,34859,Male,Tier 3,Store,0,2026-03-05 14:19:15.683837
19,161109,5.3,6,7,9,94523,9465,Other,Tier 1,Online,1,2026-03-05 14:19:15.683837
27,82421,6.7,3,48,8,1462,138868,Female,Tier 1,Store,0,2026-03-05 14:19:15.683837
22,227939,5.7,10,14,4,118443,112447,Male,Tier 1,Store,0,2026-03-05 14:19:15.683837
76,55612,4.8,3,33,1,29450,17909,Other,Tier 2,Store,0,2026-03-05 14:19:15.683837
27,234103,5.2,9,3,12,16984,59543,Female,Tier 3,Store,0,2026-03-05 14:19:15.683837
50,28450,7.0,2,26,10,16219,26435,Female,Tier 2,Hybrid,0,2026-03-05 14:19:15.683837
71,24491,4.1,5,37,10,113639,20660,Female,Tier 3,Online,1,2026-03-05 14:19:15.683837
55,132026,8.2,10,46,14,92269,10352,Male,Tier 3,Online,1,2026-03-05 14:19:15.683837
30,89804,4.9,10,12,13,43791,127252,Male,Tier 2,Store,0,2026-03-05 14:19:15.683837
48,108293,1.5,2,31,10,139255,80437,Female,Tier 3,Store,0,2026-03-05 14:19:15.683837
64,134498,7.1,6,34,12,17000,56272,Other,Tier 2,Store,0,2026-03-05 14:19:15.683837
53,152863,1.0,4,47,17,21859,130407,Male,Tier 1,Store,0,2026-03-05 14:19:15.683837
62,120475,4.0,7,45,6,63840,73532,Female,Tier 3,Store,0,2026-03-05 14:19:15.683837
41,43314,10.8,1,35,16,104620,91387,Other,Tier 2,Store,0,2026-03-05 14:19:15.683837
69,66883,8.1,8,9,10,77495,141007,Other,Tier 1,Store,0,2026-03-05 14:19:15.683837
73,240191,8.0,2,22,5,66570,6518,Female,Tier 3,Online,1,2026-03-05 14:19:15.683837
32,102086,3.8,4,22,13,13039,114591,Male,Tier 2,Store,0,2026-03-05 14:19:15.683837
46,211701,5.6,7,3,5,78757,114873,Other,Tier 1,Store,0,2026-03-05 14:19:15.683837
25,116291,8.5,8,43,13,127320,2976,Male,Tier 3,Online,1,2026-03-05 14:19:15.683837
22,24967,7.3,9,4,18,72607,73550,Female,Tier 2,Store,0,2026-03-05 14:19:15.683837
46,227826,8.3,5,3,2,133984,77258,Other,Tier 3,Store,0,2026-03-05 14:19:15.683837
64,58220,9.6,9,29,16,69824,2864,Male,Tier 1,Online,1,2026-03-05 14:19:15.683837
21,220235,7.3,9,40,19,47084,120257,Other,Tier 3,Store,0,2026-03-05 14:19:15.683837
29,151019,3.5,3,32,6,129476,2644,Other,Tier 2,Online,1,2026-03-05 14:19:15.683837
62,185491,7.2,7,47,16,2833,25825,Male,Tier 2,Online,1,2026-03-05 14:19:15.683837
19,71131,5.5,8,39,9,141639,9649,Female,Tier 1,Online,1,2026-03-05 14:19:15.683837
44,234786,3.4,1,12,17,14685,112894,Other,Tier 1,Store,0,2026-03-05 14:19:15.683837
48,43876,7.8,10,17,17,98296,25952,Other,Tier 1,Online,1,2026-03-05 14:19:15.683837
68,234516,8.4,5,31,12,17884,93197,Male,Tier 1,Store,0,2026-03-05 14:19:15.683837
68,116448,5.8,1,32,7,137528,86243,Male,Tier 3,Store,0,2026-03-05 14:19:15.683837
53,166043,6.6,3,6,4,4457,105243,Female,Tier 1,Store,0,2026-03-05 14:19:15.683837
53,208611,1.9,2,13,0,30433,132162,Male,Tier 3,Store,0,2026-03-05 14:19:15.683837
43,244192,8.2,2,39,16,88298,107599,Other,Tier 2,Store,0,2026-03-05 14:19:15.683837
60,64228,7.6,4,47,4,95128,77449,Male,Tier 3,Store,0,2026-03-05 14:19:15.683837
44,89495,6.5,5,13,15,31445,69532,Female,Tier 2,Store,0,2026-03-05 14:19:15.683837
22,43261,3.5,1,9,17,14561,49966,Male,Tier 1,Store,0,2026-03-05 14:19:15.683837
37,121601,2.7,6,40,2,116837,61253,Male,Tier 1,Store,0,2026-03-05 14:19:15.683837
28,76260,10.1,5,38,17,91449,46303,Other,Tier 1,Store,0,2026-03-05 14:19:15.683837
79,227443,4.0,4,36,8,62685,20627,Female,Tier 3,Store,0,2026-03-05 14:19:15.683837
27,230865,6.3,6,45,13,56377,144482,Other,Tier 1,Store,0,2026-03-05 14:19:15.683837
57,149418,4.1,2,17,16,35026,75321,Other,Tier 2,Store,0,2026-03-05 14:19:15.683837
55,242415,1.4,8,18,18,48438,68837,Other,Tier 3,Store,0,2026-03-05 14:19:15.683837
23,242026,6.9,6,39,14,99623,77247,Female,Tier 3,Store,0,2026-03-05 14:19:15.683837
25,71176,7.2,3,41,7,124743,64786,Female,Tier 1,Store,0,2026-03-05 14:19:15.683837
40,67300,2.7,4,42,3,136406,4617,Other,Tier 3,Online,1,2026-03-05 14:19:15.683837
64,157412,8.2,2,36,14,145831,18561,Male,Tier 3,Store,0,2026-03-05 14:19:15.683837
43,48012,4.9,4,46,16,26514,22716,Male,Tier 1,Store,0,2026-03-05 14:19:15.683837
63,181465,3.8,9,2,10,101104,103811,Male,Tier 1,Store,0,2026-03-05 14:19:15.683837
60,117153,3.7,4,6,11,59958,57475,Male,Tier 2,Store,0,2026-03-05 14:19:15.683837
29,221205,7.7,8,6,13,77039,91665,Male,Tier 1,Store,0,2026-03-05 14:19:15.683837
43,171629,2.2,3,37,6,145529,4191,Other,Tier 1,Online,1,2026-03-05 14:19:15.683837
30,210276,3.5,5,5,2,91100,44415,Male,Tier 1,Store,0,2026-03-05 14:19:15.683837
57,88273,6.9,2,9,10,107061,107217,Male,Tier 2,Store,0,2026-03-05 14:19:15.683837
79,127328,6.6,9,43,1,87347,82674,Female,Tier 3,Store,0,2026-03-05 14:19:15.683837
35,125304,4.0,9,35,16,68382,101376,Female,Tier 2,Store,0,2026-03-05 14:19:15.683837
42,121637,8.6,10,36,9,99681,14503,Female,Tier 3,Online,1,2026-03-05 14:19:15.683837
50,163348,3.8,7,47,0,29615,82913,Other,Tier 1,Store,0,2026-03-05 14:19:15.683837
64,69639,5.6,2,26,12,100150,82500,Female,Tier 3,Store,0,2026-03-05 14:19:15.683837
57,136939,5.3,4,44,13,60946,102366,Male,Tier 3,Store,0,2026-03-05 14:19:15.683837
77,22310,5.3,6,0,16,82364,74452,Female,Tier 2,Store,0,2026-03-05 14:19:15.683837
60,181239,5.6,9,0,9,47771,143674,Male,Tier 2,Store,0,2026-03-05 14:19:15.683837
29,117944,5.5,6,47,19,48443,24664,Female,Tier 1,Store,0,2026-03-05 14:19:15.683837
61,230952,5.5,4,20,14,43529,66872,Female,Tier 2,Store,0,2026-03-05 14:19:15.683837
53,156463,5.6,1,36,16,28272,39892,Male,Tier 3,Store,0,2026-03-05 14:19:15.683837
65,137013,8.2,7,27,12,33987,97665,Female,Tier 1,Store,0,2026-03-05 14:19:15.683837
21,196693,5.5,7,48,7,122774,81522,Male,Tier 2,Store,0,2026-03-05 14:19:15.683837
22,156964,7.4,6,38,6,21079,20168,Female,Tier 3,Online,1,2026-03-05 14:19:15.683837
73,91733,6.3,3,35,16,83183,61765,Male,Tier 1,Store,0,2026-03-05 14:19:15.683837
54,224658,6.7,5,1,4,3898,23630,Female,Tier 3,Store,0,2026-03-05 14:19:15.683837
25,182214,7.6,7,1,3,104548,52122,Male,Tier 1,Store,0,2026-03-05 14:19:15.683837
59,191751,3.7,6,3,16,4573,65805,Female,Tier 1,Store,0,2026-03-05 14:19:15.683837
66,187687,7.3,7,1,3,17726,97515,Female,Tier 2,Store,0,2026-03-05 14:19:15.683837
45,193625,5.6,5,0,19,97278,126772,Other,Tier 1,Store,0,2026-03-05 14:19:15.683837
48,124264,4.1,1,48,19,81344,118016,Other,Tier 2,Store,0,2026-03-05 14:19:15.683837
75,94071,7.6,10,39,10,10743,53590,Female,Tier 3,Store,0,2026-03-05 14:19:15.683837
26,187074,5.1,5,17,9,9718,92267,Other,Tier 1,Store,0,2026-03-05 14:19:15.683837
71,137611,6.8,2,40,2,147128,109385,Female,Tier 2,Store,0,2026-03-05 14:19:15.683837
68,85658,1.0,10,33,15,85311,17634,Other,Tier 2,Store,0,2026-03-05 14:19:15.683837
46,24852,7.5,10,26,12,125589,29000,Female,Tier 3,Online,1,2026-03-05 14:19:15.683837
31,20387,11.2,2,35,6,80959,86567,Other,Tier 2,Store,0,2026-03-05 14:19:15.683837
57,142571,6.0,4,38,10,24616,65259,Other,Tier 2,Store,0,2026-03-05 14:19:15.683837
58,112295,5.5,6,25,18,90905,68605,Other,Tier 2,Store,0,2026-03-05 14:19:15.683837
39,145381,5.1,5,10,1,145346,141746,Male,Tier 1,Store,0,2026-03-05 14:19:15.683837
28,54994,7.1,7,39,9,61256,110306,Female,Tier 1,Store,0,2026-03-05 14:19:15.683837
40,249484,5.4,10,2,10,88298,103163,Male,Tier 3,Store,0,2026-03-05 14:19:15.683837
18,131912,7.3,8,48,12,5623,121901,Other,Tier 3,Store,0,2026-03-05 14:19:15.683837
63,246486,9.4,10,27,19,78014,28535,Other,Tier 3,Store,0,2026-03-05 14:19:15.683837
54,179797,7.7,1,35,0,98365,133909,Female,Tier 2,Store,0,2026-03-05 14:19:15.683837
38,218754,5.7,8,15,17,93626,125843,Male,Tier 1,Store,0,2026-03-05 14:19:15.683837
43,146632,3.8,3,34,6,71941,56799,Male,Tier 3,Store,0,2026-03-05 14:19:15.683837
63,139210,5.2,10,21,6,85775,134888,Other,Tier 2,Store,0,2026-03-05 14:19:15.683837
53,71565,5.7,10,15,1,141779,79741,Other,Tier 3,Store,0,2026-03-05 14:19:15.683837
71,16312,3.4,2,32,7,70717,44443,Other,Tier 2,Store,0,2026-03-05 14:19:15.683837
40,164277,8.2,2,12,10,50389,132032,Other,Tier 3,Store,0,2026-03-05 14:19:15.683837
74,140882,7.1,5,48,16,51891,30127,Male,Tier 2,Store,0,2026-03-05 14:19:15.683837
18,157667,3.9,2,27,14,26758,94401,Other,Tier 1,Store,0,2026-03-05 14:19:15.683837
71,102566,2.4,4,43,11,123125,108983,Female,Tier 3,Store,0,2026-03-05 14:19:15.683837
72,36329,7.4,3,15,19,30917,46955,Female,Tier 3,Store,0,2026-03-05 14:19:15.683837
68,249750,2.7,8,1,7,31041,11638,Other,Tier 3,Store,0,2026-03-05 14:19:15.683837
57,83187,6.2,9,25,4,108472,71793,Other,Tier 3,Store,0,2026-03-05 14:19:15.683837
32,90542,5.2,6,41,7,93741,36086,Male,Tier 2,Store,0,2026-03-05 14:19:15.683837
38,123237,7.6,4,27,12,5253,14131,Male,Tier 2,Online,1,2026-03-05 14:19:15.683837
64,129476,7.6,2,2,13,44774,44707,Male,Tier 1,Store,0,2026-03-05 14:19:15.683837
26,50645,4.4,8,43,13,3210,28539,Female,Tier 3,Store,0,2026-03-05 14:19:15.683837
70,102502,7.8,3,20,0,71461,45104,Female,Tier 3,Store,0,2026-03-05 14:19:15.683837
26,239454,5.4,2,31,0,67703,67687,Female,Tier 2,Store,0,2026-03-05 14:19:15.683837
27,102310,6.0,4,5,8,11349,117774,Female,Tier 1,Store,0,2026-03-05 14:19:15.683837
69,84619,6.1,2,4,6,39423,97084,Other,Tier 1,Store,0,2026-03-05 14:19:15.683837
74,48513,10.5,3,23,8,26384,43449,Female,Tier 1,Store,0,2026-03-05 14:19:15.683837
70,23749,5.8,9,0,1,78585,128519,Other,Tier 3,Store,0,2026-03-05 14:19:15.683837
43,176855,2.7,7,22,7,46153,48471,Male,Tier 1,Store,0,2026-03-05 14:19:15.683837
58,75645,4.6,1,15,0,84392,149373,Male,Tier 3,Store,0,2026-03-05 14:19:15.683837
52,228933,7.5,10,7,3,142542,121271,Other,Tier 2,Store,0,2026-03-05 14:19:15.683837
69,68175,5.4,5,44,11,38074,107125,Other,Tier 1,Store,0,2026-03-05 14:19:15.683837
42,230288,6.0,5,24,3,99350,126068,Female,Tier 3,Store,0,2026-03-05 14:19:15.683837
43,208781,5.1,9,45,18,145787,95646,Female,Tier 3,Store,0,2026-03-05 14:19:15.683837
28,163395,1.0,1,10,6,36502,40621,Male,Tier 1,Store,0,2026-03-05 14:19:15.683837
55,65762,4.4,1,11,0,94725,568,Female,Tier 3,Online,1,2026-03-05 14:19:15.683837
19,234292,5.8,10,44,10,31114,118267,Male,Tier 1,Store,0,2026-03-05 14:19:15.683837
24,79222,2.5,7,7,3,13137,140775,Male,Tier 2,Store,0,2026-03-05 14:19:15.683837
35,180565,3.6,7,9,3,36656,91523,Male,Tier 3,Store,0,2026-03-05 14:19:15.683837
44,204400,5.3,8,34,11,101228,967,Other,Tier 1,Online,1,2026-03-05 14:19:15.683837
51,27213,5.3,4,37,16,1253,124033,Other,Tier 1,Store,0,2026-03-05 14:19:15.683837
44,112367,6.8,7,20,10,52501,84849,Male,Tier 3,Store,0,2026-03-05 14:19:15.683837
34,193002,5.4,6,17,4,132724,75294,Male,Tier 1,Store,0,2026-03-05 14:19:15.683837
60,173785,6.7,1,17,1,121404,113693,Male,Tier 1,Store,0,2026-03-05 14:19:15.683837
76,122157,4.6,2,25,8,67551,137314,Male,Tier 3,Store,0,2026-03-05 14:19:15.683837
61,218795,6.4,8,19,15,136307,106315,Female,Tier 3,Store,0,2026-03-05 14:19:15.683837
76,244408,8.9,6,24,17,134957,115445,Male,Tier 2,Store,0,2026-03-05 14:19:15.683837
68,47583,6.6,7,30,11,98311,88796,Other,Tier 3,Store,0,2026-03-05 14:19:15.683837
71,143792,5.5,8,17,11,124896,126265,Female,Tier 2,Store,0,2026-03-05 14:19:15.683837
41,94944,4.1,5,15,3,139935,62996,Male,Tier 2,Store,0,2026-03-05 14:19:15.683837
42,37369,6.2,5,44,17,108925,92088,Other,Tier 1,Store,0,2026-03-05 14:19:15.683837
24,194000,5.6,2,42,15,13089,126623,Female,Tier 1,Store,0,2026-03-05 14:19:15.683837
69,215022,7.1,4,17,4,101726,46667,Other,Tier 3,Store,0,2026-03-05 14:19:15.683837
23,130844,2.4,2,47,1,79344,147156,Female,Tier 1,Store,0,2026-03-05 14:19:15.683837
70,34510,5.6,7,13,12,36699,98404,Male,Tier 2,Store,0,2026-03-05 14:19:15.683837
41,27120,6.8,9,6,10,140035,57496,Male,Tier 1,Store,0,2026-03-05 14:19:15.683837
50,114847,6.3,2,37,2,43930,45735,Female,Tier 2,Store,0,2026-03-05 14:19:15.683837
66,113575,5.3,4,48,5,61268,134960,Female,Tier 3,Store,0,2026-03-05 14:19:15.683837
46,144269,5.3,8,28,13,132238,61248,Other,Tier 3,Store,0,2026-03-05 14:19:15.683837
60,20295,3.8,9,22,5,13507,46248,Other,Tier 3,Store,0,2026-03-05 14:19:15.683837
39,35460,6.8,4,46,12,16706,21604,Female,Tier 2,Hybrid,0,2026-03-05 14:19:15.683837
43,29963,6.8,8,41,0,57411,139715,Male,Tier 2,Store,0,2026-03-05 14:19:15.683837
45,92116,3.2,7,48,16,46468,38490,Other,Tier 1,Store,0,2026-03-05 14:19:15.683837
67,233894,7.5,5,33,10,99099,121729,Other,Tier 2,Store,0,2026-03-05 14:19:15.683837
38,42328,4.7,4,16,1,139872,45311,Other,Tier 2,Store,0,2026-03-05 14:19:15.683837
66,99629,5.2,6,44,1,48215,131908,Female,Tier 1,Store,0,2026-03-05 14:19:15.683837
24,139034,9.7,6,17,15,140557,132037,Female,Tier 3,Store,0,2026-03-05 14:19:15.683837
34,36605,9.2,2,18,11,55017,34303,Other,Tier 1,Store,0,2026-03-05 14:19:15.683837
37,125901,3.1,3,1,8,30476,128781,Male,Tier 3,Store,0,2026-03-05 14:19:15.683837
58,190885,3.4,6,28,4,21847,123279,Male,Tier 3,Store,0,2026-03-05 14:19:15.683837
66,192443,3.9,4,1,13,27293,17600,Male,Tier 1,Store,0,2026-03-05 14:19:15.683837
37,123241,9.2,3,17,2,67573,148599,Female,Tier 1,Store,0,2026-03-05 14:19:15.683837
71,62598,4.8,4,38,6,13391,4551,Male,Tier 3,Online,1,2026-03-05 14:19:15.683837
39,206848,3.1,6,41,17,132852,94461,Male,Tier 1,Store,0,2026-03-05 14:19:15.683837
45,87258,8.5,3,35,14,34794,108324,Other,Tier 2,Store,0,2026-03-05 14:19:15.683837
78,55969,7.2,1,35,3,114203,123938,Other,Tier 3,Store,0,2026-03-05 14:19:15.683837
57,182984,10.5,6,20,12,131863,146662,Other,Tier 2,Store,0,2026-03-05 14:19:15.683837
66,184446,7.2,2,32,17,97012,126141,Other,Tier 1,Store,0,2026-03-05 14:19:15.683837
24,218374,5.9,9,1,15,132788,36186,Other,Tier 3,Store,0,2026-03-05 14:19:15.683837
18,77784,6.5,6,9,0,40262,74239,Other,Tier 1,Store,0,2026-03-05 14:19:15.683837
49,195954,5.1,1,14,1,51529,7170,Female,Tier 3,Store,0,2026-03-05 14:19:15.683837
30,162000,8.6,4,11,1,842,114627,Female,Tier 2,Store,0,2026-03-05 14:19:15.683837
47,36274,8.7,5,2,15,48049,565,Other,Tier 1,Hybrid,0,2026-03-05 14:19:15.683837
40,144994,2.8,8,3,7,68154,108994,Female,Tier 1,Store,0,2026-03-05 14:19:15.683837
68,49416,7.9,3,8,0,114965,115778,Female,Tier 1,Store,0,2026-03-05 14:19:15.683837
76,232220,3.9,9,45,14,111074,80074,Male,Tier 3,Store,0,2026-03-05 14:19:15.683837
73,207070,10.8,9,41,16,32636,72517,Male,Tier 3,Store,0,2026-03-05 14:19:15.683837
36,115434,9.0,10,9,16,93600,67920,Other,Tier 3,Store,0,2026-03-05 14:19:15.683837
79,175119,3.7,5,30,2,117803,75160,Other,Tier 3,Store,0,2026-03-05 14:19:15.683837
49,189428,6.5,4,36,11,40214,55181,Female,Tier 1,Store,0,2026-03-05 14:19:15.683837
47,183206,8.0,7,10,4,14986,119085,Other,Tier 2,Store,0,2026-03-05 14:19:15.683837
46,213114,4.8,9,26,12,144651,16731,Male,Tier 2,Online,1,2026-03-05 14:19:15.683837
66,66310,3.3,6,45,6,15209,147175,Other,Tier 1,Store,0,2026-03-05 14:19:15.683837
62,95758,6.2,7,5,0,135662,35636,Male,Tier 2,Store,0,2026-03-05 14:19:15.683837
46,158435,5.7,1,42,16,91865,25148,Male,Tier 3,Store,0,2026-03-05 14:19:15.683837
47,231221,4.2,4,29,12,73557,118670,Female,Tier 3,Store,0,2026-03-05 14:19:15.683837
33,190635,8.5,2,42,10,39983,60439,Female,Tier 3,Store,0,2026-03-05 14:19:15.683837
57,45628,3.4,1,34,16,39061,77742,Female,Tier 2,Store,0,2026-03-05 14:19:15.683837
36,84672,5.8,7,44,12,31122,13217,Other,Tier 1,Online,1,2026-03-05 14:19:15.683837
35,61246,6.4,10,17,3,81431,84241,Female,Tier 2,Store,0,2026-03-05 14:19:15.683837
18,157233,6.6,4,49,4,138313,87749,Other,Tier 3,Store,0,2026-03-05 14:19:15.683837
31,247065,8.3,2,5,13,50566,24516,Other,Tier 2,Store,0,2026-03-05 14:19:15.683837
68,104110,5.5,5,12,15,62873,128613,Other,Tier 2,Store,0,2026-03-05 14:19:15.683837
64,238510,1.0,7,37,5,25757,56600,Female,Tier 1,Store,0,2026-03-05 14:19:15.683837
67,17810,5.2,2,11,1,116267,32750,Female,Tier 1,Store,0,2026-03-05 14:19:15.683837
19,205932,7.5,7,6,12,30127,83023,Male,Tier 1,Store,0,2026-03-05 14:19:15.683837
71,223271,5.7,3,13,17,141435,5143,Male,Tier 2,Store,0,2026-03-05 14:19:15.683837
45,86688,5.7,8,8,3,70871,30765,Female,Tier 2,Store,0,2026-03-05 14:19:15.683837
66,80548,7.1,7,34,15,14545,138661,Other,Tier 1,Store,0,2026-03-05 14:19:15.683837
67,208435,7.3,1,46,3,65254,92593,Male,Tier 3,Store,0,2026-03-05 14:19:15.683837
47,26162,2.4,9,6,15,51683,128049,Male,Tier 2,Store,0,2026-03-05 14:19:15.683837
55,102858,6.0,6,38,16,82746,44057,Female,Tier 2,Store,0,2026-03-05 14:19:15.683837
68,88535,5.6,4,20,2,143383,48230,Other,Tier 1,Store,0,2026-03-05 14:19:15.683837
21,153291,6.2,6,18,5,134810,136392,Female,Tier 3,Store,0,2026-03-05 14:19:15.683837
18,85864,2.1,2,26,18,129888,134882,Other,Tier 3,Store,0,2026-03-05 14:19:15.683837
25,149693,8.6,2,1,1,101271,71010,Male,Tier 2,Store,0,2026-03-05 14:19:15.683837
46,133371,6.0,8,13,13,48776,88541,Male,Tier 3,Store,0,2026-03-05 14:19:15.683837
72,104792,6.8,10,36,2,30473,4106,Male,Tier 2,Online,1,2026-03-05 14:19:15.683837
56,190505,9.5,5,32,6,125834,137513,Female,Tier 2,Store,0,2026-03-05 14:19:15.683837
20,222922,6.9,7,43,10,82673,33864,Other,Tier 3,Store,0,2026-03-05 14:19:15.683837
49,81188,2.9,1,11,14,47866,40759,Female,Tier 2,Store,0,2026-03-05 14:19:15.683837
27,201023,5.8,6,20,17,67592,42544,Female,Tier 3,Store,0,2026-03-05 14:19:15.683837
27,96718,7.3,10,29,3,36161,84950,Other,Tier 1,Store,0,2026-03-05 14:19:15.683837
36,51558,6.1,7,21,2,99384,96861,Female,Tier 2,Store,0,2026-03-05 14:19:15.683837
63,143938,9.4,10,1,15,22872,74023,Other,Tier 3,Store,0,2026-03-05 14:19:15.683837
51,161731,4.3,7,28,7,42060,140222,Male,Tier 3,Store,0,2026-03-05 14:19:15.683837
77,49413,8.5,10,23,7,123263,96676,Male,Tier 3,Store,0,2026-03-05 14:19:15.683837
50,25435,7.7,3,31,3,29180,32408,Other,Tier 3,Store,0,2026-03-05 14:19:15.683837
40,199983,6.2,9,44,15,15220,138889,Other,Tier 2,Store,0,2026-03-05 14:19:15.683837
72,43067,6.7,9,11,3,25758,35869,Male,Tier 1,Store,0,2026-03-05 14:19:15.683837
45,102794,4.0,5,6,5,48464,142884,Male,Tier 2,Store,0,2026-03-05 14:19:15.683837
49,108823,5.4,9,1,5,45790,82304,Female,Tier 2,Store,0,2026-03-05 14:19:15.683837
67,84224,7.2,7,39,17,85897,25265,Female,Tier 1,Store,0,2026-03-05 14:19:15.683837
24,219297,5.7,7,18,11,54755,137239,Female,Tier 1,Store,0,2026-03-05 14:19:15.683837
46,16379,6.1,9,17,7,73977,71320,Other,Tier 3,Store,0,2026-03-05 14:19:15.683837
25,117547,8.0,2,33,13,73899,101766,Male,Tier 3,Store,0,2026-03-05 14:19:15.683837
18,123541,2.2,10,1,6,3047,112859,Other,Tier 1,Store,0,2026-03-05 14:19:15.683837
74,173696,6.7,5,44,1,61377,6109,Other,Tier 3,Online,1,2026-03-05 14:19:15.683837
72,237572,9.6,8,37,7,64221,30125,Female,Tier 3,Online,1,2026-03-05 14:19:15.683837
20,234499,5.2,8,39,10,32026,140082,Female,Tier 2,Store,0,2026-03-05 14:19:15.683837
41,129634,3.5,3,18,16,35732,136234,Other,Tier 3,Store,0,2026-03-05 14:19:15.683837
40,143701,5.2,5,5,9,41297,110092,Other,Tier 3,Store,0,2026-03-05 14:19:15.683837
76,72745,3.0,4,40,6,36248,19760,Male,Tier 3,Hybrid,0,2026-03-05 14:19:15.683837
78,197877,6.5,4,46,5,91112,80977,Female,Tier 1,Store,0,2026-03-05 14:19:15.683837
25,118915,5.9,2,16,8,104918,66040,Other,Tier 2,Store,0,2026-03-05 14:19:15.683837
71,158588,6.6,6,22,18,14985,94007,Female,Tier 3,Store,0,2026-03-05 14:19:15.683837
74,225494,5.7,1,39,4,63250,105427,Male,Tier 3,Store,0,2026-03-05 14:19:15.683837
64,231915,6.4,8,8,4,47173,140163,Other,Tier 2,Store,0,2026-03-05 14:19:15.683837
54,144560,6.9,10,36,2,70461,5812,Female,Tier 3,Online,1,2026-03-05 14:19:15.683837
20,170915,3.6,9,37,3,102027,119404,Female,Tier 3,Store,0,2026-03-05 14:19:15.683837
68,151984,6.7,5,20,11,63755,49877,Male,Tier 1,Store,0,2026-03-05 14:19:15.683837
50,167586,8.9,6,20,5,49299,52832,Other,Tier 3,Store,0,2026-03-05 14:19:15.683837
45,233431,4.1,1,26,9,14505,37537,Other,Tier 1,Store,0,2026-03-05 14:19:15.683837
64,203104,6.6,6,10,7,84072,2275,Female,Tier 2,Online,1,2026-03-05 14:19:15.683837
25,174869,8.6,1,38,16,125345,132499,Female,Tier 3,Store,0,2026-03-05 14:19:15.683837
51,152521,3.7,5,29,5,35265,137136,Male,Tier 3,Store,0,2026-03-05 14:19:15.683837
52,147797,7.6,9,27,4,122287,82832,Male,Tier 2,Store,0,2026-03-05 14:19:15.683837
49,96406,5.6,5,19,9,111394,80747,Male,Tier 2,Store,0,2026-03-05 14:19:15.683837
41,24304,8.0,3,46,11,94322,69432,Male,Tier 3,Store,0,2026-03-05 14:19:15.683837
31,219130,4.4,4,44,13,111596,96202,Male,Tier 3,Store,0,2026-03-05 14:19:15.683837
49,140555,6.0,3,46,2,47132,32755,Female,Tier 2,Store,0,2026-03-05 14:19:15.683837
73,159735,3.0,4,45,19,9035,19944,Female,Tier 2,Store,0,2026-03-05 14:19:15.683837
63,85320,6.9,10,37,3,16917,124787,Other,Tier 1,Store,0,2026-03-05 14:19:15.683837
60,221080,6.9,6,3,3,35362,32330,Other,Tier 2,Store,0,2026-03-05 14:19:15.683837
33,109488,7.1,3,17,7,62471,57183,Other,Tier 3,Store,0,2026-03-05 14:19:15.683837
21,90591,7.0,5,49,3,131431,90426,Female,Tier 2,Store,0,2026-03-05 14:19:15.683837
69,110044,5.8,7,28,18,18341,148082,Other,Tier 1,Store,0,2026-03-05 14:19:15.683837
54,158748,3.0,1,35,14,96349,121074,Female,Tier 1,Store,0,2026-03-05 14:19:15.683837
71,40192,8.0,3,26,12,12156,116336,Female,Tier 3,Store,0,2026-03-05 14:19:15.683837
38,170794,5.9,6,0,4,99749,146270,Other,Tier 3,Store,0,2026-03-05 14:19:15.683837
31,153518,6.8,10,34,14,9383,53090,Male,Tier 2,Store,0,2026-03-05 14:19:15.683837
48,134304,5.6,2,4,17,121718,62263,Male,Tier 3,Store,0,2026-03-05 14:19:15.683837
72,150797,9.9,8,5,4,36852,83275,Female,Tier 1,Store,0,2026-03-05 14:19:15.683837
65,231669,4.9,7,35,17,63402,51538,Female,Tier 2,Store,0,2026-03-05 14:19:15.683837
35,103207,4.8,2,4,9,129756,86623,Male,Tier 3,Store,0,2026-03-05 14:19:15.683837
24,203704,2.9,5,43,17,109952,137339,Female,Tier 3,Store,0,2026-03-05 14:19:15.683837
27,213017,6.2,4,31,6,33773,13828,Other,Tier 3,Store,0,2026-03-05 14:19:15.683837
24,88741,9.7,2,38,9,116011,64497,Other,Tier 3,Store,0,2026-03-05 14:19:15.683837
50,31365,6.3,4,44,3,50179,83698,Other,Tier 1,Store,0,2026-03-05 14:19:15.683837
40,80792,6.5,9,30,8,118537,11748,Male,Tier 1,Online,1,2026-03-05 14:19:15.683837
38,210929,7.9,10,39,12,41576,80670,Male,Tier 1,Store,0,2026-03-05 14:19:15.683837
36,161776,6.3,2,44,15,6644,124932,Other,Tier 1,Store,0,2026-03-05 14:19:15.683837
65,65575,8.4,10,43,12,25077,26605,Other,Tier 3,Online,1,2026-03-05 14:19:15.683837
78,175974,8.7,10,41,2,106702,105603,Female,Tier 2,Store,0,2026-03-05 14:19:15.683837
36,134641,4.8,6,9,14,111285,25126,Other,Tier 2,Store,0,2026-03-05 14:19:15.683837
53,247366,3.1,4,30,16,40472,130326,Male,Tier 2,Store,0,2026-03-05 14:19:15.683837
46,147267,7.4,8,7,2,105988,63015,Other,Tier 1,Store,0,2026-03-05 14:19:15.683837
77,68517,6.6,4,26,2,61572,99686,Female,Tier 2,Store,0,2026-03-05 14:19:15.683837
35,49012,3.9,9,28,18,98809,125521,Female,Tier 3,Store,0,2026-03-05 14:19:15.683837
19,157487,4.6,10,13,3,26484,71350,Female,Tier 2,Store,0,2026-03-05 14:19:15.683837
18,185606,4.6,3,22,2,4220,77240,Female,Tier 1,Store,0,2026-03-05 14:19:15.683837
64,36686,6.3,7,3,15,126954,137579,Female,Tier 3,Store,0,2026-03-05 14:19:15.683837
22,223270,8.0,5,33,18,86656,36224,Other,Tier 3,Store,0,2026-03-05 14:19:15.683837
37,174815,8.1,1,40,5,95584,42240,Male,Tier 3,Store,0,2026-03-05 14:19:15.683837
28,47161,7.6,3,37,16,53273,82575,Male,Tier 2,Store,0,2026-03-05 14:19:15.683837
59,207385,5.4,9,26,3,15583,29292,Other,Tier 3,Online,1,2026-03-05 14:19:15.683837
19,17402,10.4,9,18,16,66073,62242,Male,Tier 1,Store,0,2026-03-05 14:19:15.683837
20,78190,6.1,5,30,1,65213,71583,Other,Tier 3,Store,0,2026-03-05 14:19:15.683837
40,198623,5.2,5,2,18,91222,22456,Female,Tier 3,Store,0,2026-03-05 14:19:15.683837
72,28275,3.3,4,28,8,140067,106375,Other,Tier 2,Store,0,2026-03-05 14:19:15.683837
29,174254,5.3,4,12,2,9898,118607,Male,Tier 2,Store,0,2026-03-05 14:19:15.683837
37,29915,6.9,4,26,12,95219,146199,Female,Tier 1,Store,0,2026-03-05 14:19:15.683837
22,15909,2.8,2,42,17,143770,108400,Male,Tier 1,Store,0,2026-03-05 14:19:15.683837
54,129110,4.1,7,31,19,16859,80483,Male,Tier 2,Store,0,2026-03-05 14:19:15.683837
55,80908,5.1,3,45,14,24552,79472,Male,Tier 1,Store,0,2026-03-05 14:19:15.683837
47,142337,4.4,1,48,1,149069,109297,Female,Tier 1,Store,0,2026-03-05 14:19:15.683837
26,37620,4.3,10,49,11,143953,51372,Other,Tier 3,Store,0,2026-03-05 14:19:15.683837
51,49112,8.2,3,36,6,48944,139594,Male,Tier 1,Store,0,2026-03-05 14:19:15.683837
70,220123,2.7,9,2,10,99687,134261,Other,Tier 1,Store,0,2026-03-05 14:19:15.683837
61,17431,6.4,9,38,14,22445,146011,Male,Tier 1,Store,0,2026-03-05 14:19:15.683837
52,101590,7.0,10,5,6,112428,114083,Male,Tier 2,Store,0,2026-03-05 14:19:15.683837
69,77175,5.0,7,2,7,133007,72674,Female,Tier 3,Store,0,2026-03-05 14:19:15.683837
75,132472,5.5,1,12,11,63569,133644,Other,Tier 2,Store,0,2026-03-05 14:19:15.683837
39,47624,5.9,6,10,5,104448,85526,Male,Tier 1,Store,0,2026-03-05 14:19:15.683837
61,222193,7.3,10,26,13,60836,43209,Female,Tier 3,Store,0,2026-03-05 14:19:15.683837
41,76264,9.1,1,1,4,76936,78101,Male,Tier 2,Store,0,2026-03-05 14:19:15.683837
34,128766,3.4,2,39,3,23600,51872,Other,Tier 1,Store,0,2026-03-05 14:19:15.683837
27,178030,4.2,3,43,3,96283,82954,Female,Tier 3,Store,0,2026-03-05 14:19:15.683837
47,147767,4.3,6,11,8,81592,45405,Male,Tier 3,Store,0,2026-03-05 14:19:15.683837
73,115211,6.0,7,46,14,148891,17667,Male,Tier 3,Store,0,2026-03-05 14:19:15.683837
76,134502,5.2,8,39,17,93777,104951,Other,Tier 2,Store,0,2026-03-05 14:19:15.683837
63,196004,7.3,9,11,6,37814,131969,Female,Tier 3,Store,0,2026-03-05 14:19:15.683837
40,245395,4.7,7,22,19,100387,110915,Female,Tier 3,Store,0,2026-03-05 14:19:15.683837
49,59225,4.2,6,30,15,1145,28258,Other,Tier 1,Hybrid,0,2026-03-05 14:19:15.683837
34,147475,4.5,5,9,10,23320,101494,Female,Tier 1,Store,0,2026-03-05 14:19:15.683837
67,229418,6.2,10,34,3,73440,138721,Other,Tier 3,Store,0,2026-03-05 14:19:15.683837
68,220463,7.9,2,5,7,22426,145078,Male,Tier 1,Store,0,2026-03-05 14:19:15.683837
34,184708,5.9,8,24,2,24941,91818,Other,Tier 2,Store,0,2026-03-05 14:19:15.683837
31,25839,4.9,5,30,4,17541,142376,Other,Tier 2,Store,0,2026-03-05 14:19:15.683837
26,211618,3.9,10,29,2,40669,62349,Female,Tier 3,Store,0,2026-03-05 14:19:15.683837
57,193901,8.9,2,14,19,98681,74162,Other,Tier 2,Store,0,2026-03-05 14:19:15.683837
19,155302,2.5,3,45,8,115182,106856,Other,Tier 1,Store,0,2026-03-05 14:19:15.683837
62,66977,5.6,10,2,2,19128,127333,Female,Tier 2,Store,0,2026-03-05 14:19:15.683837
42,186304,7.5,10,17,9,72203,41570,Male,Tier 1,Store,0,2026-03-05 14:19:15.683837
56,128050,5.6,7,16,16,118325,17749,Other,Tier 2,Store,0,2026-03-05 14:19:15.683837
26,247379,4.9,10,13,10,8419,133923,Other,Tier 3,Store,0,2026-03-05 14:19:15.683837
71,240864,7.1,8,45,8,90973,122664,Male,Tier 3,Store,0,2026-03-05 14:19:15.683837
39,40651,3.8,5,15,10,44021,43179,Female,Tier 3,Store,0,2026-03-05 14:19:15.683837
60,112919,2.5,10,26,6,141590,104435,Male,Tier 1,Store,0,2026-03-05 14:19:15.683837
63,54963,6.7,8,42,0,65876,32705,Other,Tier 3,Store,0,2026-03-05 14:19:15.683837
21,201944,4.0,10,36,13,57815,81537,Other,Tier 2,Store,0,2026-03-05 14:19:15.683837
43,132776,6.3,10,32,10,84062,79726,Female,Tier 1,Store,0,2026-03-05 14:19:15.683837
75,94198,5.8,6,19,13,126870,142740,Male,Tier 3,Store,0,2026-03-05 14:19:15.683837
46,159811,6.5,2,24,17,143390,73944,Other,Tier 2,Store,0,2026-03-05 14:19:15.683837
62,145697,5.5,2,49,8,104310,110296,Female,Tier 1,Store,0,2026-03-05 14:19:15.683837
51,78294,7.1,8,13,11,11298,79937,Male,Tier 3,Store,0,2026-03-05 14:19:15.683837
40,194428,4.6,4,36,13,99885,44662,Other,Tier 3,Store,0,2026-03-05 14:19:15.683837
54,16789,7.6,8,4,11,9949,48417,Male,Tier 3,Store,0,2026-03-05 14:19:15.683837
28,165492,3.6,9,36,2,121664,51099,Other,Tier 2,Store,0,2026-03-05 14:19:15.683837
23,104297,8.3,6,9,8,105202,85049,Male,Tier 2,Store,0,2026-03-05 14:19:15.683837
35,183678,10.1,9,9,15,64300,8117,Male,Tier 1,Online,1,2026-03-05 14:19:15.683837
38,184712,6.2,6,8,3,84491,119340,Female,Tier 1,Store,0,2026-03-05 14:19:15.683837
59,133341,9.1,3,13,12,125393,54122,Male,Tier 1,Store,0,2026-03-05 14:19:15.683837
53,59135,9.7,8,32,17,129336,141486,Female,Tier 2,Store,0,2026-03-05 14:19:15.683837
58,52067,5.4,1,28,7,51850,126577,Other,Tier 3,Store,0,2026-03-05 14:19:15.683837
55,204492,6.1,6,23,7,14684,102205,Male,Tier 1,Store,0,2026-03-05 14:19:15.683837
51,32357,4.4,3,5,15,32415,66599,Female,Tier 3,Store,0,2026-03-05 14:19:15.683837
34,185923,4.5,10,25,12,29070,77337,Male,Tier 1,Store,0,2026-03-05 14:19:15.683837
54,53262,6.5,10,38,1,124082,131031,Female,Tier 1,Store,0,2026-03-05 14:19:15.683837
42,222925,2.7,3,43,12,8814,101218,Female,Tier 1,Store,0,2026-03-05 14:19:15.683837
55,73643,7.7,9,46,17,81650,63941,Other,Tier 2,Store,0,2026-03-05 14:19:15.683837
75,167606,6.3,7,47,18,48337,92221,Other,Tier 1,Store,0,2026-03-05 14:19:15.683837
29,106270,7.4,2,2,3,55013,17068,Male,Tier 2,Hybrid,0,2026-03-05 14:19:15.683837
40,247505,5.6,6,47,3,104560,8471,Male,Tier 1,Online,1,2026-03-05 14:19:15.683837
70,178944,7.3,4,39,1,25445,7634,Other,Tier 3,Online,1,2026-03-05 14:19:15.683837
59,153761,6.5,10,45,8,37636,3877,Other,Tier 1,Online,1,2026-03-05 14:19:15.683837
39,84103,7.0,7,31,8,11742,8987,Female,Tier 2,Online,1,2026-03-05 14:19:15.683837
38,101268,7.8,4,25,3,68336,105917,Male,Tier 1,Store,0,2026-03-05 14:19:15.683837
44,101310,3.5,7,2,15,122050,86555,Male,Tier 2,Store,0,2026-03-05 14:19:15.683837
74,234803,4.6,6,11,7,86311,122150,Female,Tier 3,Store,0,2026-03-05 14:19:15.683837
48,52412,10.6,8,13,6,102924,63183,Other,Tier 1,Store,0,2026-03-05 14:19:15.683837
23,62734,6.4,7,18,12,2001,103501,Other,Tier 1,Store,0,2026-03-05 14:19:15.683837
44,102793,2.6,9,3,4,58395,15879,Female,Tier 3,Store,0,2026-03-05 14:19:15.683837
57,216002,2.6,4,11,7,3059,40394,Other,Tier 3,Store,0,2026-03-05 14:19:15.683837
51,247910,5.9,9,34,1,60856,21231,Other,Tier 3,Online,1,2026-03-05 14:19:15.683837
29,37228,5.0,5,22,15,24942,4164,Other,Tier 1,Online,1,2026-03-05 14:19:15.683837
62,135627,4.4,9,47,17,141219,97160,Female,Tier 1,Store,0,2026-03-05 14:19:15.683837
74,92924,9.6,4,2,9,145508,10778,Other,Tier 1,Hybrid,0,2026-03-05 14:19:15.683837
70,26319,5.3,3,2,8,35613,33083,Female,Tier 3,Store,0,2026-03-05 14:19:15.683837
24,21475,7.6,7,38,14,26077,37670,Female,Tier 2,Store,0,2026-03-05 14:19:15.683837
27,243163,6.5,4,41,2,1662,30183,Female,Tier 3,Online,1,2026-03-05 14:19:15.683837
62,229766,5.4,5,15,14,20127,84525,Female,Tier 2,Store,0,2026-03-05 14:19:15.683837
34,160800,3.7,3,12,12,88071,147877,Female,Tier 1,Store,0,2026-03-05 14:19:15.683837
43,44545,7.5,6,18,0,132723,143882,Male,Tier 3,Store,0,2026-03-05 14:19:15.683837
38,111636,1.3,4,27,14,53109,112960,Male,Tier 2,Store,0,2026-03-05 14:19:15.683837
45,227758,7.7,1,37,8,3164,71786,Male,Tier 2,Store,0,2026-03-05 14:19:15.683837
79,244822,6.3,2,8,6,61309,24349,Other,Tier 3,Store,0,2026-03-05 14:19:15.683837
75,244484,7.2,8,45,17,59823,41757,Female,Tier 2,Store,0,2026-03-05 14:19:15.683837
63,207828,6.0,4,16,7,26784,73614,Female,Tier 3,Store,0,2026-03-05 14:19:15.683837
19,214847,3.5,10,6,14,21805,64135,Male,Tier 2,Store,0,2026-03-05 14:19:15.683837
77,184771,6.8,2,7,13,8076,42161,Male,Tier 1,Store,0,2026-03-05 14:19:15.683837
71,182893,7.7,4,36,5,74774,93214,Female,Tier 3,Store,0,2026-03-05 14:19:15.683837
60,45615,5.0,7,11,13,14410,140324,Other,Tier 3,Store,0,2026-03-05 14:19:15.683837
18,28746,7.3,2,27,3,127710,139714,Male,Tier 1,Store,0,2026-03-05 14:19:15.683837
68,232529,6.6,6,1,15,46101,55118,Other,Tier 3,Store,0,2026-03-05 14:19:15.683837
70,168817,6.9,1,47,13,146043,51327,Female,Tier 1,Store,0,2026-03-05 14:19:15.683837
53,16245,4.3,3,27,16,76981,2587,Other,Tier 1,Hybrid,0,2026-03-05 14:19:15.683837
68,132408,8.6,9,24,15,31308,136559,Male,Tier 3,Store,0,2026-03-05 14:19:15.683837
43,127143,6.6,5,26,1,136224,17391,Female,Tier 1,Store,0,2026-03-05 14:19:15.683837
46,170925,7.7,8,34,0,59728,16311,Male,Tier 1,Online,1,2026-03-05 14:19:15.683837
38,42632,5.2,1,14,14,17130,81119,Male,Tier 2,Store,0,2026-03-05 14:19:15.683837
28,27856,8.0,4,48,8,91119,84688,Male,Tier 2,Store,0,2026-03-05 14:19:15.683837
57,202965,5.2,3,47,12,37505,104319,Female,Tier 2,Store,0,2026-03-05 14:19:15.683837
28,216713,4.2,10,34,16,26334,93540,Male,Tier 2,Store,0,2026-03-05 14:19:15.683837
53,247298,9.5,9,46,2,145125,18185,Male,Tier 1,Online,1,2026-03-05 14:19:15.683837
66,83049,1.3,7,32,5,91878,104293,Male,Tier 1,Store,0,2026-03-05 14:19:15.683837
76,73182,12.0,3,43,8,55462,100411,Male,Tier 2,Store,0,2026-03-05 14:19:15.683837
56,148873,7.4,1,41,8,125302,43899,Other,Tier 1,Store,0,2026-03-05 14:19:15.683837
57,243953,5.4,5,22,19,102055,40013,Other,Tier 3,Store,0,2026-03-05 14:19:15.683837
52,225503,6.7,10,26,16,81446,18991,Other,Tier 2,Store,0,2026-03-05 14:19:15.683837
71,185821,7.4,3,37,8,79011,148695,Other,Tier 3,Store,0,2026-03-05 14:19:15.683837
51,219829,5.3,2,7,1,141469,115730,Male,Tier 1,Store,0,2026-03-05 14:19:15.683837
72,70654,10.1,3,37,14,28574,119746,Female,Tier 2,Store,0,2026-03-05 14:19:15.683837
64,217646,9.0,5,3,9,138454,96901,Male,Tier 3,Store,0,2026-03-05 14:19:15.683837
41,243639,11.5,5,47,9,23032,38697,Male,Tier 2,Store,0,2026-03-05 14:19:15.683837
71,70381,3.6,10,4,3,74694,116379,Female,Tier 2,Store,0,2026-03-05 14:19:15.683837
39,73601,6.4,8,15,6,107954,21926,Other,Tier 2,Online,1,2026-03-05 14:19:15.683837
22,161154,3.2,4,17,1,43248,82621,Other,Tier 3,Store,0,2026-03-05 14:19:15.683837
73,160720,3.8,2,44,8,16022,56277,Other,Tier 2,Store,0,2026-03-05 14:19:15.683837
50,15364,5.3,8,44,4,80230,143511,Other,Tier 2,Store,0,2026-03-05 14:19:15.683837
75,180640,5.4,8,17,9,55787,45561,Male,Tier 3,Store,0,2026-03-05 14:19:15.683837
53,225718,6.7,10,7,8,35668,40483,Female,Tier 3,Store,0,2026-03-05 14:19:15.683837
64,217566,5.8,8,28,7,121250,22090,Male,Tier 2,Online,1,2026-03-05 14:19:15.683837
37,220704,7.6,1,20,2,63390,32682,Male,Tier 1,Store,0,2026-03-05 14:19:15.683837
36,22436,6.6,9,38,18,48407,19274,Male,Tier 2,Online,1,2026-03-05 14:19:15.683837
52,101713,9.3,4,26,17,24932,1340,Male,Tier 3,Online,1,2026-03-05 14:19:15.683837
69,172826,7.7,4,46,13,128004,95961,Male,Tier 2,Store,0,2026-03-05 14:19:15.683837
60,75194,3.6,8,1,10,100714,99992,Other,Tier 3,Store,0,2026-03-05 14:19:15.683837
34,39544,5.7,8,3,1,42686,88465,Other,Tier 2,Store,0,2026-03-05 14:19:15.683837
79,206252,5.8,6,47,1,132759,80176,Other,Tier 2,Store,0,2026-03-05 14:19:15.683837
76,78295,6.9,4,11,14,58392,74531,Male,Tier 2,Store,0,2026-03-05 14:19:15.683837
62,158710,8.2,3,15,17,76434,149059,Male,Tier 1,Store,0,2026-03-05 14:19:15.683837
60,211787,6.6,5,24,15,98702,91655,Male,Tier 1,Store,0,2026-03-05 14:19:15.683837
51,84409,7.2,8,22,1,3611,90685,Other,Tier 1,Store,0,2026-03-05 14:19:15.683837
26,229178,3.7,7,16,12,50151,81638,Other,Tier 3,Store,0,2026-03-05 14:19:15.683837
43,141839,5.1,8,41,19,34956,121103,Male,Tier 2,Store,0,2026-03-05 14:19:15.683837
19,128759,2.2,1,46,6,77905,104288,Male,Tier 2,Store,0,2026-03-05 14:19:15.683837
70,32157,6.9,4,45,8,16509,131579,Other,Tier 2,Store,0,2026-03-05 14:19:15.683837
26,191637,7.7,9,0,18,115547,143488,Female,Tier 3,Store,0,2026-03-05 14:19:15.683837
26,216068,3.4,6,20,1,128514,83676,Male,Tier 1,Store,0,2026-03-05 14:19:15.683837
57,80888,6.3,10,35,0,26989,19858,Female,Tier 3,Online,1,2026-03-05 14:19:15.683837
34,202167,5.8,8,1,7,53890,51458,Other,Tier 3,Store,0,2026-03-05 14:19:15.683837
18,79947,9.4,8,22,18,84226,92994,Female,Tier 3,Store,0,2026-03-05 14:19:15.683837
42,233194,4.2,5,39,8,4074,37873,Female,Tier 1,Store,0,2026-03-05 14:19:15.683837
78,85880,7.8,8,1,0,83028,52759,Female,Tier 2,Store,0,2026-03-05 14:19:15.683837
60,19507,8.3,4,42,16,113574,85331,Other,Tier 1,Store,0,2026-03-05 14:19:15.683837
57,118134,5.6,6,9,19,72192,67314,Male,Tier 3,Store,0,2026-03-05 14:19:15.683837
59,58988,6.6,7,42,16,84012,68876,Female,Tier 2,Store,0,2026-03-05 14:19:15.683837
42,113421,8.2,6,8,6,70825,50761,Other,Tier 1,Store,0,2026-03-05 14:19:15.683837
56,162937,3.8,6,28,2,100635,108956,Male,Tier 1,Store,0,2026-03-05 14:19:15.683837
52,117591,5.1,8,25,15,142935,40295,Other,Tier 3,Store,0,2026-03-05 14:19:15.683837
20,144614,6.4,5,35,1,122280,43164,Male,Tier 3,Store,0,2026-03-05 14:19:15.683837
67,42213,10.1,8,28,4,45857,37943,Female,Tier 3,Store,0,2026-03-05 14:19:15.683837
54,202026,5.2,9,3,4,109865,100805,Female,Tier 3,Store,0,2026-03-05 14:19:15.683837
61,72450,5.5,4,20,8,52199,49819,Other,Tier 2,Store,0,2026-03-05 14:19:15.683837
61,150549,9.1,3,32,14,114623,3976,Female,Tier 1,Online,1,2026-03-05 14:19:15.683837
68,77222,7.3,5,30,15,51037,29522,Female,Tier 1,Store,0,2026-03-05 14:19:15.683837
47,152605,10.4,10,27,17,124599,125269,Female,Tier 1,Store,0,2026-03-05 14:19:15.683837
55,195467,8.2,10,35,18,45703,77133,Female,Tier 1,Store,0,2026-03-05 14:19:15.683837
51,169468,5.7,5,32,5,123472,11084,Female,Tier 2,Online,1,2026-03-05 14:19:15.683837
29,27755,5.4,7,3,16,20428,2607,Other,Tier 1,Hybrid,0,2026-03-05 14:19:15.683837
36,146937,4.4,3,3,13,18313,15194,Female,Tier 3,Store,0,2026-03-05 14:19:15.683837
54,157245,3.4,10,32,15,54587,19695,Other,Tier 2,Online,1,2026-03-05 14:19:15.683837
61,204977,6.7,9,13,1,102555,143823,Female,Tier 3,Store,0,2026-03-05 14:19:15.683837
76,184169,7.3,6,47,17,148898,28085,Male,Tier 3,Store,0,2026-03-05 14:19:15.683837
76,48371,7.5,10,8,17,82877,140214,Other,Tier 2,Store,0,2026-03-05 14:19:15.683837
66,157326,5.8,9,23,2,110435,136336,Male,Tier 3,Store,0,2026-03-05 14:19:15.683837
78,150090,9.9,1,24,13,30637,128399,Other,Tier 2,Store,0,2026-03-05 14:19:15.683837
34,20192,3.3,2,6,17,61127,113071,Female,Tier 1,Store,0,2026-03-05 14:19:15.683837
27,17015,3.1,10,45,18,122869,116825,Female,Tier 3,Store,0,2026-03-05 14:19:15.683837
74,123154,4.4,2,27,2,108304,31822,Other,Tier 1,Store,0,2026-03-05 14:19:15.683837
72,214988,6.0,8,4,6,75399,77050,Other,Tier 2,Store,0,2026-03-05 14:19:15.683837
66,43343,3.8,4,45,2,125894,59272,Female,Tier 3,Store,0,2026-03-05 14:19:15.683837
64,84306,8.7,7,12,5,9068,103105,Female,Tier 2,Store,0,2026-03-05 14:19:15.683837
29,20829,4.5,4,1,11,87033,12903,Male,Tier 1,Store,0,2026-03-05 14:19:15.683837
79,49381,4.2,4,19,15,8443,117279,Male,Tier 3,Store,0,2026-03-05 14:19:15.683837
33,126451,8.1,8,11,19,135353,108234,Male,Tier 2,Store,0,2026-03-05 14:19:15.683837
41,227153,6.4,10,26,4,40042,94247,Other,Tier 1,Store,0,2026-03-05 14:19:15.683837
36,33263,7.6,4,6,10,101718,109654,Male,Tier 3,Store,0,2026-03-05 14:19:15.683837
25,249748,5.9,3,33,12,52905,81617,Other,Tier 2,Store,0,2026-03-05 14:19:15.683837
48,199332,6.5,10,20,11,26774,79328,Other,Tier 2,Store,0,2026-03-05 14:19:15.683837
38,189378,3.1,9,17,15,117601,94602,Female,Tier 1,Store,0,2026-03-05 14:19:15.683837
34,237283,5.7,3,9,14,103200,120376,Female,Tier 3,Store,0,2026-03-05 14:19:15.683837
40,73418,3.9,5,37,6,62632,77425,Male,Tier 1,Store,0,2026-03-05 14:19:15.683837
54,236970,9.9,1,38,4,73513,7791,Other,Tier 2,Online,1,2026-03-05 14:19:15.683837
71,15148,8.6,9,43,12,1603,138448,Female,Tier 2,Store,0,2026-03-05 14:19:15.683837
33,147826,4.7,6,20,14,143038,82200,Other,Tier 3,Store,0,2026-03-05 14:19:15.683837
23,41745,5.6,5,15,8,91080,6203,Female,Tier 1,Online,1,2026-03-05 14:19:15.683837
25,87914,5.7,4,19,16,51997,85896,Female,Tier 2,Store,0,2026-03-05 14:19:15.683837
42,201905,10.3,8,49,3,77997,20610,Other,Tier 2,Online,1,2026-03-05 14:19:15.683837
35,166212,6.8,2,45,13,83143,111136,Other,Tier 1,Store,0,2026-03-05 14:19:15.683837
42,220979,5.1,10,46,9,69095,79935,Female,Tier 1,Store,0,2026-03-05 14:19:15.683837
29,75653,6.3,5,39,4,120133,138978,Male,Tier 3,Store,0,2026-03-05 14:19:15.683837
32,238607,2.9,8,23,11,56592,143355,Other,Tier 2,Store,0,2026-03-05 14:19:15.683837
76,207593,5.9,1,46,12,146339,95499,Female,Tier 2,Store,0,2026-03-05 14:19:15.683837
43,93315,3.8,3,20,3,38437,67852,Female,Tier 2,Store,0,2026-03-05 14:19:15.683837
58,46075,2.3,7,43,12,139132,119140,Other,Tier 2,Store,0,2026-03-05 14:19:15.683837
62,176769,10.0,10,30,4,12397,79576,Male,Tier 2,Store,0,2026-03-05 14:19:15.683837
43,200616,5.9,5,49,0,58657,90529,Male,Tier 2,Store,0,2026-03-05 14:19:15.683837
64,24795,4.5,10,9,3,125049,106995,Male,Tier 1,Store,0,2026-03-05 14:19:15.683837
49,79555,2.6,9,19,0,102200,78570,Other,Tier 2,Store,0,2026-03-05 14:19:15.683837
27,198276,5.6,1,13,17,88914,37797,Other,Tier 3,Store,0,2026-03-05 14:19:15.683837
33,215826,5.7,7,18,12,114901,21709,Female,Tier 3,Hybrid,0,2026-03-05 14:19:15.683837
24,210932,7.5,10,29,14,75204,87584,Female,Tier 3,Store,0,2026-03-05 14:19:15.683837
34,118107,4.1,6,15,8,137869,19205,Female,Tier 1,Store,0,2026-03-05 14:19:15.683837
40,66529,4.9,10,21,8,51301,128940,Female,Tier 3,Store,0,2026-03-05 14:19:15.683837
43,157744,4.2,4,19,9,22009,68790,Male,Tier 1,Store,0,2026-03-05 14:19:15.683837
38,200310,5.6,10,5,2,93267,76175,Female,Tier 3,Store,0,2026-03-05 14:19:15.683837
39,242650,2.0,10,44,3,12244,27972,Other,Tier 3,Hybrid,0,2026-03-05 14:19:15.683837
75,182022,4.4,6,42,4,115758,115350,Female,Tier 3,Store,0,2026-03-05 14:19:15.683837
24,26009,7.3,10,32,11,43975,69516,Female,Tier 3,Store,0,2026-03-05 14:19:15.683837
31,193168,3.5,9,40,5,121314,81205,Male,Tier 1,Store,0,2026-03-05 14:19:15.683837
32,165616,8.0,9,18,5,112431,32598,Male,Tier 3,Store,0,2026-03-05 14:19:15.683837
70,201800,7.7,2,4,7,86430,54089,Other,Tier 1,Store,0,2026-03-05 14:19:15.683837
24,44381,7.9,9,6,18,10394,72804,Male,Tier 3,Store,0,2026-03-05 14:19:15.683837
26,142769,6.0,2,33,19,73614,52268,Female,Tier 2,Store,0,2026-03-05 14:19:15.683837
68,171359,5.8,6,19,19,3029,69534,Other,Tier 3,Store,0,2026-03-05 14:19:15.683837
65,79610,6.6,7,14,10,127851,138340,Male,Tier 3,Store,0,2026-03-05 14:19:15.683837
25,83122,8.6,9,37,10,49720,10402,Male,Tier 1,Online,1,2026-03-05 14:19:15.683837
67,83184,8.5,6,0,14,71741,83831,Other,Tier 1,Store,0,2026-03-05 14:19:15.683837
76,186153,2.7,8,4,3,562,107404,Male,Tier 2,Store,0,2026-03-05 14:19:15.683837
40,229709,4.3,10,33,12,63123,28700,Male,Tier 1,Online,1,2026-03-05 14:19:15.683837
46,191384,3.9,3,20,9,29339,28401,Male,Tier 1,Store,0,2026-03-05 14:19:15.683837
35,102228,7.5,10,13,13,74907,51791,Other,Tier 3,Store,0,2026-03-05 14:19:15.683837
48,87943,4.6,6,16,4,105039,126535,Other,Tier 3,Store,0,2026-03-05 14:19:15.683837
47,228862,5.6,2,11,16,24329,9533,Female,Tier 3,Store,0,2026-03-05 14:19:15.683837
69,95770,9.4,1,26,19,117557,131729,Other,Tier 2,Store,0,2026-03-05 14:19:15.683837
56,67726,8.2,6,5,6,25102,32359,Female,Tier 2,Store,0,2026-03-05 14:19:15.683837
52,168283,8.8,3,38,14,124780,5999,Female,Tier 3,Online,1,2026-03-05 14:19:15.683837
35,175552,4.6,5,47,18,59030,31003,Female,Tier 1,Store,0,2026-03-05 14:19:15.683837
76,62780,1.0,6,24,15,103960,112146,Male,Tier 1,Store,0,2026-03-05 14:19:15.683837
59,203210,5.2,10,26,6,28134,147253,Female,Tier 2,Store,0,2026-03-05 14:19:15.683837
56,236454,3.1,6,44,4,109654,28157,Other,Tier 1,Store,0,2026-03-05 14:19:15.683837
34,57503,2.1,10,1,16,96637,7523,Female,Tier 3,Online,1,2026-03-05 14:19:15.683837
31,72893,8.3,7,21,3,92551,1694,Male,Tier 3,Online,1,2026-03-05 14:19:15.683837
48,192265,4.2,7,31,15,53423,75662,Other,Tier 2,Store,0,2026-03-05 14:19:15.683837
41,76358,4.4,6,16,18,111613,27073,Male,Tier 2,Store,0,2026-03-05 14:19:15.683837
52,95857,5.3,1,36,3,33809,13944,Female,Tier 1,Hybrid,0,2026-03-05 14:19:15.683837
61,224254,9.3,8,1,5,110723,72758,Female,Tier 2,Store,0,2026-03-05 14:19:15.683837
77,135457,5.7,10,25,13,82420,120724,Female,Tier 3,Store,0,2026-03-05 14:19:15.683837
62,168189,7.9,4,32,19,138490,116002,Female,Tier 2,Store,0,2026-03-05 14:19:15.683837
51,205128,5.4,1,0,12,82716,15123,Male,Tier 1,Store,0,2026-03-05 14:19:15.683837
20,132928,2.8,10,39,13,142135,101532,Other,Tier 2,Store,0,2026-03-05 14:19:15.683837
54,73706,3.6,2,42,6,86005,120572,Male,Tier 2,Store,0,2026-03-05 14:19:15.683837
60,216501,6.0,3,43,2,141060,13182,Female,Tier 1,Online,1,2026-03-05 14:19:15.683837
57,155548,6.2,6,35,2,48091,87679,Male,Tier 1,Store,0,2026-03-05 14:19:15.683837
43,97806,7.1,2,38,17,149372,12401,Female,Tier 1,Online,1,2026-03-05 14:19:15.683837
72,70006,7.1,2,24,15,137342,129644,Male,Tier 2,Store,0,2026-03-05 14:19:15.683837
40,102238,7.8,6,12,0,26399,92823,Male,Tier 3,Store,0,2026-03-05 14:19:15.683837
61,215990,4.5,4,38,13,80966,57813,Other,Tier 1,Store,0,2026-03-05 14:19:15.683837
56,209227,9.7,5,35,17,98747,134417,Male,Tier 3,Store,0,2026-03-05 14:19:15.683837
32,213393,9.8,8,11,19,116910,74652,Female,Tier 2,Store,0,2026-03-05 14:19:15.683837
73,60798,5.0,3,20,15,64175,96420,Female,Tier 1,Store,0,2026-03-05 14:19:15.683837
66,92271,4.4,5,22,18,81940,86442,Other,Tier 1,Store,0,2026-03-05 14:19:15.683837
21,45177,2.4,1,17,1,56747,114835,Other,Tier 2,Store,0,2026-03-05 14:19:15.683837
46,242320,6.3,10,12,8,35957,4461,Other,Tier 3,Online,1,2026-03-05 14:19:15.683837
39,143022,6.9,4,18,12,1583,59686,Female,Tier 2,Store,0,2026-03-05 14:19:15.683837
42,145156,4.8,5,34,17,94087,115677,Female,Tier 3,Store,0,2026-03-05 14:19:15.683837
30,97215,6.6,4,45,19,56714,108237,Male,Tier 3,Store,0,2026-03-05 14:19:15.683837
35,58013,3.2,9,47,1,15941,9369,Female,Tier 1,Online,1,2026-03-05 14:19:15.683837
50,246973,7.9,8,33,6,117905,126289,Female,Tier 1,Store,0,2026-03-05 14:19:15.683837
33,97600,4.9,2,0,12,102600,105364,Female,Tier 2,Store,0,2026-03-05 14:19:15.683837
62,111099,6.6,9,45,7,63255,82941,Male,Tier 3,Store,0,2026-03-05 14:19:15.683837
59,68450,6.4,2,21,2,43481,39283,Male,Tier 3,Store,0,2026-03-05 14:19:15.683837
61,244700,2.1,6,27,13,67285,92044,Other,Tier 3,Store,0,2026-03-05 14:19:15.683837
79,194000,7.7,2,3,7,75566,52167,Male,Tier 3,Store,0,2026-03-05 14:19:15.683837
19,137640,4.4,6,36,0,17403,140350,Male,Tier 3,Store,0,2026-03-05 14:19:15.683837
72,107403,6.4,6,6,10,128355,16678,Other,Tier 3,Store,0,2026-03-05 14:19:15.683837
52,191454,3.2,7,10,0,105317,86805,Other,Tier 2,Store,0,2026-03-05 14:19:15.683837
59,114290,5.0,10,11,10,98735,65027,Other,Tier 2,Store,0,2026-03-05 14:19:15.683837
51,231110,6.7,5,39,5,41218,107063,Male,Tier 3,Store,0,2026-03-05 14:19:15.683837
47,146832,3.8,3,38,10,85853,137559,Other,Tier 3,Store,0,2026-03-05 14:19:15.683837
76,39142,4.0,2,34,17,43393,69927,Female,Tier 3,Store,0,2026-03-05 14:19:15.683837
72,125189,6.3,4,33,8,26279,101775,Other,Tier 3,Store,0,2026-03-05 14:19:15.683837
30,122532,5.7,1,17,12,38400,60107,Female,Tier 1,Store,0,2026-03-05 14:19:15.683837
30,163362,6.7,2,9,9,95663,41148,Male,Tier 3,Store,0,2026-03-05 14:19:15.683837
35,217107,5.3,8,14,9,9507,86808,Male,Tier 3,Store,0,2026-03-05 14:19:15.683837
49,146436,7.3,5,25,2,109970,31826,Other,Tier 2,Store,0,2026-03-05 14:19:15.683837
49,71921,4.9,5,48,3,47639,137493,Male,Tier 2,Store,0,2026-03-05 14:19:15.683837
52,34797,7.2,3,2,9,26638,20220,Female,Tier 2,Hybrid,0,2026-03-05 14:19:15.683837
76,47535,4.2,1,12,18,133848,146064,Other,Tier 3,Store,0,2026-03-05 14:19:15.683837
56,61300,4.8,6,33,17,15474,139804,Female,Tier 1,Store,0,2026-03-05 14:19:15.683837
63,62176,7.5,1,46,6,3152,78437,Other,Tier 1,Store,0,2026-03-05 14:19:15.683837
69,31105,5.0,4,16,1,75342,108723,Male,Tier 2,Store,0,2026-03-05 14:19:15.683837
46,154011,3.7,4,0,8,33982,7277,Other,Tier 1,Hybrid,0,2026-03-05 14:19:15.683837
79,94472,9.5,3,13,7,147148,104063,Male,Tier 2,Store,0,2026-03-05 14:19:15.683837
66,188101,5.9,4,0,2,10859,124042,Other,Tier 1,Store,0,2026-03-05 14:19:15.683837
46,161935,6.9,6,23,11,78456,109684,Male,Tier 1,Store,0,2026-03-05 14:19:15.683837
79,93097,1.5,6,10,9,82470,79570,Other,Tier 1,Store,0,2026-03-05 14:19:15.683837
70,156519,8.7,6,2,13,36379,25689,Female,Tier 2,Store,0,2026-03-05 14:19:15.683837
61,111160,11.3,6,12,0,133568,46476,Male,Tier 3,Store,0,2026-03-05 14:19:15.683837
74,61940,8.5,4,21,18,42091,95850,Male,Tier 1,Store,0,2026-03-05 14:19:15.683837
33,224019,8.8,7,40,13,35822,59639,Other,Tier 2,Store,0,2026-03-05 14:19:15.683837
73,100001,5.2,7,46,19,105434,88909,Male,Tier 3,Store,0,2026-03-05 14:19:15.683837
61,249824,6.5,2,40,5,45764,25107,Other,Tier 3,Store,0,2026-03-05 14:19:15.683837
64,165714,7.0,6,29,15,17874,85647,Other,Tier 1,Store,0,2026-03-05 14:19:15.683837
74,242870,4.6,5,24,3,127657,129428,Male,Tier 1,Store,0,2026-03-05 14:19:15.683837
27,241971,5.8,10,6,8,146174,142990,Male,Tier 2,Store,0,2026-03-05 14:19:15.683837
47,213715,4.0,1,24,7,53817,73332,Female,Tier 2,Store,0,2026-03-05 14:19:15.683837
42,22928,5.2,3,38,5,970,100091,Male,Tier 2,Store,0,2026-03-05 14:19:15.683837
56,63002,7.7,9,24,9,23360,64876,Female,Tier 1,Store,0,2026-03-05 14:19:15.683837
37,99853,2.5,9,1,6,61336,21622,Male,Tier 2,Store,0,2026-03-05 14:19:15.683837
22,129614,7.9,10,33,10,35775,12786,Male,Tier 1,Online,1,2026-03-05 14:19:15.683837
18,132517,2.8,9,21,4,127472,102308,Female,Tier 2,Store,0,2026-03-05 14:19:15.683837
47,171089,6.1,10,0,13,57151,146604,Male,Tier 1,Store,0,2026-03-05 14:19:15.683837
66,94064,6.3,5,17,8,48878,48385,Male,Tier 2,Store,0,2026-03-05 14:19:15.683837
20,134694,7.1,6,15,19,60854,92102,Other,Tier 3,Store,0,2026-03-05 14:19:15.683837
62,159385,5.6,9,9,19,16232,18240,Other,Tier 1,Online,1,2026-03-05 14:19:15.683837
31,147631,3.9,4,30,19,50884,137624,Male,Tier 3,Store,0,2026-03-05 14:19:15.683837
73,65893,6.4,4,47,19,31997,26140,Male,Tier 1,Store,0,2026-03-05 14:19:15.683837
47,30167,10.3,9,12,5,61056,76689,Other,Tier 2,Store,0,2026-03-05 14:19:15.683837
67,226951,6.0,7,33,6,77871,104271,Male,Tier 3,Store,0,2026-03-05 14:19:15.683837
21,53598,4.2,6,33,3,97546,75677,Other,Tier 2,Store,0,2026-03-05 14:19:15.683837
35,153595,5.1,10,41,16,114449,10007,Male,Tier 3,Online,1,2026-03-05 14:19:15.683837
79,64777,6.3,6,11,3,113423,46635,Male,Tier 1,Store,0,2026-03-05 14:19:15.683837
54,174511,5.5,5,36,19,144824,85958,Male,Tier 3,Store,0,2026-03-05 14:19:15.683837
42,131378,5.2,4,39,13,131985,39268,Female,Tier 2,Store,0,2026-03-05 14:19:15.683837
65,96060,8.7,3,16,17,78524,78401,Female,Tier 3,Store,0,2026-03-05 14:19:15.683837
18,28285,7.0,7,40,7,879,141581,Female,Tier 3,Store,0,2026-03-05 14:19:15.683837
70,157045,5.8,5,14,4,108599,147783,Female,Tier 1,Store,0,2026-03-05 14:19:15.683837
63,137970,5.8,2,12,13,127041,63361,Female,Tier 2,Store,0,2026-03-05 14:19:15.683837
32,37694,6.3,3,45,8,147189,112723,Female,Tier 2,Store,0,2026-03-05 14:19:15.683837
26,181846,7.1,5,7,19,17699,43311,Other,Tier 3,Store,0,2026-03-05 14:19:15.683837
32,150374,8.6,9,16,2,5052,129233,Other,Tier 3,Store,0,2026-03-05 14:19:15.683837
66,168463,5.2,6,10,16,148875,75535,Male,Tier 1,Store,0,2026-03-05 14:19:15.683837
74,19611,4.0,2,39,17,57217,84639,Other,Tier 3,Store,0,2026-03-05 14:19:15.683837
41,24372,4.9,8,45,3,16190,91909,Other,Tier 2,Store,0,2026-03-05 14:19:15.683837
21,170384,4.2,6,0,8,36955,126993,Other,Tier 3,Store,0,2026-03-05 14:19:15.683837
29,160152,2.9,6,31,10,95505,60658,Other,Tier 2,Store,0,2026-03-05 14:19:15.683837
76,95618,8.8,8,43,8,134381,108217,Female,Tier 3,Store,0,2026-03-05 14:19:15.683837
75,127945,7.7,7,9,5,61276,42937,Male,Tier 1,Store,0,2026-03-05 14:19:15.683837
54,123397,1.4,5,43,17,43883,7647,Female,Tier 1,Hybrid,0,2026-03-05 14:19:15.683837
78,111213,6.4,9,14,0,5537,17550,Other,Tier 1,Hybrid,0,2026-03-05 14:19:15.683837
54,35874,5.2,1,2,3,86057,63785,Other,Tier 3,Store,0,2026-03-05 14:19:15.683837
60,208609,5.0,4,8,5,41813,18974,Male,Tier 2,Hybrid,0,2026-03-05 14:19:15.683837
77,219986,1.0,10,7,17,54452,72843,Male,Tier 1,Store,0,2026-03-05 14:19:15.683837
23,147669,5.9,9,9,16,128168,33102,Male,Tier 2,Store,0,2026-03-05 14:19:15.683837
56,26600,6.2,2,7,15,72949,60010,Male,Tier 1,Store,0,2026-03-05 14:19:15.683837
73,149819,3.6,3,15,17,5924,105669,Male,Tier 2,Store,0,2026-03-05 14:19:15.683837
63,94415,9.2,3,10,11,18816,132184,Female,Tier 3,Store,0,2026-03-05 14:19:15.683837
41,224625,7.6,6,22,19,83003,122182,Other,Tier 3,Store,0,2026-03-05 14:19:15.683837
28,170887,3.9,3,21,8,149136,130562,Other,Tier 1,Store,0,2026-03-05 14:19:15.683837
79,230572,8.0,3,39,17,145724,73963,Other,Tier 2,Store,0,2026-03-05 14:19:15.683837
30,109348,5.1,5,17,4,90152,10660,Male,Tier 3,Hybrid,0,2026-03-05 14:19:15.683837
51,120736,8.1,3,38,2,61559,5450,Female,Tier 2,Online,1,2026-03-05 14:19:15.683837
42,39714,3.1,5,2,1,21350,29982,Other,Tier 3,Store,0,2026-03-05 14:19:15.683837
24,164962,6.3,3,7,9,75102,117881,Male,Tier 3,Store,0,2026-03-05 14:19:15.683837
69,207581,3.6,2,4,5,124919,103205,Other,Tier 3,Store,0,2026-03-05 14:19:15.683837
21,207896,4.3,8,26,12,107086,11809,Other,Tier 1,Online,1,2026-03-05 14:19:15.683837
76,150797,2.1,3,4,4,58977,112985,Male,Tier 2,Store,0,2026-03-05 14:19:15.683837
25,189277,3.5,6,18,6,107373,145119,Male,Tier 1,Store,0,2026-03-05 14:19:15.683837
37,166756,3.5,2,16,18,131010,135953,Other,Tier 2,Store,0,2026-03-05 14:19:15.683837
46,237933,3.3,1,45,5,48463,46564,Female,Tier 2,Store,0,2026-03-05 14:19:15.683837
71,203983,6.4,8,17,13,17935,99691,Female,Tier 3,Store,0,2026-03-05 14:19:15.683837
70,244150,2.5,3,1,6,47214,51985,Female,Tier 2,Store,0,2026-03-05 14:19:15.683837
68,126573,6.6,2,49,16,109103,18320,Male,Tier 1,Hybrid,0,2026-03-05 14:19:15.683837
62,28092,8.0,2,6,3,111464,118994,Other,Tier 1,Store,0,2026-03-05 14:19:15.683837
63,110918,4.2,5,48,12,15080,85636,Female,Tier 2,Store,0,2026-03-05 14:19:15.683837
27,185842,5.8,6,49,6,10593,88637,Other,Tier 3,Store,0,2026-03-05 14:19:15.683837
60,40457,5.3,2,15,9,48247,113313,Male,Tier 3,Store,0,2026-03-05 14:19:15.683837
51,86667,5.2,6,6,1,105558,44175,Female,Tier 1,Store,0,2026-03-05 14:19:15.683837
74,105751,1.0,1,17,7,139162,50893,Male,Tier 2,Store,0,2026-03-05 14:19:15.683837
43,77894,3.7,9,43,6,11320,137792,Other,Tier 3,Store,0,2026-03-05 14:19:15.683837
58,76305,8.9,4,25,17,47632,126994,Other,Tier 1,Store,0,2026-03-05 14:19:15.683837
66,158684,6.6,5,28,8,57348,43814,Male,Tier 1,Store,0,2026-03-05 14:19:15.683837
75,248913,5.5,3,15,17,148055,68455,Other,Tier 1,Store,0,2026-03-05 14:19:15.683837
20,224699,2.0,6,45,4,144722,28161,Other,Tier 2,Store,0,2026-03-05 14:19:15.683837
73,246711,7.2,1,38,14,79265,61895,Female,Tier 3,Store,0,2026-03-05 14:19:15.683837
23,183161,4.2,7,29,0,16529,12316,Other,Tier 3,Online,1,2026-03-05 14:19:15.683837
22,241367,3.5,8,24,15,56723,118008,Male,Tier 3,Store,0,2026-03-05 14:19:15.683837
22,67137,3.7,3,7,12,148923,68019,Female,Tier 1,Store,0,2026-03-05 14:19:15.683837
71,15559,7.0,2,13,15,55229,106347,Male,Tier 1,Store,0,2026-03-05 14:19:15.683837
64,81249,5.9,4,21,1,28414,59179,Male,Tier 1,Store,0,2026-03-05 14:19:15.683837
40,52361,7.7,8,13,16,56206,81472,Female,Tier 3,Store,0,2026-03-05 14:19:15.683837
66,95720,8.3,8,26,3,120057,23796,Female,Tier 3,Online,1,2026-03-05 14:19:15.683837
26,30261,4.5,8,34,8,74332,128264,Male,Tier 1,Store,0,2026-03-05 14:19:15.683837
52,35372,5.9,2,39,19,20473,131263,Female,Tier 3,Store,0,2026-03-05 14:19:15.683837
37,70355,5.4,4,11,9,50266,21524,Male,Tier 2,Store,0,2026-03-05 14:19:15.683837
75,243748,3.3,10,42,16,50065,102519,Male,Tier 3,Store,0,2026-03-05 14:19:15.683837
66,113560,3.6,1,20,4,140805,56100,Male,Tier 2,Store,0,2026-03-05 14:19:15.683837
78,203992,5.7,7,10,5,67354,110618,Other,Tier 2,Store,0,2026-03-05 14:19:15.683837
76,178616,5.9,10,2,16,4929,3630,Female,Tier 3,Online,1,2026-03-05 14:19:15.683837
59,15037,5.9,6,8,7,105906,98519,Female,Tier 2,Store,0,2026-03-05 14:19:15.683837
52,189104,5.9,7,42,16,42114,113100,Female,Tier 1,Store,0,2026-03-05 14:19:15.683837
67,224305,4.4,10,18,8,112421,5079,Male,Tier 1,Online,1,2026-03-05 14:19:15.683837
35,56420,10.2,5,41,18,72360,90664,Male,Tier 1,Store,0,2026-03-05 14:19:15.683837
79,112243,6.5,6,22,4,124631,142889,Male,Tier 2,Store,0,2026-03-05 14:19:15.683837
34,237624,4.8,6,15,0,51274,89451,Female,Tier 3,Store,0,2026-03-05 14:19:15.683837
41,144380,6.8,6,3,16,48151,66865,Male,Tier 2,Store,0,2026-03-05 14:19:15.683837
20,49600,4.3,9,31,17,104652,10887,Other,Tier 3,Online,1,2026-03-05 14:19:15.683837
49,194357,6.1,4,0,5,88572,4876,Other,Tier 1,Online,1,2026-03-05 14:19:15.683837
52,208080,6.8,2,3,13,138840,134310,Male,Tier 3,Store,0,2026-03-05 14:19:15.683837
55,104520,7.1,9,25,0,20619,28040,Female,Tier 3,Hybrid,0,2026-03-05 14:19:15.683837
30,20167,3.5,10,26,16,15703,61091,Male,Tier 1,Store,0,2026-03-05 14:19:15.683837
73,15432,12.0,7,39,0,112816,37102,Male,Tier 2,Online,1,2026-03-05 14:19:15.683837
78,84687,8.4,5,15,11,68286,118614,Male,Tier 3,Store,0,2026-03-05 14:19:15.683837
64,86947,10.1,6,29,2,25878,112849,Female,Tier 3,Store,0,2026-03-05 14:19:15.683837
42,111324,5.5,7,37,12,142428,9091,Female,Tier 1,Online,1,2026-03-05 14:19:15.683837
26,65903,6.5,5,32,3,6162,9918,Male,Tier 1,Online,1,2026-03-05 14:19:15.683837
21,238231,6.1,5,15,8,80596,133247,Female,Tier 3,Store,0,2026-03-05 14:19:15.683837
31,200221,4.9,6,32,15,121200,66232,Other,Tier 2,Store,0,2026-03-05 14:19:15.683837
54,233712,7.5,8,19,13,51893,15194,Other,Tier 2,Hybrid,0,2026-03-05 14:19:15.683837
51,202840,4.2,2,30,4,117874,22827,Male,Tier 2,Store,0,2026-03-05 14:19:15.683837
28,206256,7.4,10,47,19,109298,143324,Other,Tier 3,Store,0,2026-03-05 14:19:15.683837
58,80792,5.0,9,26,14,136677,130847,Other,Tier 3,Store,0,2026-03-05 14:19:15.683837
73,48439,6.8,10,31,9,111630,26265,Other,Tier 1,Store,0,2026-03-05 14:19:15.683837
20,179329,8.9,5,21,11,115634,4105,Other,Tier 2,Online,1,2026-03-05 14:19:15.683837
76,190746,5.7,4,35,5,75790,71145,Male,Tier 1,Store,0,2026-03-05 14:19:15.683837
45,66248,7.6,8,26,18,146605,22536,Other,Tier 2,Store,0,2026-03-05 14:19:15.683837
46,229674,5.0,4,24,13,122774,64876,Male,Tier 1,Store,0,2026-03-05 14:19:15.683837
26,191443,3.6,2,1,13,35482,81742,Male,Tier 3,Store,0,2026-03-05 14:19:15.683837
20,244354,9.3,5,45,6,92454,78048,Female,Tier 1,Store,0,2026-03-05 14:19:15.683837
42,214068,7.5,5,37,9,115890,5735,Male,Tier 1,Online,1,2026-03-05 14:19:15.683837
51,183369,5.7,4,22,14,127211,146919,Male,Tier 3,Store,0,2026-03-05 14:19:15.683837
29,200345,7.4,3,11,14,11251,138833,Female,Tier 2,Store,0,2026-03-05 14:19:15.683837
59,207328,4.0,5,36,17,103419,88225,Female,Tier 1,Store,0,2026-03-05 14:19:15.683837
26,49743,6.9,9,45,8,5685,87874,Female,Tier 2,Store,0,2026-03-05 14:19:15.683837
32,214824,6.4,9,36,15,59035,57221,Female,Tier 2,Store,0,2026-03-05 14:19:15.683837
57,94803,7.3,9,49,1,26657,75550,Female,Tier 1,Store,0,2026-03-05 14:19:15.683837
42,90117,9.3,6,47,14,121330,144938,Female,Tier 1,Store,0,2026-03-05 14:19:15.683837
22,216123,8.9,8,20,12,33740,34494,Female,Tier 3,Hybrid,0,2026-03-05 14:19:15.683837
28,37076,3.2,1,47,0,55397,91194,Female,Tier 2,Store,0,2026-03-05 14:19:15.683837
76,221384,2.0,1,41,1,42178,87918,Female,Tier 2,Store,0,2026-03-05 14:19:15.683837
51,102483,6.5,7,10,15,145850,136581,Other,Tier 1,Store,0,2026-03-05 14:19:15.683837
41,149035,6.3,5,20,3,93375,57351,Male,Tier 1,Store,0,2026-03-05 14:19:15.683837
77,134217,3.7,2,36,19,143187,51007,Female,Tier 3,Store,0,2026-03-05 14:19:15.683837
32,218394,4.1,4,3,0,42356,38728,Female,Tier 3,Store,0,2026-03-05 14:19:15.683837
55,159938,4.5,4,25,5,86315,16349,Female,Tier 3,Store,0,2026-03-05 14:19:15.683837
25,119504,8.7,6,19,15,135454,99746,Male,Tier 1,Store,0,2026-03-05 14:19:15.683837
76,178377,5.1,8,6,15,102346,61616,Female,Tier 3,Store,0,2026-03-05 14:19:15.683837
22,208475,3.0,3,37,5,141974,91774,Other,Tier 3,Store,0,2026-03-05 14:19:15.683837
65,228968,5.9,7,46,14,144180,122639,Female,Tier 2,Store,0,2026-03-05 14:19:15.683837
43,120649,6.0,2,26,6,126175,69572,Male,Tier 1,Store,0,2026-03-05 14:19:15.683837
35,141244,3.9,9,46,6,40351,98916,Other,Tier 3,Store,0,2026-03-05 14:19:15.683837
23,47813,7.2,7,16,11,90605,61397,Male,Tier 2,Store,0,2026-03-05 14:19:15.683837
54,81729,8.3,1,31,0,8899,146782,Female,Tier 2,Store,0,2026-03-05 14:19:15.683837
77,206758,5.3,4,9,1,85976,111709,Male,Tier 2,Store,0,2026-03-05 14:19:15.683837
65,19512,3.0,2,49,16,29718,49048,Female,Tier 2,Store,0,2026-03-05 14:19:15.683837
30,168738,5.5,10,10,16,2100,21267,Male,Tier 3,Hybrid,0,2026-03-05 14:19:15.683837
45,162702,6.6,5,17,7,77973,141503,Male,Tier 3,Store,0,2026-03-05 14:19:15.683837
22,132907,1.7,9,1,3,22797,147463,Female,Tier 2,Store,0,2026-03-05 14:19:15.683837
30,220591,7.0,3,34,12,76289,98009,Female,Tier 2,Store,0,2026-03-05 14:19:15.683837
34,146708,5.3,5,5,12,87371,79893,Other,Tier 1,Store,0,2026-03-05 14:19:15.683837
67,149847,6.1,10,2,10,30723,109653,Other,Tier 2,Store,0,2026-03-05 14:19:15.683837
57,214029,5.4,2,6,11,17456,110388,Female,Tier 2,Store,0,2026-03-05 14:19:15.683837
62,79591,4.5,4,34,13,54113,42306,Female,Tier 1,Store,0,2026-03-05 14:19:15.683837
49,224633,5.8,2,46,0,3051,28342,Female,Tier 1,Hybrid,0,2026-03-05 14:19:15.683837
79,220888,5.0,8,12,8,140634,34291,Other,Tier 2,Store,0,2026-03-05 14:19:15.683837
46,248559,5.3,7,37,2,23560,131445,Other,Tier 1,Store,0,2026-03-05 14:19:15.683837
68,26351,4.2,7,1,6,136717,7999,Female,Tier 3,Online,1,2026-03-05 14:19:15.683837
75,130400,7.1,7,1,14,120807,144494,Female,Tier 3,Store,0,2026-03-05 14:19:15.683837
20,135533,8.5,9,7,6,126667,34098,Female,Tier 3,Store,0,2026-03-05 14:19:15.683837
73,118627,4.3,2,8,10,139999,103078,Male,Tier 1,Store,0,2026-03-05 14:19:15.683837
57,201256,5.8,6,33,15,35591,112853,Female,Tier 1,Store,0,2026-03-05 14:19:15.683837
51,143381,3.8,4,38,11,60360,73825,Other,Tier 1,Store,0,2026-03-05 14:19:15.683837
57,110707,6.8,10,30,19,3813,90020,Male,Tier 1,Store,0,2026-03-05 14:19:15.683837
44,215252,6.4,6,28,7,122353,100668,Female,Tier 1,Store,0,2026-03-05 14:19:15.683837
30,96678,4.8,9,48,12,16773,23898,Female,Tier 2,Store,0,2026-03-05 14:19:15.683837
62,88309,5.8,1,46,1,126103,41352,Other,Tier 2,Store,0,2026-03-05 14:19:15.683837
50,240074,7.7,2,35,7,58756,72613,Male,Tier 3,Store,0,2026-03-05 14:19:15.683837
23,25778,2.8,6,21,14,5177,78997,Other,Tier 2,Store,0,2026-03-05 14:19:15.683837
41,158573,3.4,7,22,11,135083,136382,Male,Tier 3,Store,0,2026-03-05 14:19:15.683837
36,127713,7.2,3,12,4,118217,25763,Male,Tier 3,Hybrid,0,2026-03-05 14:19:15.683837
33,148180,6.1,1,34,1,130899,78141,Other,Tier 2,Store,0,2026-03-05 14:19:15.683837
57,240977,5.9,7,43,11,115453,1149,Male,Tier 2,Online,1,2026-03-05 14:19:15.683837
45,51382,7.9,2,2,5,98105,145298,Male,Tier 2,Store,0,2026-03-05 14:19:15.683837
50,237426,7.4,6,8,7,118804,44133,Female,Tier 1,Store,0,2026-03-05 14:19:15.683837
76,90787,9.4,4,47,3,83267,27492,Female,Tier 2,Store,0,2026-03-05 14:19:15.683837
76,38341,7.8,10,17,9,107726,104702,Male,Tier 2,Store,0,2026-03-05 14:19:15.683837
65,223286,7.1,4,25,15,105761,31946,Female,Tier 1,Store,0,2026-03-05 14:19:15.683837
58,160439,5.9,9,28,7,1410,61661,Other,Tier 1,Store,0,2026-03-05 14:19:15.683837
30,134967,5.7,7,47,15,46555,142270,Other,Tier 1,Store,0,2026-03-05 14:19:15.683837
60,241280,6.0,1,11,6,39229,12698,Male,Tier 3,Store,0,2026-03-05 14:19:15.683837
62,146066,6.4,4,38,11,110553,13182,Female,Tier 2,Store,0,2026-03-05 14:19:15.683837
42,215940,3.6,10,22,6,40946,90285,Other,Tier 2,Store,0,2026-03-05 14:19:15.683837
70,158074,6.5,6,18,16,37508,34339,Male,Tier 2,Store,0,2026-03-05 14:19:15.683837
59,100820,5.5,2,23,14,90185,126573,Female,Tier 3,Store,0,2026-03-05 14:19:15.683837
53,74949,6.7,4,43,13,140388,3515,Other,Tier 3,Online,1,2026-03-05 14:19:15.683837
44,161772,4.8,2,42,4,138462,20716,Female,Tier 2,Store,0,2026-03-05 14:19:15.683837
55,225377,4.7,1,43,1,5007,47400,Other,Tier 1,Store,0,2026-03-05 14:19:15.683837
77,77543,6.5,1,29,4,6380,2860,Male,Tier 1,Online,1,2026-03-05 14:19:15.683837
24,175390,7.0,9,30,4,30185,3995,Female,Tier 3,Online,1,2026-03-05 14:19:15.683837
22,235931,4.8,9,18,5,80443,2799,Male,Tier 3,Online,1,2026-03-05 14:19:15.683837
60,42610,8.6,4,20,13,94587,47908,Other,Tier 1,Store,0,2026-03-05 14:19:15.683837
62,218571,8.6,8,48,5,88336,61744,Other,Tier 2,Store,0,2026-03-05 14:19:15.683837
75,219446,2.8,10,46,12,40489,76327,Female,Tier 1,Store,0,2026-03-05 14:19:15.683837
74,80226,4.4,7,9,6,7868,37007,Other,Tier 1,Store,0,2026-03-05 14:19:15.683837
68,60167,6.2,5,3,17,41847,96746,Male,Tier 3,Store,0,2026-03-05 14:19:15.683837
48,223851,6.7,10,17,3,137416,51997,Female,Tier 3,Store,0,2026-03-05 14:19:15.683837
40,174011,10.3,2,44,4,30060,24888,Male,Tier 2,Online,1,2026-03-05 14:19:15.683837
59,207437,6.3,9,36,14,142515,54934,Female,Tier 2,Store,0,2026-03-05 14:19:15.683837
27,82381,5.8,7,19,1,110637,98839,Other,Tier 3,Store,0,2026-03-05 14:19:15.683837
49,61710,3.7,4,35,7,18972,64022,Other,Tier 3,Store,0,2026-03-05 14:19:15.683837
60,31766,2.8,10,47,17,103405,81777,Other,Tier 2,Store,0,2026-03-05 14:19:15.683837
70,117416,5.7,2,31,1,143388,8166,Other,Tier 3,Online,1,2026-03-05 14:19:15.683837
47,27780,10.1,2,26,1,61401,124134,Female,Tier 2,Store,0,2026-03-05 14:19:15.683837
56,63458,5.6,3,40,17,78078,131652,Other,Tier 1,Store,0,2026-03-05 14:19:15.683837
48,71221,4.5,6,23,6,22255,95131,Female,Tier 3,Store,0,2026-03-05 14:19:15.683837
35,16509,6.9,1,28,13,102774,43650,Other,Tier 1,Store,0,2026-03-05 14:19:15.683837
53,104493,2.0,5,23,4,29372,96932,Male,Tier 2,Store,0,2026-03-05 14:19:15.683837
19,180418,6.2,10,28,8,28371,32303,Other,Tier 1,Store,0,2026-03-05 14:19:15.683837
31,228871,7.6,3,38,13,96225,81371,Other,Tier 3,Store,0,2026-03-05 14:19:15.683837
30,131850,4.1,7,17,3,110719,135666,Female,Tier 2,Store,0,2026-03-05 14:19:15.683837
46,192946,8.7,7,9,0,88735,5872,Female,Tier 3,Online,1,2026-03-05 14:19:15.683837
29,172220,7.3,10,46,7,52721,143237,Male,Tier 1,Store,0,2026-03-05 14:19:15.683837
56,46533,8.8,5,8,14,138155,131961,Female,Tier 2,Store,0,2026-03-05 14:19:15.683837
19,123144,3.2,9,49,18,38576,130795,Male,Tier 1,Store,0,2026-03-05 14:19:15.683837
49,137402,5.6,10,10,9,120220,147308,Other,Tier 2,Store,0,2026-03-05 14:19:15.683837
30,93467,7.8,8,11,16,132092,47397,Female,Tier 3,Store,0,2026-03-05 14:19:15.683837
63,16359,3.0,9,1,1,122636,135557,Other,Tier 2,Store,0,2026-03-05 14:19:15.683837
44,134119,7.9,6,25,4,129788,28370,Male,Tier 3,Online,1,2026-03-05 14:19:15.683837
66,236140,5.6,8,8,14,17120,110168,Female,Tier 2,Store,0,2026-03-05 14:19:15.683837
58,206385,7.9,10,16,9,5472,129334,Female,Tier 1,Store,0,2026-03-05 14:19:15.683837
34,35344,6.4,2,34,17,3712,118923,Male,Tier 2,Store,0,2026-03-05 14:19:15.683837
57,133499,8.8,5,45,12,106618,96411,Female,Tier 2,Store,0,2026-03-05 14:19:15.683837
48,84778,3.4,8,2,13,34943,111982,Female,Tier 2,Store,0,2026-03-05 14:19:15.683837
51,35601,6.7,2,5,2,92942,55435,Other,Tier 1,Store,0,2026-03-05 14:19:15.683837
77,165188,3.0,2,42,5,563,10728,Other,Tier 3,Online,1,2026-03-05 14:19:15.683837
41,203057,6.8,3,22,19,104503,141978,Male,Tier 2,Store,0,2026-03-05 14:19:15.683837
62,116013,6.7,2,34,11,94983,149198,Other,Tier 2,Store,0,2026-03-05 14:19:15.683837
52,45782,5.4,4,14,4,141719,105327,Male,Tier 1,Store,0,2026-03-05 14:19:15.683837
65,126095,4.4,4,7,19,141924,14443,Male,Tier 2,Store,0,2026-03-05 14:19:15.683837
23,195891,5.3,1,31,8,130745,25727,Other,Tier 1,Store,0,2026-03-05 14:19:15.683837
36,230488,6.2,6,33,6,27192,56375,Male,Tier 1,Store,0,2026-03-05 14:19:15.683837
47,215107,6.6,7,10,18,143410,20643,Male,Tier 2,Store,0,2026-03-05 14:19:15.683837
24,112123,9.9,7,45,4,142166,54413,Female,Tier 2,Store,0,2026-03-05 14:19:15.683837
27,59458,7.7,5,2,3,125567,130218,Female,Tier 1,Store,0,2026-03-05 14:19:15.683837
58,237628,4.8,4,28,17,4394,17292,Female,Tier 1,Store,0,2026-03-05 14:19:15.683837
49,139225,7.2,2,9,4,64857,90476,Female,Tier 2,Store,0,2026-03-05 14:19:15.683837
51,154152,7.8,5,17,6,105415,44044,Female,Tier 1,Store,0,2026-03-05 14:19:15.683837
45,234815,4.7,4,17,12,37715,135180,Male,Tier 1,Store,0,2026-03-05 14:19:15.683837
77,180029,7.4,8,11,15,132278,59788,Female,Tier 3,Store,0,2026-03-05 14:19:15.683837
32,159980,3.0,10,26,10,117601,83204,Other,Tier 1,Store,0,2026-03-05 14:19:15.683837
47,111188,4.6,1,18,2,58218,144190,Male,Tier 2,Store,0,2026-03-05 14:19:15.683837
54,241952,3.2,7,40,3,64562,129378,Female,Tier 1,Store,0,2026-03-05 14:19:15.683837
46,136292,5.6,5,32,16,60788,23001,Female,Tier 3,Store,0,2026-03-05 14:19:15.683837
39,105570,5.1,10,24,8,89056,60222,Other,Tier 1,Store,0,2026-03-05 14:19:15.683837
21,237396,5.2,5,43,18,110005,70520,Male,Tier 3,Store,0,2026-03-05 14:19:15.683837
37,224359,7.6,1,1,12,97739,111701,Other,Tier 1,Store,0,2026-03-05 14:19:15.683837
49,138791,6.2,9,1,11,109369,37748,Other,Tier 2,Store,0,2026-03-05 14:19:15.683837
53,193554,7.6,7,4,16,127539,103727,Male,Tier 1,Store,0,2026-03-05 14:19:15.683837
67,245401,9.3,2,21,12,142518,15706,Male,Tier 3,Store,0,2026-03-05 14:19:15.683837
21,140291,10.2,5,32,10,93308,108789,Other,Tier 3,Store,0,2026-03-05 14:19:15.683837
44,113375,5.7,8,43,9,13913,16214,Female,Tier 3,Online,1,2026-03-05 14:19:15.683837
34,53314,7.1,7,4,4,95402,54873,Other,Tier 3,Store,0,2026-03-05 14:19:15.683837
29,247061,5.7,2,27,16,98786,68598,Female,Tier 1,Store,0,2026-03-05 14:19:15.683837
39,220993,8.0,7,13,0,100112,18901,Female,Tier 1,Hybrid,0,2026-03-05 14:19:15.683837
34,229840,7.6,6,39,15,1562,12508,Female,Tier 3,Hybrid,0,2026-03-05 14:19:15.683837
27,123880,4.7,8,42,7,50399,85606,Female,Tier 3,Store,0,2026-03-05 14:19:15.683837
71,115326,5.0,9,49,19,136623,118200,Other,Tier 1,Store,0,2026-03-05 14:19:15.683837
18,161903,8.8,7,9,16,121389,105988,Other,Tier 1,Store,0,2026-03-05 14:19:15.683837
39,136026,4.9,8,40,7,77486,131985,Other,Tier 2,Store,0,2026-03-05 14:19:15.683837
43,166197,5.8,10,14,13,131697,5440,Male,Tier 1,Online,1,2026-03-05 14:19:15.683837
73,77451,7.4,7,9,16,48633,91744,Female,Tier 1,Store,0,2026-03-05 14:19:15.683837
76,60708,5.7,7,3,8,52247,106728,Male,Tier 3,Store,0,2026-03-05 14:19:15.683837
35,32682,9.1,1,42,5,17683,14142,Other,Tier 1,Hybrid,0,2026-03-05 14:19:15.683837
67,117406,8.1,5,48,1,13024,147725,Female,Tier 2,Store,0,2026-03-05 14:19:15.683837
31,228896,4.2,10,17,18,20782,91463,Other,Tier 3,Store,0,2026-03-05 14:19:15.683837
64,181866,4.8,5,16,12,20685,146303,Female,Tier 3,Store,0,2026-03-05 14:19:15.683837
46,74372,7.2,4,30,9,100265,93749,Other,Tier 2,Store,0,2026-03-05 14:19:15.683837
29,54477,5.9,1,32,9,121401,16838,Male,Tier 2,Store,0,2026-03-05 14:19:15.683837
53,199935,2.1,7,24,14,147989,87732,Female,Tier 3,Store,0,2026-03-05 14:19:15.683837
76,236013,4.1,8,11,4,20638,63312,Other,Tier 3,Store,0,2026-03-05 14:19:15.683837
52,184809,6.5,5,46,19,146469,107678,Other,Tier 2,Store,0,2026-03-05 14:19:15.683837
69,148692,7.8,4,20,6,31481,112838,Male,Tier 2,Store,0,2026-03-05 14:19:15.683837
78,247022,7.8,9,16,12,96123,109779,Other,Tier 3,Store,0,2026-03-05 14:19:15.683837
29,249241,9.9,3,19,19,2656,142022,Other,Tier 1,Store,0,2026-03-05 14:19:15.683837
24,181129,4.6,3,28,10,16387,16224,Female,Tier 1,Hybrid,0,2026-03-05 14:19:15.683837
46,186210,4.7,4,2,1,36285,141137,Female,Tier 1,Store,0,2026-03-05 14:19:15.683837
28,225462,5.9,7,6,14,17540,36436,Female,Tier 3,Store,0,2026-03-05 14:19:15.683837
50,68024,2.6,2,32,14,76768,18608,Other,Tier 1,Store,0,2026-03-05 14:19:15.683837
23,155749,6.0,8,25,18,149307,144541,Male,Tier 1,Store,0,2026-03-05 14:19:15.683837
64,190183,5.6,2,19,4,103013,54882,Other,Tier 3,Store,0,2026-03-05 14:19:15.683837
32,170146,7.6,4,42,16,66887,7002,Male,Tier 3,Online,1,2026-03-05 14:19:15.683837
49,32824,7.9,2,36,7,57951,124428,Male,Tier 1,Store,0,2026-03-05 14:19:15.683837
68,146837,6.7,9,31,15,53641,29198,Female,Tier 2,Store,0,2026-03-05 14:19:15.683837
28,191511,6.0,4,34,14,71006,110941,Female,Tier 2,Store,0,2026-03-05 14:19:15.683837
75,112151,6.7,5,20,17,125670,16177,Other,Tier 2,Online,1,2026-03-05 14:19:15.683837
40,63926,4.4,9,40,17,85813,89003,Female,Tier 3,Store,0,2026-03-05 14:19:15.683837
43,182932,5.8,2,7,14,30283,144905,Female,Tier 2,Store,0,2026-03-05 14:19:15.683837
51,27975,6.0,4,1,9,83554,74954,Female,Tier 2,Store,0,2026-03-05 14:19:15.683837
63,89877,5.8,6,47,4,144395,692,Other,Tier 3,Online,1,2026-03-05 14:19:15.683837
51,239749,5.7,1,15,15,8438,78212,Male,Tier 3,Store,0,2026-03-05 14:19:15.683837
46,92870,4.8,1,26,11,129405,142638,Male,Tier 3,Store,0,2026-03-05 14:19:15.683837
21,96371,3.9,7,35,16,136987,143102,Male,Tier 2,Store,0,2026-03-05 14:19:15.683837
34,172620,5.6,6,9,11,124174,30325,Female,Tier 1,Store,0,2026-03-05 14:19:15.683837
52,115970,7.2,4,27,0,77745,108205,Other,Tier 3,Store,0,2026-03-05 14:19:15.683837
30,236647,2.5,5,16,10,32761,6399,Female,Tier 3,Online,1,2026-03-05 14:19:15.683837
58,113066,5.0,5,24,7,29337,58538,Female,Tier 3,Store,0,2026-03-05 14:19:15.683837
56,184808,10.1,9,14,4,65800,23670,Female,Tier 2,Store,0,2026-03-05 14:19:15.683837
32,76562,5.6,5,17,7,135270,62031,Female,Tier 3,Store,0,2026-03-05 14:19:15.683837
72,55409,6.3,2,27,10,127028,44355,Male,Tier 2,Store,0,2026-03-05 14:19:15.683837
46,230173,9.7,7,1,10,48347,1298,Other,Tier 2,Online,1,2026-03-05 14:19:15.683837
46,24834,6.6,10,39,13,64575,77678,Female,Tier 1,Store,0,2026-03-05 14:19:15.683837
28,117192,6.7,9,41,13,116374,23667,Male,Tier 1,Online,1,2026-03-05 14:19:15.683837
69,15840,4.2,7,30,18,83305,65261,Other,Tier 2,Store,0,2026-03-05 14:19:15.683837
49,225481,6.6,8,30,10,74837,100869,Other,Tier 2,Store,0,2026-03-05 14:19:15.683837
19,46568,6.0,10,24,1,74325,43021,Other,Tier 2,Store,0,2026-03-05 14:19:15.683837
64,25846,7.8,3,0,7,22099,80907,Other,Tier 1,Store,0,2026-03-05 14:19:15.683837
31,151971,8.6,9,17,10,108678,129787,Other,Tier 3,Store,0,2026-03-05 14:19:15.683837
37,101038,6.1,7,15,0,23237,18081,Male,Tier 1,Store,0,2026-03-05 14:19:15.683837
39,212173,6.8,10,41,4,67824,61132,Male,Tier 1,Store,0,2026-03-05 14:19:15.683837
28,184845,2.2,4,36,14,27633,76861,Female,Tier 3,Store,0,2026-03-05 14:19:15.683837
44,144789,1.5,10,40,18,5846,100340,Female,Tier 3,Store,0,2026-03-05 14:19:15.683837
20,122460,8.2,7,41,15,111972,56274,Male,Tier 2,Store,0,2026-03-05 14:19:15.683837
34,89723,1.0,3,36,3,120420,138145,Female,Tier 1,Store,0,2026-03-05 14:19:15.683837
79,218834,6.7,10,6,11,129188,144262,Other,Tier 2,Store,0,2026-03-05 14:19:15.683837
61,119194,5.7,7,5,4,105871,41974,Female,Tier 3,Store,0,2026-03-05 14:19:15.683837
73,126417,8.5,3,13,18,51545,133065,Male,Tier 3,Store,0,2026-03-05 14:19:15.683837
45,150383,5.9,2,21,10,143854,146765,Other,Tier 2,Store,0,2026-03-05 14:19:15.683837
46,71888,9.6,1,49,6,41513,44522,Female,Tier 1,Store,0,2026-03-05 14:19:15.683837
38,56616,5.6,6,30,5,13799,35906,Male,Tier 3,Store,0,2026-03-05 14:19:15.683837
64,198206,8.3,3,44,12,86234,12082,Male,Tier 3,Online,1,2026-03-05 14:19:15.683837
33,237297,3.0,10,9,14,26348,147881,Male,Tier 2,Store,0,2026-03-05 14:19:15.683837
54,21083,1.4,2,45,2,36088,64901,Male,Tier 1,Store,0,2026-03-05 14:19:15.683837
76,158670,5.9,3,39,2,127513,45030,Female,Tier 2,Store,0,2026-03-05 14:19:15.683837
37,97476,3.2,8,45,3,81060,58350,Female,Tier 3,Store,0,2026-03-05 14:19:15.683837
23,107416,5.9,3,35,9,46914,17762,Female,Tier 2,Store,0,2026-03-05 14:19:15.683837
36,17580,5.2,4,40,18,9143,84712,Male,Tier 3,Store,0,2026-03-05 14:19:15.683837
74,137834,7.2,2,37,5,116441,62855,Male,Tier 3,Store,0,2026-03-05 14:19:15.683837
22,127148,3.9,8,33,0,120722,121755,Male,Tier 2,Store,0,2026-03-05 14:19:15.683837
20,203467,6.8,6,2,0,37173,11658,Female,Tier 2,Hybrid,0,2026-03-05 14:19:15.683837
76,57321,7.7,9,22,6,76858,123932,Other,Tier 3,Store,0,2026-03-05 14:19:15.683837
18,24386,5.6,8,42,15,16241,123422,Male,Tier 2,Store,0,2026-03-05 14:19:15.683837
75,68171,7.0,4,16,3,99088,83838,Female,Tier 3,Store,0,2026-03-05 14:19:15.683837
77,165594,4.0,8,28,15,94225,85577,Other,Tier 3,Store,0,2026-03-05 14:19:15.683837
55,211604,5.2,1,0,6,116708,61014,Other,Tier 1,Store,0,2026-03-05 14:19:15.683837
32,237832,3.3,9,2,17,3479,78738,Female,Tier 2,Store,0,2026-03-05 14:19:15.683837
51,160707,10.7,5,13,14,31656,146600,Male,Tier 2,Store,0,2026-03-05 14:19:15.683837
78,146743,8.5,4,10,8,45996,23648,Other,Tier 1,Store,0,2026-03-05 14:19:15.683837
52,48545,9.3,5,29,10,93814,11969,Female,Tier 3,Online,1,2026-03-05 14:19:15.683837
66,200151,8.4,1,20,6,78865,66700,Other,Tier 3,Store,0,2026-03-05 14:19:15.683837
42,41855,4.7,2,15,6,3416,5004,Female,Tier 3,Hybrid,0,2026-03-05 14:19:15.683837
41,50790,2.9,2,45,2,4611,124573,Female,Tier 3,Store,0,2026-03-05 14:19:15.683837
29,66012,5.2,9,8,6,77798,56350,Male,Tier 3,Store,0,2026-03-05 14:19:15.683837
35,132827,7.0,6,1,2,111504,43475,Other,Tier 2,Store,0,2026-03-05 14:19:15.683837
32,29260,5.4,3,25,11,99470,121848,Female,Tier 2,Store,0,2026-03-05 14:19:15.683837
61,211211,1.5,4,41,2,56153,61384,Female,Tier 2,Store,0,2026-03-05 14:19:15.683837
33,16074,7.5,1,2,6,77339,129376,Male,Tier 1,Store,0,2026-03-05 14:19:15.683837
44,188748,2.8,7,14,5,124216,108420,Female,Tier 1,Store,0,2026-03-05 14:19:15.683837
25,155547,5.2,7,11,14,135753,10216,Male,Tier 3,Store,0,2026-03-05 14:19:15.683837
77,224486,9.5,8,18,9,137436,36115,Female,Tier 2,Store,0,2026-03-05 14:19:15.683837
63,161192,6.1,1,40,4,64556,73749,Female,Tier 1,Store,0,2026-03-05 14:19:15.683837
42,169219,8.2,9,13,8,139903,39133,Male,Tier 3,Store,0,2026-03-05 14:19:15.683837
34,16986,6.7,2,14,16,84164,9591,Male,Tier 3,Hybrid,0,2026-03-05 14:19:15.683837
46,178502,4.0,1,22,18,77871,42592,Other,Tier 1,Store,0,2026-03-05 14:19:15.683837
70,70479,7.5,1,10,16,33621,133319,Female,Tier 2,Store,0,2026-03-05 14:19:15.683837
25,229038,5.9,8,42,8,16040,77545,Male,Tier 3,Store,0,2026-03-05 14:19:15.683837
32,145833,3.0,3,2,16,47106,17901,Male,Tier 2,Store,0,2026-03-05 14:19:15.683837
44,17176,2.7,6,42,0,90499,120635,Other,Tier 3,Store,0,2026-03-05 14:19:15.683837
63,99258,6.8,6,0,7,17979,36665,Female,Tier 1,Store,0,2026-03-05 14:19:15.683837
67,130188,10.3,2,3,18,132529,61124,Male,Tier 3,Store,0,2026-03-05 14:19:15.683837
69,99153,3.8,2,20,8,112095,118622,Male,Tier 2,Store,0,2026-03-05 14:19:15.683837
24,207990,4.1,1,24,7,63610,33139,Male,Tier 1,Store,0,2026-03-05 14:19:15.683837
20,173187,6.8,9,19,5,87634,54988,Male,Tier 3,Store,0,2026-03-05 14:19:15.683837
46,248984,3.4,1,9,14,61885,136065,Female,Tier 3,Store,0,2026-03-05 14:19:15.683837
61,92442,10.7,6,17,14,126082,88538,Male,Tier 3,Store,0,2026-03-05 14:19:15.683837
70,55002,4.3,9,32,5,68317,130500,Other,Tier 2,Store,0,2026-03-05 14:19:15.683837
41,72124,5.0,6,34,14,91884,124108,Other,Tier 3,Store,0,2026-03-05 14:19:15.683837
77,152682,4.4,6,24,17,102952,37760,Other,Tier 2,Store,0,2026-03-05 14:19:15.683837
75,64752,7.9,4,2,5,25225,94934,Male,Tier 1,Store,0,2026-03-05 14:19:15.683837
20,93947,10.3,5,49,17,133978,82109,Other,Tier 2,Store,0,2026-03-05 14:19:15.683837
37,133972,4.6,1,12,17,81480,141915,Other,Tier 3,Store,0,2026-03-05 14:19:15.683837
63,89716,7.7,3,34,18,49997,41489,Female,Tier 1,Store,0,2026-03-05 14:19:15.683837
32,194065,3.4,6,24,19,114153,137925,Male,Tier 3,Store,0,2026-03-05 14:19:15.683837
42,25073,7.9,2,17,12,10045,31980,Other,Tier 1,Store,0,2026-03-05 14:19:15.683837
47,52251,9.5,1,29,10,70476,80950,Female,Tier 1,Store,0,2026-03-05 14:19:15.683837
31,111496,8.9,1,39,14,14257,53253,Male,Tier 1,Store,0,2026-03-05 14:19:15.683837
24,217509,6.3,1,45,5,75815,134687,Male,Tier 3,Store,0,2026-03-05 14:19:15.683837
34,53897,3.9,10,29,10,88131,108588,Female,Tier 3,Store,0,2026-03-05 14:19:15.683837
79,196978,6.0,10,23,3,95448,56491,Male,Tier 3,Store,0,2026-03-05 14:19:15.683837
61,66616,5.4,1,25,14,111856,147291,Female,Tier 2,Store,0,2026-03-05 14:19:15.683837
37,19482,5.1,6,0,15,148485,100050,Female,Tier 2,Store,0,2026-03-05 14:19:15.683837
53,122990,6.4,10,32,13,21566,64440,Male,Tier 3,Store,0,2026-03-05 14:19:15.683837
26,237036,5.9,4,7,4,24000,5052,Female,Tier 3,Online,1,2026-03-05 14:19:15.683837
55,219008,7.4,4,11,14,120569,96625,Female,Tier 3,Store,0,2026-03-05 14:19:15.683837
65,185646,7.4,4,7,9,37396,143004,Other,Tier 2,Store,0,2026-03-05 14:19:15.683837
74,58284,5.9,8,10,5,65928,33093,Female,Tier 3,Store,0,2026-03-05 14:19:15.683837
77,87932,6.9,7,13,15,84050,80813,Female,Tier 3,Store,0,2026-03-05 14:19:15.683837
39,22338,8.6,5,17,15,143991,4258,Male,Tier 1,Online,1,2026-03-05 14:19:15.683837
71,188790,4.9,7,43,18,54987,145025,Other,Tier 3,Store,0,2026-03-05 14:19:15.683837
70,158572,6.0,8,39,2,70527,21891,Male,Tier 3,Online,1,2026-03-05 14:19:15.683837
70,157617,3.9,10,0,19,79025,35860,Male,Tier 2,Store,0,2026-03-05 14:19:15.683837
19,76480,7.0,8,20,17,56466,110616,Female,Tier 3,Store,0,2026-03-05 14:19:15.683837
41,151313,6.4,7,9,18,65207,45922,Other,Tier 2,Store,0,2026-03-05 14:19:15.683837
25,235386,6.9,7,36,1,130907,79322,Other,Tier 3,Store,0,2026-03-05 14:19:15.683837
28,168893,4.0,9,28,8,2335,20796,Male,Tier 1,Store,0,2026-03-05 14:19:15.683837
30,19695,7.5,5,45,0,11040,24756,Other,Tier 1,Online,1,2026-03-05 14:19:15.683837
34,223138,6.2,8,39,3,84152,60229,Female,Tier 3,Store,0,2026-03-05 14:19:15.683837
25,29318,8.1,2,23,3,16964,100874,Other,Tier 3,Store,0,2026-03-05 14:19:15.683837
38,65934,5.1,8,43,5,21086,23812,Male,Tier 1,Online,1,2026-03-05 14:19:15.683837
35,168403,7.4,1,35,5,125775,80029,Female,Tier 2,Store,0,2026-03-05 14:19:15.683837
47,136282,6.9,9,17,18,86556,68265,Male,Tier 3,Store,0,2026-03-05 14:19:15.683837
35,198744,9.0,1,14,7,82199,80164,Female,Tier 3,Store,0,2026-03-05 14:19:15.683837
63,106891,5.8,8,31,7,132517,82450,Male,Tier 3,Store,0,2026-03-05 14:19:15.683837
64,222932,4.9,3,37,19,129416,86525,Female,Tier 1,Store,0,2026-03-05 14:19:15.683837
48,239757,5.0,4,42,12,113648,109402,Other,Tier 2,Store,0,2026-03-05 14:19:15.683837
55,83754,3.8,10,44,8,50850,7277,Other,Tier 2,Online,1,2026-03-05 14:19:15.683837
49,100677,5.0,7,19,18,108772,72724,Male,Tier 3,Store,0,2026-03-05 14:19:15.683837
28,117320,1.3,10,33,6,79463,28052,Other,Tier 1,Store,0,2026-03-05 14:19:15.683837
62,148909,8.7,3,8,19,109511,73888,Male,Tier 2,Store,0,2026-03-05 14:19:15.683837
42,140261,9.9,9,40,7,94826,7135,Male,Tier 2,Online,1,2026-03-05 14:19:15.683837
50,120338,5.7,3,33,10,73849,142370,Female,Tier 2,Store,0,2026-03-05 14:19:15.683837
77,55077,6.9,8,34,2,9281,77115,Male,Tier 2,Store,0,2026-03-05 14:19:15.683837
55,94915,6.3,8,26,16,88471,74815,Male,Tier 2,Store,0,2026-03-05 14:19:15.683837
58,150311,3.4,3,41,4,91327,114344,Male,Tier 2,Store,0,2026-03-05 14:19:15.683837
25,232420,8.1,3,17,5,127509,5262,Female,Tier 2,Online,1,2026-03-05 14:19:15.683837
28,44669,8.4,10,20,14,8095,34910,Female,Tier 3,Store,0,2026-03-05 14:19:15.683837
39,63624,3.9,5,17,8,101142,144856,Other,Tier 2,Store,0,2026-03-05 14:19:15.683837
68,90147,6.7,8,26,18,145838,141230,Male,Tier 3,Store,0,2026-03-05 14:19:15.683837
41,150222,5.5,6,30,5,3294,31822,Female,Tier 1,Hybrid,0,2026-03-05 14:19:15.683837
58,157181,8.4,5,27,7,67373,130878,Male,Tier 3,Store,0,2026-03-05 14:19:15.683837
34,245822,5.8,5,32,11,97769,146109,Other,Tier 3,Store,0,2026-03-05 14:19:15.683837
29,172088,5.9,6,14,15,67476,49748,Male,Tier 1,Store,0,2026-03-05 14:19:15.683837
74,158008,9.6,8,44,19,72919,136554,Male,Tier 2,Store,0,2026-03-05 14:19:15.683837
63,157108,3.4,6,46,2,19283,63659,Male,Tier 3,Store,0,2026-03-05 14:19:15.683837
49,185308,6.5,7,35,15,9153,8709,Male,Tier 1,Online,1,2026-03-05 14:19:15.683837
32,160093,6.2,9,18,14,20003,83395,Other,Tier 3,Store,0,2026-03-05 14:19:15.683837
33,51943,4.8,7,34,10,26971,36020,Male,Tier 2,Store,0,2026-03-05 14:19:15.683837
71,128694,10.1,9,31,5,110407,112376,Male,Tier 2,Store,0,2026-03-05 14:19:15.683837
39,249456,6.7,10,44,1,141298,20657,Male,Tier 3,Online,1,2026-03-05 14:19:15.683837
45,227079,7.3,1,38,6,55758,62617,Male,Tier 2,Store,0,2026-03-05 14:19:15.683837
37,196088,7.6,3,11,15,70898,106791,Male,Tier 2,Store,0,2026-03-05 14:19:15.683837
50,169316,5.4,6,28,0,69972,37844,Other,Tier 3,Hybrid,0,2026-03-05 14:19:15.683837
27,209099,8.5,3,33,12,94160,88495,Female,Tier 3,Store,0,2026-03-05 14:19:15.683837
57,138351,8.1,2,15,3,77178,28654,Female,Tier 3,Store,0,2026-03-05 14:19:15.683837
49,53985,5.8,5,21,0,143628,90507,Other,Tier 2,Store,0,2026-03-05 14:19:15.683837
67,147574,7.9,1,7,4,6328,124978,Male,Tier 2,Store,0,2026-03-05 14:19:15.683837
77,68836,8.5,5,11,15,137642,124157,Female,Tier 3,Store,0,2026-03-05 14:19:15.683837
50,114714,7.6,8,33,18,28894,131048,Other,Tier 1,Store,0,2026-03-05 14:19:15.683837
19,18770,4.3,9,15,11,27092,134246,Other,Tier 1,Store,0,2026-03-05 14:19:15.683837
50,57865,5.8,10,46,8,27423,37625,Other,Tier 2,Store,0,2026-03-05 14:19:15.683837
50,68811,7.0,6,8,5,87356,113439,Female,Tier 2,Store,0,2026-03-05 14:19:15.683837
58,19001,6.5,4,26,8,46755,17217,Female,Tier 3,Store,0,2026-03-05 14:19:15.683837
30,75848,4.5,3,46,1,52286,91502,Female,Tier 2,Store,0,2026-03-05 14:19:15.683837
47,67635,5.4,8,34,0,60780,64335,Other,Tier 2,Store,0,2026-03-05 14:19:15.683837
50,35946,6.7,2,10,9,139510,124904,Male,Tier 3,Store,0,2026-03-05 14:19:15.683837
30,212206,3.0,8,18,2,47163,57157,Female,Tier 1,Store,0,2026-03-05 14:19:15.683837
69,110852,6.0,7,30,17,19941,28434,Male,Tier 3,Store,0,2026-03-05 14:19:15.683837
43,106103,7.4,2,14,11,127831,63254,Male,Tier 2,Store,0,2026-03-05 14:19:15.683837
39,238116,6.6,2,26,14,59452,7378,Female,Tier 1,Hybrid,0,2026-03-05 14:19:15.683837
56,58744,4.3,2,32,13,17364,127692,Other,Tier 3,Store,0,2026-03-05 14:19:15.683837
19,132729,4.6,1,6,9,71795,111599,Female,Tier 3,Store,0,2026-03-05 14:19:15.683837
55,185231,9.0,7,22,5,91821,3442,Male,Tier 2,Online,1,2026-03-05 14:19:15.683837
56,241884,4.1,8,35,19,79788,51297,Male,Tier 2,Store,0,2026-03-05 14:19:15.683837
43,38671,8.4,7,21,19,111965,111859,Male,Tier 3,Store,0,2026-03-05 14:19:15.683837
63,162522,4.8,4,0,11,127212,129082,Male,Tier 2,Store,0,2026-03-05 14:19:15.683837
75,160980,8.3,9,26,8,145381,23479,Male,Tier 1,Online,1,2026-03-05 14:19:15.683837
67,203347,7.1,2,10,3,65027,108012,Male,Tier 2,Store,0,2026-03-05 14:19:15.683837
32,190430,5.3,5,11,3,108335,77406,Other,Tier 3,Store,0,2026-03-05 14:19:15.683837
51,195119,2.5,2,20,1,47658,60399,Female,Tier 3,Store,0,2026-03-05 14:19:15.683837
59,181590,6.8,3,7,6,73502,15765,Female,Tier 1,Online,1,2026-03-05 14:19:15.683837
72,72813,6.4,2,12,10,119326,110298,Female,Tier 2,Store,0,2026-03-05 14:19:15.683837
61,111748,6.8,8,36,15,87627,5976,Other,Tier 3,Online,1,2026-03-05 14:19:15.683837
66,152878,7.1,10,32,9,141997,39152,Female,Tier 3,Store,0,2026-03-05 14:19:15.683837
57,119733,3.4,6,49,14,101813,148617,Other,Tier 1,Store,0,2026-03-05 14:19:15.683837
28,186963,6.8,5,1,1,101780,52580,Male,Tier 3,Store,0,2026-03-05 14:19:15.683837
78,141865,7.5,5,8,11,7869,108148,Female,Tier 1,Store,0,2026-03-05 14:19:15.683837
20,98551,7.5,9,12,14,76739,45715,Other,Tier 1,Store,0,2026-03-05 14:19:15.683837
76,144335,3.5,2,25,10,40596,95170,Female,Tier 2,Store,0,2026-03-05 14:19:15.683837
23,54220,8.3,1,44,9,47202,114467,Male,Tier 2,Store,0,2026-03-05 14:19:15.683837
26,32158,6.9,6,46,2,4736,73594,Female,Tier 1,Store,0,2026-03-05 14:19:15.683837
23,95992,7.1,8,8,7,46843,12853,Female,Tier 2,Online,1,2026-03-05 14:19:15.683837
26,173660,4.2,8,14,19,52638,89960,Other,Tier 1,Store,0,2026-03-05 14:19:15.683837
56,77576,7.5,6,6,19,149427,3815,Male,Tier 3,Online,1,2026-03-05 14:19:15.683837
48,103027,2.6,3,42,4,104802,119622,Other,Tier 2,Store,0,2026-03-05 14:19:15.683837
49,170260,4.3,3,36,10,65362,113079,Male,Tier 3,Store,0,2026-03-05 14:19:15.683837
58,238687,8.5,2,8,11,48364,44732,Other,Tier 3,Store,0,2026-03-05 14:19:15.683837
67,73830,7.4,2,13,19,39688,144869,Female,Tier 1,Store,0,2026-03-05 14:19:15.683837
29,150091,6.6,2,29,10,89898,75414,Female,Tier 2,Store,0,2026-03-05 14:19:15.683837
25,27419,7.9,7,46,5,78386,93990,Male,Tier 1,Store,0,2026-03-05 14:19:15.683837
25,48697,8.0,10,47,7,39247,116776,Male,Tier 1,Store,0,2026-03-05 14:19:15.683837
67,99932,7.5,9,19,12,149055,143320,Female,Tier 3,Store,0,2026-03-05 14:19:15.683837
45,134712,5.6,10,46,14,67634,122202,Male,Tier 1,Store,0,2026-03-05 14:19:15.683837
79,110428,4.2,7,22,1,54292,42228,Male,Tier 1,Store,0,2026-03-05 14:19:15.683837
37,154045,4.7,8,14,5,118018,57184,Other,Tier 2,Store,0,2026-03-05 14:19:15.683837
79,101649,8.8,5,30,19,34959,88207,Other,Tier 2,Store,0,2026-03-05 14:19:15.683837
64,137649,3.4,2,3,1,137646,99130,Other,Tier 2,Store,0,2026-03-05 14:19:15.683837
76,26136,7.0,8,24,14,89871,78374,Other,Tier 2,Store,0,2026-03-05 14:19:15.683837
24,99739,7.0,5,18,0,75291,52447,Male,Tier 1,Store,0,2026-03-05 14:19:15.683837
28,77502,8.9,9,36,10,48604,54078,Male,Tier 2,Store,0,2026-03-05 14:19:15.683837
37,177357,7.0,6,33,7,37695,44323,Other,Tier 3,Store,0,2026-03-05 14:19:15.683837
33,38039,5.2,7,0,8,80202,76261,Female,Tier 2,Store,0,2026-03-05 14:19:15.683837
21,81720,5.2,1,40,14,137035,117446,Other,Tier 1,Store,0,2026-03-05 14:19:15.683837
23,138168,6.0,8,30,4,94557,107683,Other,Tier 1,Store,0,2026-03-05 14:19:15.683837
75,103263,8.3,7,39,8,21063,40394,Male,Tier 2,Store,0,2026-03-05 14:19:15.683837
39,74155,7.6,7,43,3,126387,144371,Female,Tier 1,Store,0,2026-03-05 14:19:15.683837
43,31911,3.8,7,34,9,13687,10148,Male,Tier 2,Online,1,2026-03-05 14:19:15.683837
20,15916,6.6,7,26,3,8717,98684,Male,Tier 1,Store,0,2026-03-05 14:19:15.683837
58,74052,7.7,1,20,4,118706,17172,Other,Tier 2,Store,0,2026-03-05 14:19:15.683837
77,215182,5.5,9,7,18,145691,91227,Male,Tier 1,Store,0,2026-03-05 14:19:15.683837
59,247695,1.7,7,17,12,13834,7281,Male,Tier 3,Online,1,2026-03-05 14:19:15.683837
31,32790,5.6,7,22,10,3902,119097,Female,Tier 3,Store,0,2026-03-05 14:19:15.683837
28,229233,3.0,1,40,11,77102,97199,Other,Tier 1,Store,0,2026-03-05 14:19:15.683837
35,151278,2.7,6,35,13,96121,10116,Female,Tier 2,Store,0,2026-03-05 14:19:15.683837
71,136937,8.1,10,28,12,104158,2677,Other,Tier 2,Online,1,2026-03-05 14:19:15.683837
29,100053,11.0,8,15,3,28120,64282,Male,Tier 3,Store,0,2026-03-05 14:19:15.683837
40,64950,8.7,5,49,12,63063,142081,Other,Tier 1,Store,0,2026-03-05 14:19:15.683837
29,131211,1.0,1,9,4,64763,4248,Female,Tier 1,Online,1,2026-03-05 14:19:15.683837
30,71361,5.7,5,16,8,20299,11740,Other,Tier 1,Hybrid,0,2026-03-05 14:19:15.683837
42,76451,4.8,2,21,0,38878,56651,Male,Tier 1,Store,0,2026-03-05 14:19:15.683837
62,52696,3.1,2,39,11,73469,37904,Other,Tier 2,Store,0,2026-03-05 14:19:15.683837
68,227713,6.9,4,1,16,10718,75105,Female,Tier 2,Store,0,2026-03-05 14:19:15.683837
75,247264,5.6,4,41,0,31371,40909,Other,Tier 1,Store,0,2026-03-05 14:19:15.683837
36,214298,3.7,10,29,18,112232,96262,Male,Tier 2,Store,0,2026-03-05 14:19:15.683837
72,117395,1.9,7,43,4,119956,12933,Male,Tier 3,Online,1,2026-03-05 14:19:15.683837
63,139121,4.8,9,38,11,146779,146895,Other,Tier 2,Store,0,2026-03-05 14:19:15.683837
53,61728,6.0,2,38,11,22616,138447,Male,Tier 1,Store,0,2026-03-05 14:19:15.683837
62,70401,5.8,8,44,10,74402,88722,Other,Tier 2,Store,0,2026-03-05 14:19:15.683837
25,212298,8.1,8,18,15,95850,13183,Female,Tier 1,Hybrid,0,2026-03-05 14:19:15.683837
46,40103,6.7,8,9,16,45376,84279,Other,Tier 1,Store,0,2026-03-05 14:19:15.683837
72,180335,5.3,9,19,2,54781,126858,Male,Tier 2,Store,0,2026-03-05 14:19:15.683837
70,222693,4.4,9,23,10,38401,52909,Male,Tier 3,Store,0,2026-03-05 14:19:15.683837
72,65044,2.5,10,5,16,21694,137737,Other,Tier 1,Store,0,2026-03-05 14:19:15.683837
49,72730,3.8,7,44,0,5363,46396,Male,Tier 2,Store,0,2026-03-05 14:19:15.683837
68,40825,8.7,5,17,14,98465,25909,Male,Tier 3,Store,0,2026-03-05 14:19:15.683837
61,222328,7.7,7,15,8,63330,3118,Male,Tier 2,Online,1,2026-03-05 14:19:15.683837
35,52271,6.6,7,38,17,54817,126843,Other,Tier 1,Store,0,2026-03-05 14:19:15.683837
23,92256,5.0,10,39,0,8415,50339,Male,Tier 1,Store,0,2026-03-05 14:19:15.683837
35,192804,8.5,10,39,5,69249,111612,Other,Tier 3,Store,0,2026-03-05 14:19:15.683837
36,81433,4.0,7,15,1,98577,97265,Female,Tier 2,Store,0,2026-03-05 14:19:15.683837
39,228702,4.0,8,39,4,133111,99158,Female,Tier 1,Store,0,2026-03-05 14:19:15.683837
54,116999,5.8,2,14,2,55578,57369,Male,Tier 1,Store,0,2026-03-05 14:19:15.683837
49,247062,1.6,4,39,4,134518,35678,Female,Tier 1,Store,0,2026-03-05 14:19:15.683837
73,38572,3.9,9,5,7,148617,78561,Female,Tier 1,Store,0,2026-03-05 14:19:15.683837
58,53546,5.5,4,32,5,136759,94876,Other,Tier 2,Store,0,2026-03-05 14:19:15.683837
76,161222,5.1,2,47,10,9964,44043,Other,Tier 2,Store,0,2026-03-05 14:19:15.683837
20,69165,4.0,7,12,10,7737,117987,Other,Tier 1,Store,0,2026-03-05 14:19:15.683837
45,78690,10.1,6,3,10,19353,80753,Female,Tier 2,Store,0,2026-03-05 14:19:15.683837
27,199736,8.7,4,31,7,101294,135646,Female,Tier 3,Store,0,2026-03-05 14:19:15.683837
68,228407,9.4,8,49,5,142381,20471,Other,Tier 1,Online,1,2026-03-05 14:19:15.683837
52,221271,5.8,6,28,15,133332,54646,Male,Tier 1,Store,0,2026-03-05 14:19:15.683837
78,51948,5.0,8,6,19,21400,54588,Other,Tier 1,Store,0,2026-03-05 14:19:15.683837
46,183102,9.2,4,32,19,23304,126129,Male,Tier 3,Store,0,2026-03-05 14:19:15.683837
71,42007,6.2,2,4,2,115810,137878,Male,Tier 2,Store,0,2026-03-05 14:19:15.683837
32,115819,3.9,6,39,7,99953,126257,Female,Tier 1,Store,0,2026-03-05 14:19:15.683837
50,106207,4.0,9,3,12,58859,28336,Male,Tier 2,Store,0,2026-03-05 14:19:15.683837
24,236993,5.4,9,6,9,48995,138196,Other,Tier 1,Store,0,2026-03-05 14:19:15.683837
29,91772,6.0,9,15,7,138811,38786,Male,Tier 1,Store,0,2026-03-05 14:19:15.683837
66,37024,6.2,3,36,9,143930,10151,Female,Tier 2,Online,1,2026-03-05 14:19:15.683837
47,185456,5.6,3,48,12,31412,65587,Male,Tier 1,Store,0,2026-03-05 14:19:15.683837
38,97912,10.7,10,10,2,74742,104794,Male,Tier 1,Store,0,2026-03-05 14:19:15.683837
48,248746,3.3,3,49,3,109545,23954,Other,Tier 1,Store,0,2026-03-05 14:19:15.683837
75,164229,7.3,5,4,15,10265,78837,Female,Tier 3,Store,0,2026-03-05 14:19:15.683837
78,100481,5.0,5,28,2,53593,116973,Female,Tier 1,Store,0,2026-03-05 14:19:15.683837
41,248192,5.9,5,24,8,34619,75948,Male,Tier 1,Store,0,2026-03-05 14:19:15.683837
37,103553,7.9,8,2,18,16908,90967,Other,Tier 3,Store,0,2026-03-05 14:19:15.683837
54,147828,2.4,10,31,11,29674,74829,Female,Tier 2,Store,0,2026-03-05 14:19:15.683837
21,246749,4.1,8,29,5,132044,106919,Male,Tier 2,Store,0,2026-03-05 14:19:15.683837
45,214184,5.7,8,19,3,45808,134162,Male,Tier 1,Store,0,2026-03-05 14:19:15.683837
61,237075,9.0,9,29,13,85827,56962,Female,Tier 1,Store,0,2026-03-05 14:19:15.683837
79,117488,8.9,10,2,0,56941,56580,Male,Tier 3,Store,0,2026-03-05 14:19:15.683837
37,111741,8.6,6,43,7,113072,101646,Other,Tier 3,Store,0,2026-03-05 14:19:15.683837
77,204123,1.6,2,14,18,95582,112343,Female,Tier 3,Store,0,2026-03-05 14:19:15.683837
41,246773,3.9,9,40,15,9763,125569,Other,Tier 2,Store,0,2026-03-05 14:19:15.683837
67,210667,4.0,6,13,7,120152,87016,Male,Tier 2,Store,0,2026-03-05 14:19:15.683837
66,93210,5.9,1,39,4,149633,77263,Female,Tier 1,Store,0,2026-03-05 14:19:15.683837
68,189166,2.3,5,49,7,41629,83515,Male,Tier 1,Store,0,2026-03-05 14:19:15.683837
49,233961,8.2,7,9,16,74858,100517,Male,Tier 1,Store,0,2026-03-05 14:19:15.683837
58,241457,2.0,1,16,5,129188,67919,Female,Tier 2,Store,0,2026-03-05 14:19:15.683837
53,150607,8.1,7,14,2,65691,15004,Other,Tier 1,Online,1,2026-03-05 14:19:15.683837
75,202107,7.7,5,28,19,120245,74751,Other,Tier 1,Store,0,2026-03-05 14:19:15.683837
70,62367,3.8,5,33,10,69872,81878,Other,Tier 3,Store,0,2026-03-05 14:19:15.683837
51,163190,8.5,2,34,12,96670,937,Other,Tier 3,Online,1,2026-03-05 14:19:15.683837
53,205884,5.3,4,8,18,53978,149537,Other,Tier 1,Store,0,2026-03-05 14:19:15.683837
19,74884,4.8,9,16,19,4542,92473,Female,Tier 1,Store,0,2026-03-05 14:19:15.683837
32,212240,5.2,2,1,2,115534,32760,Male,Tier 1,Store,0,2026-03-05 14:19:15.683837
51,159352,5.3,9,25,18,13449,146012,Female,Tier 2,Store,0,2026-03-05 14:19:15.683837
53,160818,5.5,8,37,19,16193,80005,Female,Tier 3,Store,0,2026-03-05 14:19:15.683837
23,117572,5.6,4,42,6,12074,25228,Other,Tier 3,Hybrid,0,2026-03-05 14:19:15.683837
56,68251,4.2,2,27,10,78124,56493,Male,Tier 2,Store,0,2026-03-05 14:19:15.683837
59,99821,4.7,6,29,8,88474,1195,Male,Tier 1,Online,1,2026-03-05 14:19:15.683837
68,98583,4.9,7,42,14,117621,19147,Other,Tier 3,Online,1,2026-03-05 14:19:15.683837
68,25207,9.3,2,8,11,135825,18250,Female,Tier 1,Online,1,2026-03-05 14:19:15.683837
75,217199,4.9,8,27,11,141072,1588,Female,Tier 1,Online,1,2026-03-05 14:19:15.683837
71,42757,4.7,9,15,5,142426,112409,Male,Tier 1,Store,0,2026-03-05 14:19:15.683837
78,162298,9.0,5,23,16,3438,87640,Other,Tier 1,Store,0,2026-03-05 14:19:15.683837
29,241340,5.4,6,21,17,84453,121166,Female,Tier 1,Store,0,2026-03-05 14:19:15.683837
20,207479,4.2,6,19,8,56307,141953,Male,Tier 2,Store,0,2026-03-05 14:19:15.683837
62,173278,3.8,10,13,10,12103,117449,Female,Tier 2,Store,0,2026-03-05 14:19:15.683837
35,166328,3.2,2,42,18,107969,35360,Female,Tier 1,Store,0,2026-03-05 14:19:15.683837
57,48822,7.1,1,31,9,78333,15408,Male,Tier 2,Hybrid,0,2026-03-05 14:19:15.683837
38,56340,2.4,5,9,10,27520,94142,Female,Tier 3,Store,0,2026-03-05 14:19:15.683837
32,198306,8.7,6,1,5,17235,63967,Male,Tier 2,Store,0,2026-03-05 14:19:15.683837
50,58351,5.8,1,6,8,25297,42572,Female,Tier 2,Store,0,2026-03-05 14:19:15.683837
52,121311,5.1,8,0,15,94905,68725,Male,Tier 3,Store,0,2026-03-05 14:19:15.683837
43,194743,5.5,5,36,2,46016,17404,Other,Tier 3,Hybrid,0,2026-03-05 14:19:15.683837
25,90320,6.9,5,14,15,690,107941,Female,Tier 2,Store,0,2026-03-05 14:19:15.683837
53,117565,5.1,8,10,17,89541,41427,Male,Tier 3,Store,0,2026-03-05 14:19:15.683837
65,181229,5.6,8,19,18,52426,26673,Male,Tier 2,Store,0,2026-03-05 14:19:15.683837
47,34937,8.1,9,49,15,127703,96193,Male,Tier 3,Store,0,2026-03-05 14:19:15.683837
40,200362,6.7,4,40,3,13988,89680,Female,Tier 3,Store,0,2026-03-05 14:19:15.683837
59,192779,3.5,3,32,4,30604,146209,Female,Tier 1,Store,0,2026-03-05 14:19:15.683837
61,26219,4.6,10,37,9,104447,148920,Other,Tier 1,Store,0,2026-03-05 14:19:15.683837
31,24399,2.4,2,19,18,24221,82398,Male,Tier 1,Store,0,2026-03-05 14:19:15.683837
31,141733,7.2,1,9,18,103823,122981,Female,Tier 2,Store,0,2026-03-05 14:19:15.683837
19,244920,7.4,10,31,2,131570,126865,Other,Tier 3,Store,0,2026-03-05 14:19:15.683837
72,173729,4.1,5,35,7,28969,25381,Female,Tier 2,Store,0,2026-03-05 14:19:15.683837
54,35047,10.6,6,49,18,10062,32514,Male,Tier 1,Store,0,2026-03-05 14:19:15.683837
22,246615,10.9,8,11,16,144832,41882,Female,Tier 3,Store,0,2026-03-05 14:19:15.683837
55,222167,6.0,6,24,0,88327,147887,Male,Tier 3,Store,0,2026-03-05 14:19:15.683837
62,100693,4.4,2,8,12,96494,54926,Female,Tier 1,Store,0,2026-03-05 14:19:15.683837
58,115931,6.5,8,48,10,85780,3625,Female,Tier 1,Online,1,2026-03-05 14:19:15.683837
79,218226,4.4,5,16,11,57530,2549,Other,Tier 3,Hybrid,0,2026-03-05 14:19:15.683837
71,190963,7.9,3,13,1,99031,122425,Other,Tier 1,Store,0,2026-03-05 14:19:15.683837
77,152852,6.3,6,23,9,26591,72355,Male,Tier 1,Store,0,2026-03-05 14:19:15.683837
78,42050,6.5,6,40,8,131687,104364,Male,Tier 2,Store,0,2026-03-05 14:19:15.683837
64,88551,9.5,3,44,15,39756,104244,Male,Tier 1,Store,0,2026-03-05 14:19:15.683837
31,83666,4.8,7,2,3,31508,4063,Male,Tier 3,Online,1,2026-03-05 14:19:15.683837
73,239691,4.8,7,49,15,27677,13120,Female,Tier 3,Online,1,2026-03-05 14:19:15.683837
56,97016,7.7,7,40,3,145762,2361,Male,Tier 2,Online,1,2026-03-05 14:19:15.683837
42,128135,5.2,8,15,6,109895,101525,Male,Tier 2,Store,0,2026-03-05 14:19:15.683837
37,68010,9.2,7,17,14,117550,85162,Male,Tier 1,Store,0,2026-03-05 14:19:15.683837
19,247084,8.0,4,38,10,18921,138067,Female,Tier 3,Store,0,2026-03-05 14:19:15.683837
56,53165,5.3,5,49,9,123054,146207,Other,Tier 1,Store,0,2026-03-05 14:19:15.683837
23,26528,2.4,4,13,9,79298,27330,Male,Tier 2,Store,0,2026-03-05 14:19:15.683837
34,135840,3.1,2,9,5,50062,119607,Male,Tier 1,Store,0,2026-03-05 14:19:15.683837
76,195680,5.0,7,9,19,89044,22397,Female,Tier 2,Store,0,2026-03-05 14:19:15.683837
42,151986,6.8,3,5,4,117458,66379,Other,Tier 2,Store,0,2026-03-05 14:19:15.683837
74,52136,8.2,1,2,19,23104,69379,Female,Tier 1,Store,0,2026-03-05 14:19:15.683837
45,157251,5.6,1,48,0,15812,22806,Male,Tier 3,Online,1,2026-03-05 14:19:15.683837
19,101008,4.2,9,21,14,129733,76523,Female,Tier 2,Store,0,2026-03-05 14:19:15.683837
52,27076,5.7,3,1,13,141139,132635,Female,Tier 2,Store,0,2026-03-05 14:19:15.683837
54,138911,6.0,7,38,3,67519,53188,Male,Tier 1,Store,0,2026-03-05 14:19:15.683837
22,170855,8.6,9,11,11,79404,70992,Other,Tier 1,Store,0,2026-03-05 14:19:15.683837
18,131625,8.5,7,0,14,55540,98737,Male,Tier 1,Store,0,2026-03-05 14:19:15.683837
57,192788,4.0,8,36,16,29215,137237,Male,Tier 2,Store,0,2026-03-05 14:19:15.683837
29,65298,6.9,6,12,15,126180,134257,Female,Tier 3,Store,0,2026-03-05 14:19:15.683837
73,69304,4.3,3,31,14,31469,86173,Male,Tier 1,Store,0,2026-03-05 14:19:15.683837
53,94360,4.3,1,24,7,15681,123625,Male,Tier 1,Store,0,2026-03-05 14:19:15.683837
62,84835,8.1,10,37,11,78403,89028,Other,Tier 2,Store,0,2026-03-05 14:19:15.683837
40,127424,5.6,8,4,17,87077,129271,Other,Tier 1,Store,0,2026-03-05 14:19:15.683837
64,154190,7.3,6,36,13,26886,93706,Other,Tier 1,Store,0,2026-03-05 14:19:15.683837
48,222364,7.1,2,17,1,11954,37502,Male,Tier 1,Store,0,2026-03-05 14:19:15.683837
28,71911,5.8,10,9,11,50821,132106,Male,Tier 2,Store,0,2026-03-05 14:19:15.683837
27,219561,6.7,8,18,1,106113,4272,Male,Tier 3,Online,1,2026-03-05 14:19:15.683837
20,118088,6.4,4,33,17,72843,144346,Other,Tier 2,Store,0,2026-03-05 14:19:15.683837
71,30185,3.7,10,29,3,90561,64218,Other,Tier 2,Store,0,2026-03-05 14:19:15.683837
31,187864,7.0,9,31,8,44203,91210,Other,Tier 3,Store,0,2026-03-05 14:19:15.683837
33,226282,4.6,9,10,7,134900,12053,Other,Tier 2,Online,1,2026-03-05 14:19:15.683837
27,65613,3.9,9,21,6,61442,78798,Male,Tier 3,Store,0,2026-03-05 14:19:15.683837
46,179999,7.7,4,29,12,71020,30676,Female,Tier 2,Hybrid,0,2026-03-05 14:19:15.683837
27,15386,4.8,6,0,11,15227,148611,Male,Tier 1,Store,0,2026-03-05 14:19:15.683837
29,238225,8.2,4,5,11,48110,128775,Male,Tier 3,Store,0,2026-03-05 14:19:15.683837
47,218800,8.2,10,13,12,126284,13907,Other,Tier 2,Online,1,2026-03-05 14:19:15.683837
58,222353,5.0,10,2,18,52534,48725,Male,Tier 1,Store,0,2026-03-05 14:19:15.683837
18,45020,8.1,5,38,3,19918,53152,Female,Tier 3,Store,0,2026-03-05 14:19:15.683837
22,57678,5.2,7,14,1,129654,148962,Other,Tier 3,Store,0,2026-03-05 14:19:15.683837
37,232767,5.9,7,30,12,36788,109264,Other,Tier 3,Store,0,2026-03-05 14:19:15.683837
25,76394,7.0,10,18,10,74796,110500,Other,Tier 3,Store,0,2026-03-05 14:19:15.683837
60,215017,10.1,6,21,6,136298,24491,Other,Tier 3,Online,1,2026-03-05 14:19:15.683837
29,130377,7.9,10,6,8,144233,106486,Female,Tier 1,Store,0,2026-03-05 14:19:15.683837
18,136716,5.9,4,26,6,38839,141754,Female,Tier 2,Store,0,2026-03-05 14:19:15.683837
74,202486,6.2,5,34,2,125509,124061,Male,Tier 1,Store,0,2026-03-05 14:19:15.683837
71,200888,2.8,5,42,2,132990,145115,Female,Tier 1,Store,0,2026-03-05 14:19:15.683837
37,70918,8.0,9,4,0,62676,28688,Female,Tier 1,Store,0,2026-03-05 14:19:15.683837
45,237353,7.8,6,45,0,4702,130180,Female,Tier 3,Store,0,2026-03-05 14:19:15.683837
74,130640,6.6,4,34,19,2140,121487,Female,Tier 1,Store,0,2026-03-05 14:19:15.683837
60,208766,7.4,6,35,13,7221,36306,Male,Tier 2,Store,0,2026-03-05 14:19:15.683837
54,175527,1.9,7,36,1,67497,94415,Male,Tier 3,Store,0,2026-03-05 14:19:15.683837
64,119446,3.8,7,22,10,122887,75632,Male,Tier 1,Store,0,2026-03-05 14:19:15.683837
54,184807,9.6,10,35,9,29793,86836,Male,Tier 1,Store,0,2026-03-05 14:19:15.683837
29,109702,5.5,3,3,14,85244,130607,Female,Tier 1,Store,0,2026-03-05 14:19:15.683837
54,120509,7.5,6,1,10,88541,63563,Other,Tier 1,Store,0,2026-03-05 14:19:15.683837
66,108608,4.5,7,36,7,124127,59312,Other,Tier 2,Store,0,2026-03-05 14:19:15.683837
66,129310,5.1,1,34,0,145063,52890,Female,Tier 1,Store,0,2026-03-05 14:19:15.683837
73,158181,9.7,4,45,5,95703,13564,Male,Tier 2,Online,1,2026-03-05 14:19:15.683837
61,60802,5.7,7,3,19,33088,78555,Female,Tier 1,Store,0,2026-03-05 14:19:15.683837
73,214092,7.0,10,47,7,16369,115261,Female,Tier 3,Store,0,2026-03-05 14:19:15.683837
45,49622,6.3,1,3,18,7837,116092,Male,Tier 2,Store,0,2026-03-05 14:19:15.683837
64,124935,6.5,8,5,16,99440,108406,Female,Tier 2,Store,0,2026-03-05 14:19:15.683837
32,132919,6.4,6,16,13,133213,149648,Female,Tier 3,Store,0,2026-03-05 14:19:15.683837
23,148669,2.0,6,3,3,124126,119113,Female,Tier 3,Store,0,2026-03-05 14:19:15.683837
61,186669,7.0,3,21,1,41492,55582,Female,Tier 2,Store,0,2026-03-05 14:19:15.683837
76,187026,4.9,6,20,15,149366,104939,Other,Tier 1,Store,0,2026-03-05 14:19:15.683837
78,84519,9.6,4,11,19,92961,132747,Male,Tier 2,Store,0,2026-03-05 14:19:15.683837
37,202187,4.5,9,6,1,42524,3574,Other,Tier 2,Online,1,2026-03-05 14:19:15.683837
67,189223,5.1,4,47,10,122599,24315,Female,Tier 2,Store,0,2026-03-05 14:19:15.683837
31,163112,10.9,6,27,13,33835,50317,Female,Tier 2,Store,0,2026-03-05 14:19:15.683837
19,59772,7.4,6,45,17,34360,112994,Female,Tier 3,Store,0,2026-03-05 14:19:15.683837
26,137431,4.0,1,12,9,34776,127702,Other,Tier 2,Store,0,2026-03-05 14:19:15.683837
54,111090,6.4,4,42,11,80629,142758,Male,Tier 1,Store,0,2026-03-05 14:19:15.683837
37,209904,3.6,9,42,10,17008,16426,Other,Tier 1,Online,1,2026-03-05 14:19:15.683837
43,173988,6.5,10,32,8,109661,2926,Female,Tier 2,Online,1,2026-03-05 14:19:15.683837
46,59871,4.4,6,39,15,10091,64860,Male,Tier 1,Store,0,2026-03-05 14:19:15.683837
18,41372,9.7,4,12,7,55661,94614,Male,Tier 3,Store,0,2026-03-05 14:19:15.683837
72,207779,6.8,7,3,4,94765,26435,Female,Tier 3,Store,0,2026-03-05 14:19:15.683837
52,54080,7.1,10,24,14,107269,22594,Other,Tier 3,Online,1,2026-03-05 14:19:15.683837
23,121242,7.9,7,19,14,131482,35596,Other,Tier 3,Store,0,2026-03-05 14:19:15.683837
54,57722,8.1,5,37,16,86194,17857,Female,Tier 3,Hybrid,0,2026-03-05 14:19:15.683837
70,44048,4.6,4,34,1,20849,12448,Female,Tier 2,Online,1,2026-03-05 14:19:15.683837
76,100205,6.2,4,8,12,91293,19087,Male,Tier 3,Store,0,2026-03-05 14:19:15.683837
22,155849,5.1,7,29,10,83178,118016,Male,Tier 1,Store,0,2026-03-05 14:19:15.683837
50,69711,10.2,6,38,0,108800,80096,Male,Tier 2,Store,0,2026-03-05 14:19:15.683837
66,182403,1.4,4,22,8,51577,61504,Female,Tier 2,Store,0,2026-03-05 14:19:15.683837
68,35968,4.8,3,10,3,77658,40289,Other,Tier 1,Store,0,2026-03-05 14:19:15.683837
31,200041,5.8,2,14,15,134759,42085,Other,Tier 1,Store,0,2026-03-05 14:19:15.683837
29,249417,6.3,4,46,15,5749,112746,Female,Tier 3,Store,0,2026-03-05 14:19:15.683837
59,26292,6.2,7,21,2,85867,136762,Other,Tier 1,Store,0,2026-03-05 14:19:15.683837
37,186866,5.9,2,16,17,121636,50537,Female,Tier 3,Store,0,2026-03-05 14:19:15.683837
70,94459,5.7,9,46,6,46407,94413,Female,Tier 1,Store,0,2026-03-05 14:19:15.683837
67,65192,6.5,9,11,9,15017,98250,Male,Tier 2,Store,0,2026-03-05 14:19:15.683837
41,173775,6.9,6,34,9,141687,71695,Other,Tier 1,Store,0,2026-03-05 14:19:15.683837
76,99193,9.6,9,33,6,62570,31475,Other,Tier 2,Store,0,2026-03-05 14:19:15.683837
60,84165,9.6,1,0,0,45020,108196,Male,Tier 3,Store,0,2026-03-05 14:19:15.683837
79,82650,6.6,6,31,16,147802,17365,Other,Tier 2,Online,1,2026-03-05 14:19:15.683837
51,202588,5.0,3,3,19,82964,142187,Female,Tier 3,Store,0,2026-03-05 14:19:15.683837
42,246053,5.1,6,23,4,121853,144720,Other,Tier 2,Store,0,2026-03-05 14:19:15.683837
67,144858,3.4,5,6,10,102490,135634,Female,Tier 1,Store,0,2026-03-05 14:19:15.683837
46,116398,7.9,5,11,1,98656,130467,Male,Tier 1,Store,0,2026-03-05 14:19:15.683837
74,237182,5.9,1,21,9,85186,8082,Female,Tier 3,Online,1,2026-03-05 14:19:15.683837
56,112885,6.9,5,48,13,137895,88417,Female,Tier 2,Store,0,2026-03-05 14:19:15.683837
48,168329,6.7,6,34,5,27482,10705,Female,Tier 3,Online,1,2026-03-05 14:19:15.683837
73,115588,4.6,1,20,1,39463,81082,Female,Tier 2,Store,0,2026-03-05 14:19:15.683837
64,118356,4.4,10,28,6,5703,21493,Male,Tier 2,Online,1,2026-03-05 14:19:15.683837
60,98509,5.1,7,48,9,21011,47039,Male,Tier 3,Store,0,2026-03-05 14:19:15.683837
67,237345,7.0,1,16,17,137075,10285,Male,Tier 2,Store,0,2026-03-05 14:19:15.683837
40,66672,5.8,7,27,0,69543,63273,Male,Tier 1,Store,0,2026-03-05 14:19:15.683837
61,209380,2.5,9,41,11,36762,113644,Other,Tier 3,Store,0,2026-03-05 14:19:15.683837
55,223655,4.0,7,46,3,115077,4850,Male,Tier 1,Online,1,2026-03-05 14:19:15.683837
37,37113,5.5,10,40,0,127710,82970,Female,Tier 2,Store,0,2026-03-05 14:19:15.683837
40,15694,5.9,5,16,13,12849,118790,Other,Tier 1,Store,0,2026-03-05 14:19:15.683837
79,30588,7.0,3,3,8,2421,95801,Other,Tier 2,Store,0,2026-03-05 14:19:15.683837
62,207828,6.1,7,40,9,14230,133895,Female,Tier 2,Store,0,2026-03-05 14:19:15.683837
69,210157,5.3,6,5,11,58452,99958,Male,Tier 3,Store,0,2026-03-05 14:19:15.683837
33,207214,5.2,8,14,13,20986,20540,Male,Tier 1,Online,1,2026-03-05 14:19:15.683837
67,79373,6.4,8,43,11,105994,37966,Female,Tier 3,Store,0,2026-03-05 14:19:15.683837
59,100603,6.8,10,23,19,88876,136376,Other,Tier 3,Store,0,2026-03-05 14:19:15.683837
77,21704,5.3,6,7,1,1716,111543,Female,Tier 2,Store,0,2026-03-05 14:19:15.683837
72,55136,3.8,7,40,2,12585,133766,Male,Tier 2,Store,0,2026-03-05 14:19:15.683837
25,82507,5.8,3,26,12,15777,34051,Male,Tier 2,Store,0,2026-03-05 14:19:15.683837
67,62361,4.7,4,30,5,131291,147944,Female,Tier 2,Store,0,2026-03-05 14:19:15.683837
38,73847,6.6,7,8,16,29526,111299,Female,Tier 3,Store,0,2026-03-05 14:19:15.683837
18,121359,9.0,6,17,15,24866,132744,Other,Tier 2,Store,0,2026-03-05 14:19:15.683837
72,157513,3.3,3,1,4,86759,147375,Male,Tier 2,Store,0,2026-03-05 14:19:15.683837
25,243084,8.3,10,21,17,96354,9493,Other,Tier 1,Online,1,2026-03-05 14:19:15.683837
46,133906,6.9,7,19,3,43515,149176,Other,Tier 2,Store,0,2026-03-05 14:19:15.683837
49,29677,8.2,3,41,14,112134,130304,Male,Tier 3,Store,0,2026-03-05 14:19:15.683837
55,42818,5.1,10,3,12,49568,140243,Female,Tier 3,Store,0,2026-03-05 14:19:15.683837
22,16868,3.1,8,37,13,53747,20545,Male,Tier 1,Online,1,2026-03-05 14:19:15.683837
64,98591,6.4,7,43,8,54211,17327,Other,Tier 3,Online,1,2026-03-05 14:19:15.683837
39,138962,8.8,4,12,7,73466,45661,Male,Tier 2,Store,0,2026-03-05 14:19:15.683837
64,82264,3.9,1,48,13,25119,30653,Female,Tier 3,Store,0,2026-03-05 14:19:15.683837
51,88168,4.2,6,19,6,102156,84897,Female,Tier 2,Store,0,2026-03-05 14:19:15.683837
18,158115,7.2,5,5,2,10720,62211,Other,Tier 3,Store,0,2026-03-05 14:19:15.683837
72,86939,5.0,9,14,3,142965,73386,Male,Tier 3,Store,0,2026-03-05 14:19:15.683837
72,30732,9.3,10,7,16,127803,139756,Other,Tier 1,Store,0,2026-03-05 14:19:15.683837
43,70244,7.3,6,29,8,97350,142974,Other,Tier 3,Store,0,2026-03-05 14:19:15.683837
60,164598,4.6,1,35,10,27229,46696,Male,Tier 2,Store,0,2026-03-05 14:19:15.683837
27,24340,4.9,3,35,0,46168,104869,Female,Tier 2,Store,0,2026-03-05 14:19:15.683837
47,37394,4.9,2,2,11,94376,49726,Female,Tier 2,Store,0,2026-03-05 14:19:15.683837
67,113557,5.9,3,26,6,11663,15921,Other,Tier 3,Online,1,2026-03-05 14:19:15.683837
35,150174,6.6,1,29,8,87178,4602,Female,Tier 1,Hybrid,0,2026-03-05 14:19:15.683837
34,247918,6.5,2,28,2,64379,22338,Other,Tier 2,Online,1,2026-03-05 14:19:15.683837
43,34159,3.8,8,15,10,30230,59591,Male,Tier 2,Store,0,2026-03-05 14:19:15.683837
25,137366,7.8,3,39,9,114314,19843,Male,Tier 2,Hybrid,0,2026-03-05 14:19:15.683837
64,211164,5.4,9,37,18,106042,140560,Female,Tier 1,Store,0,2026-03-05 14:19:15.683837
57,21212,4.1,4,19,0,137807,2808,Female,Tier 3,Online,1,2026-03-05 14:19:15.683837
66,243432,5.1,2,44,13,62489,109768,Other,Tier 2,Store,0,2026-03-05 14:19:15.683837
29,52405,8.0,7,15,7,4631,53122,Male,Tier 3,Store,0,2026-03-05 14:19:15.683837
44,145632,6.4,9,20,6,92071,40228,Male,Tier 2,Store,0,2026-03-05 14:19:15.683837
25,92061,6.6,5,17,9,79828,69322,Male,Tier 3,Store,0,2026-03-05 14:19:15.683837
42,109296,3.7,1,40,11,1904,136102,Other,Tier 1,Store,0,2026-03-05 14:19:15.683837
63,70186,6.3,9,30,18,142341,23026,Other,Tier 2,Store,0,2026-03-05 14:19:15.683837
21,190311,8.0,9,1,6,142233,25696,Other,Tier 3,Store,0,2026-03-05 14:19:15.683837
50,239065,2.4,7,23,8,66173,69456,Male,Tier 2,Store,0,2026-03-05 14:19:15.683837
18,138145,5.2,1,5,18,34061,116020,Female,Tier 1,Store,0,2026-03-05 14:19:15.683837
36,25532,7.2,4,45,6,12403,20728,Male,Tier 2,Online,1,2026-03-05 14:19:15.683837
48,225126,6.3,1,16,15,53954,140220,Female,Tier 2,Store,0,2026-03-05 14:19:15.683837
33,218084,4.0,3,25,6,100142,91604,Other,Tier 2,Store,0,2026-03-05 14:19:15.683837
31,231351,6.8,7,46,11,79234,31000,Other,Tier 3,Store,0,2026-03-05 14:19:15.683837
70,81540,3.7,1,36,2,41429,32552,Other,Tier 2,Store,0,2026-03-05 14:19:15.683837
65,118021,4.3,8,1,4,57961,100857,Other,Tier 1,Store,0,2026-03-05 14:19:15.683837
22,18271,4.5,10,25,5,76599,115098,Male,Tier 2,Store,0,2026-03-05 14:19:15.683837
58,191554,9.1,4,43,16,45818,95934,Other,Tier 3,Store,0,2026-03-05 14:19:15.683837
43,15209,2.7,4,36,16,59616,67660,Male,Tier 2,Store,0,2026-03-05 14:19:15.683837
79,237071,2.8,1,0,3,86819,143557,Male,Tier 1,Store,0,2026-03-05 14:19:15.683837
45,151611,6.6,5,1,9,10543,30409,Other,Tier 3,Store,0,2026-03-05 14:19:15.683837
19,34977,6.2,8,32,7,120962,44316,Female,Tier 1,Store,0,2026-03-05 14:19:15.683837
67,220214,5.1,8,10,13,14287,95300,Female,Tier 1,Store,0,2026-03-05 14:19:15.683837
23,124920,6.0,7,29,10,38056,137808,Other,Tier 3,Store,0,2026-03-05 14:19:15.683837
26,143156,3.9,7,33,5,96593,148281,Other,Tier 2,Store,0,2026-03-05 14:19:15.683837
50,114588,6.2,8,26,12,126700,146554,Other,Tier 2,Store,0,2026-03-05 14:19:15.683837
58,83684,6.4,8,42,14,20691,23288,Male,Tier 1,Online,1,2026-03-05 14:19:15.683837
42,245144,8.4,1,33,11,122975,44694,Other,Tier 2,Store,0,2026-03-05 14:19:15.683837
65,138862,9.8,2,6,9,69824,20474,Female,Tier 1,Hybrid,0,2026-03-05 14:19:15.683837
30,20607,5.5,10,38,11,16033,119769,Female,Tier 3,Store,0,2026-03-05 14:19:15.683837
26,231194,3.5,8,38,3,15797,68269,Other,Tier 3,Store,0,2026-03-05 14:19:15.683837
70,109786,6.8,1,1,7,11847,41252,Female,Tier 2,Store,0,2026-03-05 14:19:15.683837
30,141406,5.7,9,29,19,127369,149482,Male,Tier 2,Store,0,2026-03-05 14:19:15.683837
48,198011,5.6,9,47,2,100941,64039,Male,Tier 2,Store,0,2026-03-05 14:19:15.683837
58,164666,2.8,10,2,6,120438,131341,Other,Tier 3,Store,0,2026-03-05 14:19:15.683837
28,204454,6.2,2,1,2,67080,25374,Male,Tier 2,Store,0,2026-03-05 14:19:15.683837
21,22399,6.8,6,29,0,6160,20776,Male,Tier 1,Online,1,2026-03-05 14:19:15.683837
51,141812,8.0,4,36,18,60646,104107,Female,Tier 1,Store,0,2026-03-05 14:19:15.683837
78,171189,5.0,10,28,13,67316,99904,Female,Tier 3,Store,0,2026-03-05 14:19:15.683837
55,113662,4.3,7,34,2,124982,81207,Male,Tier 1,Store,0,2026-03-05 14:19:15.683837
63,48617,5.0,2,37,1,97068,113507,Female,Tier 2,Store,0,2026-03-05 14:19:15.683837
21,153570,7.9,10,21,3,28749,85208,Female,Tier 3,Store,0,2026-03-05 14:19:15.683837
55,117826,8.8,1,36,4,107663,131220,Female,Tier 1,Store,0,2026-03-05 14:19:15.683837
36,144851,8.2,9,17,5,43990,48385,Other,Tier 3,Store,0,2026-03-05 14:19:15.683837
23,126077,7.3,9,39,8,60872,11968,Other,Tier 1,Online,1,2026-03-05 14:19:15.683837
51,65624,5.9,9,44,9,8074,33156,Male,Tier 2,Store,0,2026-03-05 14:19:15.683837
35,24628,6.2,5,33,4,9589,51482,Male,Tier 1,Store,0,2026-03-05 14:19:15.683837
30,146401,6.5,3,44,17,141602,86563,Female,Tier 1,Store,0,2026-03-05 14:19:15.683837
58,53619,5.5,6,48,6,148278,17289,Male,Tier 2,Online,1,2026-03-05 14:19:15.683837
40,22032,7.8,10,37,9,3627,88650,Female,Tier 1,Store,0,2026-03-05 14:19:15.683837
36,194166,2.7,1,29,10,3913,111896,Female,Tier 1,Store,0,2026-03-05 14:19:15.683837
62,53034,3.1,10,1,16,69127,100439,Female,Tier 2,Store,0,2026-03-05 14:19:15.683837
28,117658,2.7,8,19,7,33327,115932,Female,Tier 3,Store,0,2026-03-05 14:19:15.683837
18,136123,4.4,10,43,6,4919,144414,Female,Tier 1,Store,0,2026-03-05 14:19:15.683837
41,101158,8.7,4,15,13,27029,115232,Male,Tier 3,Store,0,2026-03-05 14:19:15.683837
79,70264,3.6,2,3,10,26035,20438,Other,Tier 2,Store,0,2026-03-05 14:19:15.683837
71,109120,3.7,4,47,7,85956,26594,Male,Tier 3,Store,0,2026-03-05 14:19:15.683837
24,62850,4.3,1,12,0,36241,106423,Other,Tier 3,Store,0,2026-03-05 14:19:15.683837
42,19722,8.2,10,13,5,11776,21470,Female,Tier 2,Online,1,2026-03-05 14:19:15.683837
38,32772,8.9,10,8,13,20871,115027,Female,Tier 3,Store,0,2026-03-05 14:19:15.683837
32,101105,8.0,8,43,4,39221,90189,Female,Tier 1,Store,0,2026-03-05 14:19:15.683837
18,187751,8.2,6,13,15,101507,32571,Male,Tier 1,Store,0,2026-03-05 14:19:15.683837
29,214843,9.3,1,10,12,149169,130509,Male,Tier 3,Store,0,2026-03-05 14:19:15.683837
75,19576,2.4,1,9,15,82886,136304,Other,Tier 3,Store,0,2026-03-05 14:19:15.683837
24,172779,3.6,2,29,13,59120,32854,Male,Tier 3,Store,0,2026-03-05 14:19:15.683837
32,114404,4.6,7,6,1,129239,76031,Female,Tier 3,Store,0,2026-03-05 14:19:15.683837
38,187704,6.2,2,5,17,112339,4340,Female,Tier 3,Online,1,2026-03-05 14:19:15.683837
36,56476,6.2,3,16,1,125858,144846,Other,Tier 3,Store,0,2026-03-05 14:19:15.683837
77,176357,6.2,9,12,2,46166,32212,Other,Tier 2,Store,0,2026-03-05 14:19:15.683837
46,39154,7.7,1,46,8,82167,114787,Female,Tier 1,Store,0,2026-03-05 14:19:15.683837
42,166126,2.2,9,3,17,57620,35743,Female,Tier 1,Store,0,2026-03-05 14:19:15.683837
50,32165,5.7,6,25,19,95083,86866,Other,Tier 3,Store,0,2026-03-05 14:19:15.683837
66,29439,6.5,9,31,12,92563,80484,Male,Tier 2,Store,0,2026-03-05 14:19:15.683837
49,133211,5.3,10,2,9,20662,53703,Other,Tier 3,Store,0,2026-03-05 14:19:15.683837
66,59518,6.4,8,10,1,141863,141816,Female,Tier 3,Store,0,2026-03-05 14:19:15.683837
52,234123,8.0,7,19,18,64776,119027,Male,Tier 2,Store,0,2026-03-05 14:19:15.683837
61,41962,6.1,10,28,8,58637,86916,Female,Tier 1,Store,0,2026-03-05 14:19:15.683837
55,200006,10.3,7,1,7,6178,26388,Other,Tier 3,Store,0,2026-03-05 14:19:15.683837
43,52763,7.9,6,42,12,83834,25757,Female,Tier 1,Online,1,2026-03-05 14:19:15.683837
28,131189,6.5,8,3,5,83347,136249,Male,Tier 2,Store,0,2026-03-05 14:19:15.683837
52,125290,7.0,9,31,8,44398,1829,Female,Tier 3,Online,1,2026-03-05 14:19:15.683837
25,210166,7.5,8,48,13,63810,39129,Other,Tier 2,Store,0,2026-03-05 14:19:15.683837
63,125814,9.4,9,48,1,85751,99692,Other,Tier 1,Store,0,2026-03-05 14:19:15.683837
31,34464,8.3,5,20,6,141508,68674,Female,Tier 3,Store,0,2026-03-05 14:19:15.683837
27,188108,7.0,3,16,11,60896,89390,Other,Tier 3,Store,0,2026-03-05 14:19:15.683837
19,138980,4.5,4,44,10,19269,38536,Female,Tier 2,Store,0,2026-03-05 14:19:15.683837
63,242021,6.8,4,12,18,96500,121067,Other,Tier 3,Store,0,2026-03-05 14:19:15.683837
26,179342,7.2,9,31,18,26756,137987,Male,Tier 3,Store,0,2026-03-05 14:19:15.683837
20,57299,7.6,9,2,14,33939,101760,Male,Tier 1,Store,0,2026-03-05 14:19:15.683837
38,231877,4.5,1,41,19,87835,22484,Other,Tier 1,Store,0,2026-03-05 14:19:15.683837
43,46541,7.5,5,47,12,89956,68106,Female,Tier 1,Store,0,2026-03-05 14:19:15.683837
25,88545,7.6,2,30,14,14493,38640,Other,Tier 3,Store,0,2026-03-05 14:19:15.683837
65,228615,3.6,5,30,4,74386,4487,Female,Tier 2,Online,1,2026-03-05 14:19:15.683837
19,238070,3.6,5,0,0,102489,30249,Other,Tier 2,Store,0,2026-03-05 14:19:15.683837
23,144188,8.2,3,27,15,126234,5877,Male,Tier 2,Hybrid,0,2026-03-05 14:19:15.683837
45,223150,4.3,4,22,10,131982,122453,Female,Tier 3,Store,0,2026-03-05 14:19:15.683837
70,229042,9.1,7,4,14,26436,121988,Male,Tier 1,Store,0,2026-03-05 14:19:15.683837
46,44765,5.4,10,0,12,37841,24834,Female,Tier 3,Store,0,2026-03-05 14:19:15.683837
43,38769,6.8,4,15,14,4314,135092,Male,Tier 1,Store,0,2026-03-05 14:19:15.683837
42,234073,6.7,3,10,17,46201,42466,Other,Tier 1,Store,0,2026-03-05 14:19:15.683837
29,233476,4.6,10,35,14,77740,132437,Female,Tier 3,Store,0,2026-03-05 14:19:15.683837
22,35156,8.8,4,36,1,99518,118456,Other,Tier 3,Store,0,2026-03-05 14:19:15.683837
51,231908,5.4,2,15,8,36217,126555,Other,Tier 2,Store,0,2026-03-05 14:19:15.683837
65,196553,6.1,1,11,16,131653,41568,Female,Tier 3,Store,0,2026-03-05 14:19:15.683837
54,159507,2.0,5,29,17,4983,128311,Other,Tier 3,Store,0,2026-03-05 14:19:15.683837
32,215722,3.3,9,43,9,51155,138623,Male,Tier 3,Store,0,2026-03-05 14:19:15.683837
61,192408,8.3,9,3,8,78844,84439,Other,Tier 1,Store,0,2026-03-05 14:19:15.683837
53,182207,6.0,1,48,19,107062,118751,Male,Tier 1,Store,0,2026-03-05 14:19:15.683837
32,88631,4.8,1,40,19,124942,98385,Male,Tier 1,Store,0,2026-03-05 14:19:15.683837
60,52909,4.9,8,37,19,8737,108297,Female,Tier 2,Store,0,2026-03-05 14:19:15.683837
65,84487,7.1,7,7,8,37838,83793,Other,Tier 3,Store,0,2026-03-05 14:19:15.683837
40,167540,8.5,7,7,3,104107,1465,Female,Tier 3,Online,1,2026-03-05 14:19:15.683837
23,238681,4.9,9,20,14,9900,84700,Female,Tier 3,Store,0,2026-03-05 14:19:15.683837
63,62655,8.2,5,39,19,58467,93040,Male,Tier 3,Store,0,2026-03-05 14:19:15.683837
67,180413,5.7,8,7,9,98427,81765,Male,Tier 1,Store,0,2026-03-05 14:19:15.683837
61,210254,7.0,7,28,9,92673,46182,Other,Tier 1,Store,0,2026-03-05 14:19:15.683837
76,66786,2.4,2,14,15,131928,142616,Male,Tier 1,Store,0,2026-03-05 14:19:15.683837
60,83304,2.8,2,13,0,70672,85135,Other,Tier 1,Store,0,2026-03-05 14:19:15.683837
62,118606,7.6,4,37,18,119158,64243,Other,Tier 1,Store,0,2026-03-05 14:19:15.683837
38,192586,6.5,1,9,3,43979,29710,Other,Tier 3,Store,0,2026-03-05 14:19:15.683837
40,135938,6.8,10,26,7,124545,31005,Male,Tier 2,Store,0,2026-03-05 14:19:15.683837
60,180051,3.8,5,39,16,7515,19440,Female,Tier 3,Store,0,2026-03-05 14:19:15.683837
72,236959,5.2,5,26,2,148434,99775,Female,Tier 1,Store,0,2026-03-05 14:19:15.683837
33,95981,2.7,1,41,2,38768,71931,Female,Tier 3,Store,0,2026-03-05 14:19:15.683837
64,70107,4.3,5,39,11,91828,89192,Other,Tier 1,Store,0,2026-03-05 14:19:15.683837
70,147232,6.0,4,34,7,137777,76207,Female,Tier 1,Store,0,2026-03-05 14:19:15.683837
77,102897,6.7,10,35,4,140424,15826,Female,Tier 2,Online,1,2026-03-05 14:19:15.683837
32,87577,4.6,5,10,14,59989,148766,Male,Tier 2,Store,0,2026-03-05 14:19:15.683837
42,230375,7.1,4,12,7,126006,135599,Male,Tier 2,Store,0,2026-03-05 14:19:15.683837
53,156918,5.9,9,34,12,13050,79782,Male,Tier 3,Store,0,2026-03-05 14:19:15.683837
28,119180,5.5,9,20,5,98637,28979,Other,Tier 1,Hybrid,0,2026-03-05 14:19:15.683837
68,34924,6.2,3,36,9,112582,57397,Other,Tier 1,Store,0,2026-03-05 14:19:15.683837
32,126193,10.2,3,43,0,114282,68921,Male,Tier 1,Store,0,2026-03-05 14:19:15.683837
21,159954,5.7,3,11,8,125757,90844,Other,Tier 1,Store,0,2026-03-05 14:19:15.683837
38,226346,7.9,7,49,4,117023,27427,Male,Tier 2,Online,1,2026-03-05 14:19:15.683837
30,232627,7.1,1,24,11,124588,5639,Female,Tier 1,Online,1,2026-03-05 14:19:15.683837
39,16095,5.5,4,27,12,58465,10166,Other,Tier 2,Online,1,2026-03-05 14:19:15.683837
36,119205,2.9,9,43,5,3081,15899,Other,Tier 3,Online,1,2026-03-05 14:19:15.683837
51,187055,4.7,8,17,15,10842,41305,Female,Tier 2,Store,0,2026-03-05 14:19:15.683837
31,29123,6.2,3,9,11,66976,59397,Other,Tier 3,Store,0,2026-03-05 14:19:15.683837
78,239740,5.8,8,38,3,13332,118891,Male,Tier 2,Store,0,2026-03-05 14:19:15.683837
21,212687,8.6,6,2,2,55622,27107,Male,Tier 2,Store,0,2026-03-05 14:19:15.683837
65,241265,4.5,10,4,1,107795,86342,Male,Tier 2,Store,0,2026-03-05 14:19:15.683837
70,60278,5.7,3,11,9,69804,53369,Male,Tier 2,Store,0,2026-03-05 14:19:15.683837
69,112911,7.1,9,13,11,57648,97641,Male,Tier 3,Store,0,2026-03-05 14:19:15.683837
63,236362,5.4,10,44,3,20798,12205,Female,Tier 1,Online,1,2026-03-05 14:19:15.683837
44,66999,7.9,7,40,14,59530,2732,Other,Tier 3,Online,1,2026-03-05 14:19:15.683837
46,46153,3.8,8,31,13,88306,116605,Other,Tier 3,Store,0,2026-03-05 14:19:15.683837
64,33344,3.0,10,41,12,80714,30888,Male,Tier 3,Store,0,2026-03-05 14:19:15.683837
45,245849,5.4,2,32,16,110421,138894,Male,Tier 1,Store,0,2026-03-05 14:19:15.683837
52,52656,5.9,3,5,4,77700,46407,Male,Tier 2,Store,0,2026-03-05 14:19:15.683837
25,216587,6.4,7,29,9,28883,106153,Other,Tier 3,Store,0,2026-03-05 14:19:15.683837
33,16212,6.3,2,5,9,136953,115328,Female,Tier 2,Store,0,2026-03-05 14:19:15.683837
59,135385,5.2,6,30,16,125159,122514,Other,Tier 3,Store,0,2026-03-05 14:19:15.683837
53,155073,3.0,7,1,18,15026,14557,Female,Tier 2,Store,0,2026-03-05 14:19:15.683837
47,93784,5.8,6,25,11,129182,17860,Other,Tier 1,Store,0,2026-03-05 14:19:15.683837
35,113723,3.9,5,47,1,80030,141988,Other,Tier 3,Store,0,2026-03-05 14:19:15.683837
19,96144,6.1,9,31,2,130519,51902,Female,Tier 1,Store,0,2026-03-05 14:19:15.683837
66,182499,3.8,3,4,14,5260,94246,Female,Tier 2,Store,0,2026-03-05 14:19:15.683837
30,46368,6.8,5,45,12,130347,124909,Female,Tier 2,Store,0,2026-03-05 14:19:15.683837
21,216891,9.3,5,47,3,118326,88990,Other,Tier 3,Store,0,2026-03-05 14:19:15.683837
43,76160,4.5,8,40,13,17451,41703,Other,Tier 1,Store,0,2026-03-05 14:19:15.683837
42,171926,3.5,8,42,12,119906,7530,Female,Tier 2,Online,1,2026-03-05 14:19:15.683837
47,25715,8.3,1,15,6,57522,19657,Male,Tier 1,Store,0,2026-03-05 14:19:15.683837
28,227773,9.5,6,11,13,83458,84428,Female,Tier 2,Store,0,2026-03-05 14:19:15.683837
24,73784,3.5,6,14,5,58290,4614,Male,Tier 2,Online,1,2026-03-05 14:19:15.683837
48,144193,5.8,10,20,4,77601,13584,Male,Tier 2,Online,1,2026-03-05 14:19:15.683837
61,114644,7.0,2,36,12,86256,81899,Male,Tier 3,Store,0,2026-03-05 14:19:15.683837
27,41797,5.5,5,20,5,98309,95306,Female,Tier 2,Store,0,2026-03-05 14:19:15.683837
56,62573,2.5,6,24,16,142333,89798,Other,Tier 1,Store,0,2026-03-05 14:19:15.683837
30,91120,3.3,3,16,7,148600,138324,Other,Tier 2,Store,0,2026-03-05 14:19:15.683837
48,29780,3.5,1,7,6,136089,49177,Other,Tier 3,Store,0,2026-03-05 14:19:15.683837
24,52905,3.9,9,29,13,92200,15254,Female,Tier 3,Online,1,2026-03-05 14:19:15.683837
73,167645,6.2,2,32,2,99596,110764,Other,Tier 2,Store,0,2026-03-05 14:19:15.683837
66,131049,8.2,4,1,17,41885,55332,Male,Tier 3,Store,0,2026-03-05 14:19:15.683837
59,144651,3.3,9,32,14,134613,5146,Male,Tier 1,Online,1,2026-03-05 14:19:15.683837
78,48359,4.4,9,27,14,20578,48276,Female,Tier 2,Store,0,2026-03-05 14:19:15.683837
59,81062,3.8,8,25,18,130118,29518,Male,Tier 1,Store,0,2026-03-05 14:19:15.683837
73,88391,6.6,4,40,18,11945,134309,Other,Tier 1,Store,0,2026-03-05 14:19:15.683837
53,58463,4.4,1,0,12,81055,90293,Other,Tier 3,Store,0,2026-03-05 14:19:15.683837
37,114596,4.0,7,34,13,146217,128020,Male,Tier 3,Store,0,2026-03-05 14:19:15.683837
21,110018,2.8,2,47,18,33194,119972,Other,Tier 1,Store,0,2026-03-05 14:19:15.683837
71,31571,8.7,8,42,18,76016,122554,Other,Tier 2,Store,0,2026-03-05 14:19:15.683837
24,243348,10.4,10,38,16,65523,12687,Other,Tier 3,Online,1,2026-03-05 14:19:15.683837
71,165214,6.2,10,19,11,88752,80031,Other,Tier 3,Store,0,2026-03-05 14:19:15.683837
18,40104,9.0,2,12,15,44233,106865,Female,Tier 2,Store,0,2026-03-05 14:19:15.683837
61,23625,4.9,10,30,18,133236,105728,Male,Tier 2,Store,0,2026-03-05 14:19:15.683837
73,54199,6.0,3,37,12,99060,77808,Other,Tier 3,Store,0,2026-03-05 14:19:15.683837
62,135725,7.3,6,22,9,94987,89104,Other,Tier 1,Store,0,2026-03-05 14:19:15.683837
59,161998,4.5,4,11,7,31524,38427,Female,Tier 3,Store,0,2026-03-05 14:19:15.683837
64,46218,5.7,2,5,16,101455,102268,Female,Tier 1,Store,0,2026-03-05 14:19:15.683837
76,190544,5.4,1,23,12,115668,49874,Female,Tier 3,Store,0,2026-03-05 14:19:15.683837
30,106916,6.9,3,33,1,137293,141943,Male,Tier 3,Store,0,2026-03-05 14:19:15.683837
72,138182,6.1,4,32,11,67332,60294,Other,Tier 1,Store,0,2026-03-05 14:19:15.683837
39,35566,4.5,9,6,17,73484,82339,Female,Tier 3,Store,0,2026-03-05 14:19:15.683837
71,202197,5.4,9,13,18,50738,50870,Other,Tier 1,Store,0,2026-03-05 14:19:15.683837
38,48205,8.2,5,35,15,106899,4333,Male,Tier 1,Online,1,2026-03-05 14:19:15.683837
39,124084,7.1,5,15,19,20981,125797,Other,Tier 2,Store,0,2026-03-05 14:19:15.683837
45,44717,6.9,7,45,1,126565,38701,Male,Tier 2,Store,0,2026-03-05 14:19:15.683837
26,196056,10.5,8,22,19,5825,18763,Female,Tier 1,Hybrid,0,2026-03-05 14:19:15.683837
43,122292,3.7,3,17,5,14400,120878,Male,Tier 2,Store,0,2026-03-05 14:19:15.683837
26,171207,7.4,5,28,13,16958,87171,Female,Tier 2,Store,0,2026-03-05 14:19:15.683837
32,174236,6.1,7,6,2,58414,119855,Female,Tier 1,Store,0,2026-03-05 14:19:15.683837
27,220561,6.7,2,3,18,98211,61110,Male,Tier 3,Store,0,2026-03-05 14:19:15.683837
41,53562,6.4,9,24,7,84540,62852,Female,Tier 1,Store,0,2026-03-05 14:19:15.683837
75,215182,4.6,3,32,7,77527,6932,Female,Tier 1,Online,1,2026-03-05 14:19:15.683837
74,35169,3.9,7,23,5,135479,106854,Male,Tier 1,Store,0,2026-03-05 14:19:15.683837
78,205930,6.0,9,22,9,119454,144314,Male,Tier 1,Store,0,2026-03-05 14:19:15.683837
59,36604,4.4,9,49,10,48857,90249,Other,Tier 3,Store,0,2026-03-05 14:19:15.683837
25,104670,5.3,3,20,16,115942,31994,Female,Tier 1,Store,0,2026-03-05 14:19:15.683837
41,129605,7.6,2,38,10,93031,103764,Other,Tier 2,Store,0,2026-03-05 14:19:15.683837
33,103738,3.5,5,20,18,94172,108753,Female,Tier 3,Store,0,2026-03-05 14:19:15.683837
66,146756,5.6,5,47,12,88198,42113,Other,Tier 1,Store,0,2026-03-05 14:19:15.683837
43,143140,8.1,8,26,2,48538,128570,Male,Tier 3,Store,0,2026-03-05 14:19:15.683837
44,117537,5.0,6,16,5,39070,23799,Other,Tier 1,Store,0,2026-03-05 14:19:15.683837
54,126301,8.9,7,25,1,110229,126305,Other,Tier 1,Store,0,2026-03-05 14:19:15.683837
21,23007,2.9,8,18,0,115646,57906,Male,Tier 2,Store,0,2026-03-05 14:19:15.683837
67,129915,9.6,9,32,15,40754,12381,Female,Tier 3,Online,1,2026-03-05 14:19:15.683837
41,246704,6.0,4,47,8,122018,111731,Other,Tier 1,Store,0,2026-03-05 14:19:15.683837
36,132419,3.3,5,6,0,130079,46327,Male,Tier 2,Store,0,2026-03-05 14:19:15.683837
53,56787,7.7,4,30,17,98698,118294,Female,Tier 3,Store,0,2026-03-05 14:19:15.683837
77,64582,6.9,9,38,16,54555,124545,Female,Tier 1,Store,0,2026-03-05 14:19:15.683837
56,220863,8.8,2,14,15,124927,93579,Other,Tier 3,Store,0,2026-03-05 14:19:15.683837
27,243870,2.9,8,1,5,33574,60938,Male,Tier 2,Store,0,2026-03-05 14:19:15.683837
42,98629,3.8,7,44,17,15558,13165,Female,Tier 3,Online,1,2026-03-05 14:19:15.683837
35,20782,7.5,7,1,13,81875,149094,Other,Tier 2,Store,0,2026-03-05 14:19:15.683837
36,81770,11.1,8,16,16,33972,147651,Female,Tier 2,Store,0,2026-03-05 14:19:15.683837
53,72645,7.2,1,33,5,112706,92145,Male,Tier 3,Store,0,2026-03-05 14:19:15.683837
27,118509,7.5,1,46,10,144291,86984,Male,Tier 3,Store,0,2026-03-05 14:19:15.683837
50,245796,4.5,7,45,1,142512,137476,Other,Tier 1,Store,0,2026-03-05 14:19:15.683837
72,178068,5.6,2,24,2,58728,114271,Male,Tier 2,Store,0,2026-03-05 14:19:15.683837
67,44204,4.8,4,47,7,30029,143121,Other,Tier 1,Store,0,2026-03-05 14:19:15.683837
22,32152,7.0,6,10,8,12955,83244,Other,Tier 1,Store,0,2026-03-05 14:19:15.683837
64,201258,7.9,5,43,9,129419,48249,Female,Tier 3,Store,0,2026-03-05 14:19:15.683837
66,105555,6.4,5,8,12,81337,97963,Female,Tier 1,Store,0,2026-03-05 14:19:15.683837
52,231096,7.6,6,6,11,7536,142796,Other,Tier 3,Store,0,2026-03-05 14:19:15.683837
61,248731,5.9,10,10,9,62853,30810,Other,Tier 1,Store,0,2026-03-05 14:19:15.683837
51,34689,8.6,7,3,13,90955,106327,Male,Tier 3,Store,0,2026-03-05 14:19:15.683837
50,196762,4.3,2,36,5,134283,75173,Other,Tier 2,Store,0,2026-03-05 14:19:15.683837
72,240114,8.8,4,25,1,109115,116278,Male,Tier 3,Store,0,2026-03-05 14:19:15.683837
38,98251,4.6,7,33,14,113268,46316,Male,Tier 1,Store,0,2026-03-05 14:19:15.683837
34,203392,6.0,5,15,14,51360,62270,Female,Tier 2,Store,0,2026-03-05 14:19:15.683837
39,210298,3.6,10,40,3,91735,82050,Male,Tier 3,Store,0,2026-03-05 14:19:15.683837
65,202163,7.0,9,46,10,113436,95000,Female,Tier 3,Store,0,2026-03-05 14:19:15.683837
54,121565,6.3,6,29,6,36134,118089,Female,Tier 3,Store,0,2026-03-05 14:19:15.683837
32,225373,7.5,4,45,14,79952,88725,Other,Tier 2,Store,0,2026-03-05 14:19:15.683837
52,168014,2.5,10,15,19,20445,87770,Other,Tier 3,Store,0,2026-03-05 14:19:15.683837
45,53712,6.3,4,5,18,56534,125159,Other,Tier 3,Store,0,2026-03-05 14:19:15.683837
24,211349,6.8,3,32,13,66154,107406,Female,Tier 3,Store,0,2026-03-05 14:19:15.683837
49,64632,4.0,6,49,9,36123,78622,Male,Tier 3,Store,0,2026-03-05 14:19:15.683837
28,184103,7.1,8,14,5,134122,120394,Female,Tier 3,Store,0,2026-03-05 14:19:15.683837
27,35478,1.4,1,19,1,28418,7043,Female,Tier 1,Store,0,2026-03-05 14:19:15.683837
26,37551,5.7,2,11,6,132490,40816,Other,Tier 1,Store,0,2026-03-05 14:19:15.683837
31,63068,8.8,4,23,2,3676,50162,Male,Tier 2,Store,0,2026-03-05 14:19:15.683837
30,108608,5.7,7,39,7,12248,116719,Male,Tier 1,Store,0,2026-03-05 14:19:15.683837
78,50561,4.6,2,31,17,65033,27704,Other,Tier 3,Store,0,2026-03-05 14:19:15.683837
74,148964,5.9,10,40,14,18912,11254,Female,Tier 3,Online,1,2026-03-05 14:19:15.683837
79,245574,6.2,8,32,10,117321,140471,Female,Tier 2,Store,0,2026-03-05 14:19:15.683837
42,39395,7.8,3,47,9,93008,122558,Female,Tier 3,Store,0,2026-03-05 14:19:15.683837
19,33756,6.3,2,45,16,125862,106555,Female,Tier 3,Store,0,2026-03-05 14:19:15.683837
52,233782,7.5,7,11,17,101049,39854,Female,Tier 1,Store,0,2026-03-05 14:19:15.683837
24,180723,6.2,10,14,0,769,126793,Female,Tier 1,Store,0,2026-03-05 14:19:15.683837
38,81333,4.5,9,7,1,132239,98562,Male,Tier 1,Store,0,2026-03-05 14:19:15.683837
35,219817,3.2,4,3,4,33682,75647,Male,Tier 3,Store,0,2026-03-05 14:19:15.683837
20,195378,6.7,2,26,9,62636,98369,Female,Tier 1,Store,0,2026-03-05 14:19:15.683837
59,167418,1.1,9,36,11,67744,102833,Female,Tier 3,Store,0,2026-03-05 14:19:15.683837
71,128561,2.5,10,13,12,121805,64765,Female,Tier 3,Store,0,2026-03-05 14:19:15.683837
78,43024,3.2,5,38,15,138854,77048,Female,Tier 2,Store,0,2026-03-05 14:19:15.683837
56,241022,7.4,10,14,2,57117,24917,Female,Tier 1,Online,1,2026-03-05 14:19:15.683837
58,186890,3.0,7,18,3,12278,16370,Female,Tier 2,Hybrid,0,2026-03-05 14:19:15.683837
66,20947,6.9,10,13,15,22396,37864,Other,Tier 2,Store,0,2026-03-05 14:19:15.683837
28,221225,3.9,5,6,9,123126,82555,Male,Tier 3,Store,0,2026-03-05 14:19:15.683837
56,232312,5.7,5,5,13,147494,132646,Female,Tier 1,Store,0,2026-03-05 14:19:15.683837
41,142192,5.9,6,33,18,115959,93208,Other,Tier 3,Store,0,2026-03-05 14:19:15.683837
77,109238,5.7,5,23,4,85691,99492,Female,Tier 1,Store,0,2026-03-05 14:19:15.683837
63,82428,4.7,8,24,18,9086,26987,Male,Tier 3,Store,0,2026-03-05 14:19:15.683837
36,175826,2.9,4,40,10,22320,30225,Male,Tier 3,Store,0,2026-03-05 14:19:15.683837
21,78355,6.1,3,24,16,61001,49987,Male,Tier 2,Store,0,2026-03-05 14:19:15.683837
43,204313,7.1,3,49,6,97703,64821,Male,Tier 1,Store,0,2026-03-05 14:19:15.683837
55,215032,7.4,2,46,3,59750,137254,Other,Tier 2,Store,0,2026-03-05 14:19:15.683837
59,144958,6.2,8,14,14,49684,87362,Female,Tier 2,Store,0,2026-03-05 14:19:15.683837
49,159490,6.5,7,41,3,41821,92846,Other,Tier 2,Store,0,2026-03-05 14:19:15.683837
56,241494,4.5,6,2,15,671,105208,Other,Tier 3,Store,0,2026-03-05 14:19:15.683837
62,246391,6.9,2,35,18,27851,27746,Other,Tier 2,Store,0,2026-03-05 14:19:15.683837
63,234665,6.8,2,1,1,128245,136054,Other,Tier 1,Store,0,2026-03-05 14:19:15.683837
53,201256,5.4,10,21,10,86354,134419,Female,Tier 3,Store,0,2026-03-05 14:19:15.683837
57,150905,6.1,1,27,18,92633,81099,Female,Tier 2,Store,0,2026-03-05 14:19:15.683837
54,221502,5.9,10,31,13,64265,53553,Male,Tier 3,Store,0,2026-03-05 14:19:15.683837
50,187905,6.9,2,38,11,72638,26571,Female,Tier 2,Store,0,2026-03-05 14:19:15.683837
53,146637,2.9,9,24,18,99738,94993,Male,Tier 3,Store,0,2026-03-05 14:19:15.683837
20,186252,2.9,1,0,9,11905,120912,Female,Tier 3,Store,0,2026-03-05 14:19:15.683837
26,33402,3.0,10,43,7,148189,49055,Other,Tier 2,Store,0,2026-03-05 14:19:15.683837
25,188917,5.1,4,22,16,17472,63907,Other,Tier 1,Store,0,2026-03-05 14:19:15.683837
50,90851,6.9,2,4,7,35075,62773,Male,Tier 1,Store,0,2026-03-05 14:19:15.683837
76,27834,1.5,5,47,8,42319,127763,Male,Tier 1,Store,0,2026-03-05 14:19:15.683837
23,82850,6.2,10,34,13,146490,110240,Male,Tier 1,Store,0,2026-03-05 14:19:15.683837
58,52180,8.4,8,10,14,11013,56486,Other,Tier 2,Store,0,2026-03-05 14:19:15.683837
56,149955,6.5,1,14,15,27333,149544,Male,Tier 1,Store,0,2026-03-05 14:19:15.683837
21,124688,2.0,9,4,7,40994,130412,Female,Tier 2,Store,0,2026-03-05 14:19:15.683837
30,221659,7.0,7,37,2,85950,145740,Male,Tier 3,Store,0,2026-03-05 14:19:15.683837
66,121520,6.5,5,3,1,31770,34778,Female,Tier 3,Store,0,2026-03-05 14:19:15.683837
77,26695,5.3,5,43,0,85241,134576,Female,Tier 3,Store,0,2026-03-05 14:19:15.683837
19,142135,6.4,9,9,7,14369,142133,Other,Tier 1,Store,0,2026-03-05 14:19:15.683837
77,169195,3.2,9,8,5,70420,78641,Male,Tier 2,Store,0,2026-03-05 14:19:15.683837
22,73481,6.1,2,32,10,59208,97706,Female,Tier 3,Store,0,2026-03-05 14:19:15.683837
61,88438,7.0,8,41,2,67754,80968,Male,Tier 1,Store,0,2026-03-05 14:19:15.683837
44,126491,4.6,5,5,13,48316,4569,Female,Tier 1,Online,1,2026-03-05 14:19:15.683837
49,163645,5.1,2,45,4,46218,27721,Male,Tier 2,Store,0,2026-03-05 14:19:15.683837
38,136844,4.9,9,26,19,82883,6801,Female,Tier 3,Store,0,2026-03-05 14:19:15.683837
25,109910,5.0,4,42,12,60147,33601,Other,Tier 3,Store,0,2026-03-05 14:19:15.683837
55,71494,4.3,5,27,4,123553,104576,Other,Tier 2,Store,0,2026-03-05 14:19:15.683837
25,158360,4.5,7,45,4,39182,49926,Other,Tier 1,Store,0,2026-03-05 14:19:15.683837
67,61978,7.0,2,42,9,107383,55799,Female,Tier 1,Store,0,2026-03-05 14:19:15.683837
20,218492,2.5,5,33,12,29442,22241,Female,Tier 2,Store,0,2026-03-05 14:19:15.683837
71,132845,6.4,8,28,9,50598,112074,Female,Tier 1,Store,0,2026-03-05 14:19:15.683837
61,145621,7.0,1,31,7,139998,25635,Female,Tier 2,Store,0,2026-03-05 14:19:15.683837
78,222167,3.3,8,21,1,93403,11524,Female,Tier 3,Online,1,2026-03-05 14:19:15.683837
75,69672,5.8,2,14,1,110659,49371,Other,Tier 1,Store,0,2026-03-05 14:19:15.683837
20,76821,4.2,4,26,18,141717,3676,Other,Tier 2,Online,1,2026-03-05 14:19:15.683837
39,98661,8.3,3,9,9,106318,32369,Male,Tier 1,Store,0,2026-03-05 14:19:15.683837
23,84224,5.6,2,24,14,5813,85681,Female,Tier 2,Store,0,2026-03-05 14:19:15.683837
19,104405,8.9,10,10,15,101008,78237,Other,Tier 1,Store,0,2026-03-05 14:19:15.683837
40,249745,8.6,10,7,9,87032,147992,Female,Tier 2,Store,0,2026-03-05 14:19:15.683837
61,69796,6.6,2,20,9,111183,10715,Male,Tier 3,Store,0,2026-03-05 14:19:15.683837
19,190778,10.3,10,7,19,41763,148151,Female,Tier 2,Store,0,2026-03-05 14:19:15.683837
55,143554,2.9,6,36,18,8653,40301,Female,Tier 2,Store,0,2026-03-05 14:19:15.683837
34,138777,8.9,3,23,3,131430,83737,Female,Tier 2,Store,0,2026-03-05 14:19:15.683837
52,19023,5.5,10,45,1,55927,63408,Female,Tier 2,Store,0,2026-03-05 14:19:15.683837
51,228708,5.7,4,47,8,55256,140208,Female,Tier 1,Store,0,2026-03-05 14:19:15.683837
40,182807,5.1,4,22,10,60965,1872,Male,Tier 3,Online,1,2026-03-05 14:19:15.683837
47,87959,3.1,2,23,2,112108,52482,Other,Tier 3,Store,0,2026-03-05 14:19:15.683837
69,54218,7.1,4,12,6,87291,126095,Female,Tier 1,Store,0,2026-03-05 14:19:15.683837
25,158285,3.5,2,38,5,120739,49206,Other,Tier 3,Store,0,2026-03-05 14:19:15.683837
39,247591,4.8,4,4,0,82816,46088,Male,Tier 2,Store,0,2026-03-05 14:19:15.683837
61,244766,4.9,8,14,11,85773,78595,Other,Tier 3,Store,0,2026-03-05 14:19:15.683837
75,43460,8.0,9,23,17,22294,108318,Male,Tier 1,Store,0,2026-03-05 14:19:15.683837
53,139579,5.9,4,10,8,82082,49619,Female,Tier 2,Store,0,2026-03-05 14:19:15.683837
22,79680,1.1,4,16,4,81631,53266,Female,Tier 1,Store,0,2026-03-05 14:19:15.683837
30,46017,4.2,7,7,12,78562,98005,Female,Tier 3,Store,0,2026-03-05 14:19:15.683837
46,244608,2.9,1,41,17,17843,140104,Female,Tier 1,Store,0,2026-03-05 14:19:15.683837
48,107038,7.0,7,23,14,77916,56832,Female,Tier 1,Store,0,2026-03-05 14:19:15.683837
64,177062,3.6,9,37,14,69921,8953,Female,Tier 1,Online,1,2026-03-05 14:19:15.683837
74,34515,4.8,4,26,5,14101,21705,Female,Tier 3,Store,0,2026-03-05 14:19:15.683837
72,176063,9.5,2,41,6,31979,70722,Other,Tier 3,Store,0,2026-03-05 14:19:15.683837
33,153706,7.3,4,6,12,149710,54182,Male,Tier 1,Store,0,2026-03-05 14:19:15.683837
59,223106,3.7,2,23,11,22942,55870,Female,Tier 3,Store,0,2026-03-05 14:19:15.683837
79,222524,7.7,10,26,9,14987,56220,Female,Tier 3,Store,0,2026-03-05 14:19:15.683837
47,175449,4.6,7,36,0,119300,27212,Other,Tier 3,Online,1,2026-03-05 14:19:15.683837
74,48001,7.6,6,44,10,77551,61125,Other,Tier 2,Store,0,2026-03-05 14:19:15.683837
72,16391,5.2,2,2,15,148784,48278,Male,Tier 3,Store,0,2026-03-05 14:19:15.683837
33,211278,4.1,6,21,0,70555,116316,Female,Tier 3,Store,0,2026-03-05 14:19:15.683837
29,124388,3.9,9,47,17,47882,110111,Female,Tier 3,Store,0,2026-03-05 14:19:15.683837
34,57215,6.6,8,37,10,131194,117249,Female,Tier 3,Store,0,2026-03-05 14:19:15.683837
33,94720,7.8,9,21,8,96187,126151,Female,Tier 2,Store,0,2026-03-05 14:19:15.683837
29,42114,6.7,5,39,13,137393,7469,Female,Tier 1,Hybrid,0,2026-03-05 14:19:15.683837
25,157954,5.1,10,47,10,96196,682,Male,Tier 1,Online,1,2026-03-05 14:19:15.683837
37,128142,2.4,2,48,0,78572,149141,Other,Tier 2,Store,0,2026-03-05 14:19:15.683837
20,163345,4.7,5,28,10,108430,54689,Other,Tier 2,Store,0,2026-03-05 14:19:15.683837
33,121206,3.5,10,9,8,68465,95949,Female,Tier 2,Store,0,2026-03-05 14:19:15.683837
47,60647,8.7,3,16,1,49950,121403,Female,Tier 3,Store,0,2026-03-05 14:19:15.683837
62,228737,5.2,4,41,9,14028,122078,Male,Tier 1,Store,0,2026-03-05 14:19:15.683837
40,210964,6.6,7,6,2,141097,82982,Other,Tier 2,Store,0,2026-03-05 14:19:15.683837
45,57679,5.3,2,42,12,115948,6998,Female,Tier 2,Online,1,2026-03-05 14:19:15.683837
68,15427,6.9,6,34,10,113434,53670,Other,Tier 1,Store,0,2026-03-05 14:19:15.683837
57,243024,7.4,1,39,17,87890,126198,Male,Tier 1,Store,0,2026-03-05 14:19:15.683837
71,144669,10.7,10,2,13,529,98456,Female,Tier 3,Store,0,2026-03-05 14:19:15.683837
22,81267,5.1,3,12,4,105943,27103,Male,Tier 2,Store,0,2026-03-05 14:19:15.683837
37,15799,8.1,7,5,7,2084,9735,Other,Tier 1,Online,1,2026-03-05 14:19:15.683837
57,70659,6.6,5,16,9,59722,87884,Other,Tier 3,Store,0,2026-03-05 14:19:15.683837
73,240481,4.8,8,1,5,75670,117440,Female,Tier 3,Store,0,2026-03-05 14:19:15.683837
61,22025,5.0,7,38,14,35399,79689,Other,Tier 2,Store,0,2026-03-05 14:19:15.683837
18,29481,6.9,7,37,7,18406,133015,Other,Tier 3,Store,0,2026-03-05 14:19:15.683837
74,40411,5.4,1,32,3,11293,105391,Female,Tier 1,Store,0,2026-03-05 14:19:15.683837
47,242966,6.2,1,41,8,10319,82152,Other,Tier 3,Store,0,2026-03-05 14:19:15.683837
38,120928,7.3,6,22,4,26515,145418,Male,Tier 1,Store,0,2026-03-05 14:19:15.683837
37,138014,11.0,8,32,18,141371,106951,Other,Tier 1,Store,0,2026-03-05 14:19:15.683837
23,161033,6.1,3,24,16,26147,136081,Male,Tier 2,Store,0,2026-03-05 14:19:15.683837
39,167839,3.7,8,13,1,4236,112363,Male,Tier 1,Store,0,2026-03-05 14:19:15.683837
35,66690,6.8,8,34,12,17086,47088,Other,Tier 3,Store,0,2026-03-05 14:19:15.683837
25,67870,5.0,1,29,16,5875,88689,Other,Tier 1,Store,0,2026-03-05 14:19:15.683837
56,182207,9.8,5,8,13,142263,112582,Other,Tier 1,Store,0,2026-03-05 14:19:15.683837
49,210586,5.0,9,29,10,135446,68814,Other,Tier 1,Store,0,2026-03-05 14:19:15.683837
50,101928,6.0,10,6,6,80565,32608,Female,Tier 1,Store,0,2026-03-05 14:19:15.683837
70,224870,7.2,10,7,1,116433,65883,Male,Tier 3,Store,0,2026-03-05 14:19:15.683837
33,85765,7.0,3,6,2,62619,88903,Male,Tier 3,Store,0,2026-03-05 14:19:15.683837
29,38772,8.8,9,41,10,149177,77407,Male,Tier 1,Store,0,2026-03-05 14:19:15.683837
55,145417,7.3,9,26,2,55517,120008,Male,Tier 1,Store,0,2026-03-05 14:19:15.683837
69,33799,10.7,1,24,0,105572,22595,Female,Tier 3,Online,1,2026-03-05 14:19:15.683837
51,127051,6.9,2,46,18,148800,76788,Female,Tier 3,Store,0,2026-03-05 14:19:15.683837
78,144941,8.6,3,23,13,141550,45813,Male,Tier 1,Store,0,2026-03-05 14:19:15.683837
31,38555,5.1,4,27,16,67467,24086,Male,Tier 1,Store,0,2026-03-05 14:19:15.683837
53,107152,9.9,5,33,18,92988,19005,Other,Tier 1,Store,0,2026-03-05 14:19:15.683837
50,142219,5.3,5,9,18,72690,47613,Female,Tier 1,Store,0,2026-03-05 14:19:15.683837
40,165405,9.0,10,35,18,117005,123917,Male,Tier 3,Store,0,2026-03-05 14:19:15.683837
67,150333,7.8,5,14,18,129229,60610,Male,Tier 2,Store,0,2026-03-05 14:19:15.683837
62,134833,6.1,3,37,0,71063,149338,Other,Tier 2,Store,0,2026-03-05 14:19:15.683837
19,84002,9.0,6,2,10,94980,131930,Male,Tier 3,Store,0,2026-03-05 14:19:15.683837
58,61553,6.0,4,11,0,78311,46786,Female,Tier 2,Store,0,2026-03-05 14:19:15.683837
38,18088,8.7,9,32,6,64242,102561,Other,Tier 3,Store,0,2026-03-05 14:19:15.683837
19,60783,6.8,2,25,7,30713,94552,Other,Tier 2,Store,0,2026-03-05 14:19:15.683837
44,16115,5.2,1,40,6,44840,130213,Female,Tier 3,Store,0,2026-03-05 14:19:15.683837
74,216186,6.6,7,40,14,85074,6397,Male,Tier 2,Online,1,2026-03-05 14:19:15.683837
26,214198,6.1,9,5,15,130712,63223,Female,Tier 1,Store,0,2026-03-05 14:19:15.683837
18,87908,5.1,10,2,7,134279,132180,Male,Tier 2,Store,0,2026-03-05 14:19:15.683837
28,84109,6.5,9,26,9,140267,88986,Other,Tier 3,Store,0,2026-03-05 14:19:15.683837
20,17978,6.8,3,40,3,63167,58174,Other,Tier 3,Store,0,2026-03-05 14:19:15.683837
69,123943,1.1,1,13,12,143022,6608,Male,Tier 2,Store,0,2026-03-05 14:19:15.683837
79,24422,7.0,9,48,3,31870,42440,Female,Tier 2,Store,0,2026-03-05 14:19:15.683837
40,189698,7.5,7,48,18,43089,77414,Male,Tier 1,Store,0,2026-03-05 14:19:15.683837
43,104233,8.9,8,49,5,51813,30213,Other,Tier 3,Store,0,2026-03-05 14:19:15.683837
21,71174,3.5,6,10,15,63515,72068,Female,Tier 3,Store,0,2026-03-05 14:19:15.683837
35,242428,4.0,10,16,6,23745,106446,Female,Tier 2,Store,0,2026-03-05 14:19:15.683837
72,52743,6.4,6,45,12,110891,39574,Male,Tier 1,Store,0,2026-03-05 14:19:15.683837
23,216533,4.6,4,47,2,138424,35180,Other,Tier 2,Store,0,2026-03-05 14:19:15.683837
52,203271,3.6,2,15,17,5089,127052,Female,Tier 3,Store,0,2026-03-05 14:19:15.683837
39,145288,5.2,1,42,16,33683,123172,Other,Tier 3,Store,0,2026-03-05 14:19:15.683837
60,144000,5.3,6,0,2,115023,113563,Other,Tier 3,Store,0,2026-03-05 14:19:15.683837
32,137778,4.0,9,47,19,45559,109743,Male,Tier 2,Store,0,2026-03-05 14:19:15.683837
39,44430,4.0,10,5,3,56679,125462,Female,Tier 3,Store,0,2026-03-05 14:19:15.683837
77,43834,5.8,10,14,10,70618,47771,Male,Tier 3,Store,0,2026-03-05 14:19:15.683837
54,39435,3.1,2,32,17,106381,93358,Female,Tier 1,Store,0,2026-03-05 14:19:15.683837
69,102212,3.1,1,6,18,37997,92535,Male,Tier 1,Store,0,2026-03-05 14:19:15.683837
59,70797,6.1,1,7,7,20285,71324,Other,Tier 1,Store,0,2026-03-05 14:19:15.683837
29,189626,9.0,7,41,12,52912,47598,Other,Tier 2,Store,0,2026-03-05 14:19:15.683837
64,69555,7.5,1,29,17,77352,108084,Other,Tier 3,Store,0,2026-03-05 14:19:15.683837
66,100350,8.4,9,6,0,35835,148527,Male,Tier 2,Store,0,2026-03-05 14:19:15.683837
59,29716,2.4,9,39,19,28987,84126,Female,Tier 1,Store,0,2026-03-05 14:19:15.683837
55,75261,3.2,3,44,16,46737,52558,Female,Tier 1,Store,0,2026-03-05 14:19:15.683837
35,173600,6.0,2,13,2,123974,132483,Female,Tier 3,Store,0,2026-03-05 14:19:15.683837
62,16995,7.7,9,2,6,4997,136121,Male,Tier 2,Store,0,2026-03-05 14:19:15.683837
52,37414,7.3,3,25,5,75052,1516,Female,Tier 1,Online,1,2026-03-05 14:19:15.683837
47,159916,3.3,2,43,14,142275,64843,Other,Tier 2,Store,0,2026-03-05 14:19:15.683837
41,182731,8.3,4,33,6,68109,128588,Other,Tier 1,Store,0,2026-03-05 14:19:15.683837
59,30522,5.8,7,29,6,139912,61205,Other,Tier 3,Store,0,2026-03-05 14:19:15.683837
47,144632,7.6,4,29,11,27686,18899,Male,Tier 1,Hybrid,0,2026-03-05 14:19:15.683837
31,89034,4.8,8,28,8,26545,78016,Other,Tier 2,Store,0,2026-03-05 14:19:15.683837
23,57322,2.9,5,36,8,14878,87193,Male,Tier 1,Store,0,2026-03-05 14:19:15.683837
20,82638,7.7,2,43,10,147573,61419,Female,Tier 1,Store,0,2026-03-05 14:19:15.683837
33,116334,6.9,10,24,9,118664,53329,Female,Tier 2,Store,0,2026-03-05 14:19:15.683837
24,154596,3.5,4,3,9,135671,81791,Other,Tier 2,Store,0,2026-03-05 14:19:15.683837
69,45846,4.7,7,0,14,125325,4692,Female,Tier 3,Online,1,2026-03-05 14:19:15.683837
31,88643,7.4,1,7,15,62664,86929,Male,Tier 3,Store,0,2026-03-05 14:19:15.683837
26,206168,6.4,7,1,7,46830,57321,Male,Tier 2,Store,0,2026-03-05 14:19:15.683837
32,129930,7.0,3,16,12,45631,97484,Male,Tier 2,Store,0,2026-03-05 14:19:15.683837
38,229876,5.0,7,40,8,88605,58961,Female,Tier 1,Store,0,2026-03-05 14:19:15.683837
52,193775,8.8,3,42,13,60815,127187,Male,Tier 1,Store,0,2026-03-05 14:19:15.683837
19,39399,5.8,8,48,19,16882,11985,Male,Tier 1,Online,1,2026-03-05 14:19:15.683837
44,221232,1.3,4,22,17,91941,141679,Female,Tier 3,Store,0,2026-03-05 14:19:15.683837
19,238734,6.2,1,20,1,104608,125291,Female,Tier 1,Store,0,2026-03-05 14:19:15.683837
52,234739,7.2,1,28,8,50140,133053,Other,Tier 2,Store,0,2026-03-05 14:19:15.683837
35,138182,6.6,4,4,9,52079,30778,Male,Tier 3,Store,0,2026-03-05 14:19:15.683837
31,63591,5.1,9,31,19,139035,7918,Female,Tier 1,Online,1,2026-03-05 14:19:15.683837
37,166786,2.1,5,20,10,100925,17813,Other,Tier 3,Online,1,2026-03-05 14:19:15.683837
35,50877,4.7,5,8,9,143656,130370,Other,Tier 1,Store,0,2026-03-05 14:19:15.683837
27,99106,4.9,3,6,18,9428,56486,Other,Tier 1,Store,0,2026-03-05 14:19:15.683837
42,93018,4.7,5,17,0,129961,14207,Male,Tier 3,Online,1,2026-03-05 14:19:15.683837
19,114854,7.2,7,14,13,29655,144227,Female,Tier 1,Store,0,2026-03-05 14:19:15.683837
42,205208,5.3,3,24,8,66244,1137,Male,Tier 2,Online,1,2026-03-05 14:19:15.683837
78,179486,8.8,5,47,4,104350,125433,Other,Tier 3,Store,0,2026-03-05 14:19:15.683837
71,135832,5.5,3,15,11,115630,73229,Male,Tier 2,Store,0,2026-03-05 14:19:15.683837
50,101576,8.4,1,19,19,92717,101304,Other,Tier 2,Store,0,2026-03-05 14:19:15.683837
53,225015,6.4,6,44,17,56417,86564,Female,Tier 3,Store,0,2026-03-05 14:19:15.683837
48,191540,6.5,3,36,16,98171,102607,Female,Tier 1,Store,0,2026-03-05 14:19:15.683837
31,244913,4.6,2,33,19,135993,146210,Other,Tier 1,Store,0,2026-03-05 14:19:15.683837
18,225774,3.3,3,4,7,34991,26497,Male,Tier 1,Store,0,2026-03-05 14:19:15.683837
63,218180,5.9,5,32,0,110683,129283,Female,Tier 1,Store,0,2026-03-05 14:19:15.683837
33,244610,9.4,5,0,3,73843,31021,Female,Tier 2,Store,0,2026-03-05 14:19:15.683837
71,107508,5.1,9,47,11,78291,120418,Female,Tier 2,Store,0,2026-03-05 14:19:15.683837
63,61835,4.8,9,48,15,94489,136895,Other,Tier 2,Store,0,2026-03-05 14:19:15.683837
78,209405,5.7,2,6,4,57081,118500,Male,Tier 3,Store,0,2026-03-05 14:19:15.683837
69,57464,9.5,6,41,17,122752,52156,Female,Tier 2,Store,0,2026-03-05 14:19:15.683837
20,127454,7.6,9,3,17,109012,3702,Male,Tier 1,Online,1,2026-03-05 14:19:15.683837
52,168995,8.4,9,3,18,9619,84427,Female,Tier 2,Store,0,2026-03-05 14:19:15.683837
58,131062,2.0,6,44,12,53316,13604,Female,Tier 3,Hybrid,0,2026-03-05 14:19:15.683837
23,207927,4.4,1,12,0,136516,140060,Other,Tier 2,Store,0,2026-03-05 14:19:15.683837
42,82445,4.4,1,34,7,52760,135686,Female,Tier 2,Store,0,2026-03-05 14:19:15.683837
30,125454,8.3,9,42,0,119782,59242,Male,Tier 2,Store,0,2026-03-05 14:19:15.683837
70,136906,7.3,3,17,19,12404,149493,Other,Tier 2,Store,0,2026-03-05 14:19:15.683837
51,113384,8.1,5,42,6,43562,99485,Other,Tier 2,Store,0,2026-03-05 14:19:15.683837
25,213691,2.2,6,49,18,59612,112886,Other,Tier 3,Store,0,2026-03-05 14:19:15.683837
38,192218,8.2,1,45,2,123867,20554,Other,Tier 3,Online,1,2026-03-05 14:19:15.683837
51,75032,7.3,1,10,17,36606,30017,Female,Tier 3,Store,0,2026-03-05 14:19:15.683837
21,128521,4.2,4,12,17,49356,35983,Male,Tier 1,Store,0,2026-03-05 14:19:15.683837
42,131378,5.6,6,42,5,114629,139165,Female,Tier 1,Store,0,2026-03-05 14:19:15.683837
32,32140,4.2,8,30,19,74915,62408,Other,Tier 2,Store,0,2026-03-05 14:19:15.683837
21,17670,5.8,7,38,13,132621,34157,Male,Tier 1,Store,0,2026-03-05 14:19:15.683837
62,51519,6.9,2,41,6,72562,145455,Other,Tier 3,Store,0,2026-03-05 14:19:15.683837
77,59512,8.8,4,5,10,83013,23905,Female,Tier 3,Store,0,2026-03-05 14:19:15.683837
29,203883,4.1,5,37,4,114901,22310,Male,Tier 2,Store,0,2026-03-05 14:19:15.683837
49,118565,5.1,8,49,12,78920,145089,Female,Tier 3,Store,0,2026-03-05 14:19:15.683837
49,160763,3.8,7,10,12,94899,9862,Female,Tier 3,Hybrid,0,2026-03-05 14:19:15.683837
45,120156,7.5,4,20,0,48924,35146,Male,Tier 3,Store,0,2026-03-05 14:19:15.683837
30,180334,2.8,8,25,1,4380,62074,Male,Tier 1,Store,0,2026-03-05 14:19:15.683837
48,200964,6.4,8,14,17,122447,8559,Male,Tier 3,Store,0,2026-03-05 14:19:15.683837
31,40595,3.5,4,23,3,96415,106292,Male,Tier 2,Store,0,2026-03-05 14:19:15.683837
37,203279,6.1,2,17,13,69444,23210,Other,Tier 3,Store,0,2026-03-05 14:19:15.683837
35,179512,8.3,3,7,4,17980,138759,Male,Tier 2,Store,0,2026-03-05 14:19:15.683837
46,23630,5.0,5,40,15,15390,81271,Male,Tier 1,Store,0,2026-03-05 14:19:15.683837
77,177322,6.4,1,34,19,86154,82968,Male,Tier 2,Store,0,2026-03-05 14:19:15.683837
23,240406,4.2,5,27,2,35788,31091,Female,Tier 2,Store,0,2026-03-05 14:19:15.683837
49,244820,5.8,4,28,19,112542,56133,Other,Tier 1,Store,0,2026-03-05 14:19:15.683837
46,122461,2.9,5,46,13,120397,129220,Female,Tier 1,Store,0,2026-03-05 14:19:15.683837
60,223590,7.4,1,45,4,2536,135945,Male,Tier 1,Store,0,2026-03-05 14:19:15.683837
79,89191,5.2,10,1,11,53001,53535,Female,Tier 1,Store,0,2026-03-05 14:19:15.683837
19,210863,5.6,7,17,12,74804,38751,Female,Tier 2,Store,0,2026-03-05 14:19:15.683837
77,230190,6.1,10,0,15,78118,63536,Other,Tier 3,Store,0,2026-03-05 14:19:15.683837
40,115591,2.1,9,1,15,138530,99674,Other,Tier 3,Store,0,2026-03-05 14:19:15.683837
36,78753,4.6,5,44,18,107617,16498,Male,Tier 1,Hybrid,0,2026-03-05 14:19:15.683837
48,75520,6.3,3,44,3,11396,14557,Male,Tier 2,Online,1,2026-03-05 14:19:15.683837
68,19008,5.7,9,13,12,123354,149537,Male,Tier 1,Store,0,2026-03-05 14:19:15.683837
22,190536,10.4,6,27,17,79822,781,Male,Tier 2,Online,1,2026-03-05 14:19:15.683837
36,122408,8.5,6,43,12,90415,125302,Female,Tier 2,Store,0,2026-03-05 14:19:15.683837
51,15496,6.3,10,20,11,90336,100522,Female,Tier 1,Store,0,2026-03-05 14:19:15.683837
27,114767,4.0,10,19,18,85300,86050,Other,Tier 3,Store,0,2026-03-05 14:19:15.683837
42,38212,5.0,3,33,16,89195,35842,Male,Tier 3,Store,0,2026-03-05 14:19:15.683837
19,35637,7.3,1,33,9,42370,148858,Male,Tier 1,Store,0,2026-03-05 14:19:15.683837
79,60227,6.2,4,45,6,123833,79792,Female,Tier 3,Store,0,2026-03-05 14:19:15.683837
28,228485,8.6,4,38,13,115603,93857,Other,Tier 1,Store,0,2026-03-05 14:19:15.683837
67,134753,6.1,3,3,6,77080,42498,Female,Tier 2,Store,0,2026-03-05 14:19:15.683837
78,135118,6.2,5,42,0,107075,114048,Other,Tier 3,Store,0,2026-03-05 14:19:15.683837
48,229418,9.2,9,27,13,136569,42663,Other,Tier 3,Store,0,2026-03-05 14:19:15.683837
73,24884,3.8,9,38,2,76907,54943,Female,Tier 2,Store,0,2026-03-05 14:19:15.683837
32,131481,9.5,8,0,8,126956,73034,Female,Tier 1,Store,0,2026-03-05 14:19:15.683837
26,83259,7.5,10,44,10,34302,44295,Other,Tier 1,Store,0,2026-03-05 14:19:15.683837
40,64810,12.0,6,7,14,100542,26694,Other,Tier 1,Store,0,2026-03-05 14:19:15.683837
36,144926,4.6,4,15,4,36798,119073,Male,Tier 3,Store,0,2026-03-05 14:19:15.683837
26,19761,9.3,2,47,18,65716,97059,Female,Tier 1,Store,0,2026-03-05 14:19:15.683837
52,219238,6.3,10,44,3,100925,142066,Male,Tier 1,Store,0,2026-03-05 14:19:15.683837
38,31375,5.6,3,30,19,88953,86813,Other,Tier 1,Store,0,2026-03-05 14:19:15.683837
26,171290,6.6,9,6,12,50962,29212,Male,Tier 2,Store,0,2026-03-05 14:19:15.683837
45,176637,6.3,1,4,5,102432,4698,Male,Tier 2,Online,1,2026-03-05 14:19:15.683837
79,117654,4.4,7,1,6,1534,54801,Other,Tier 2,Store,0,2026-03-05 14:19:15.683837
63,47975,5.7,10,40,15,140157,100028,Other,Tier 3,Store,0,2026-03-05 14:19:15.683837
68,173145,6.6,6,47,7,45558,87948,Male,Tier 2,Store,0,2026-03-05 14:19:15.683837
24,215798,5.1,2,3,8,839,15359,Other,Tier 3,Store,0,2026-03-05 14:19:15.683837
33,147955,7.1,5,9,8,145741,18465,Male,Tier 2,Store,0,2026-03-05 14:19:15.683837
33,214494,5.4,2,34,18,66801,13088,Other,Tier 3,Store,0,2026-03-05 14:19:15.683837
77,195701,6.9,9,0,18,62214,68369,Female,Tier 3,Store,0,2026-03-05 14:19:15.683837
50,210242,6.7,5,38,10,88239,93068,Male,Tier 3,Store,0,2026-03-05 14:19:15.683837
21,89489,6.9,6,2,15,59561,4075,Other,Tier 3,Hybrid,0,2026-03-05 14:19:15.683837
21,23381,3.3,4,42,8,138475,105284,Male,Tier 3,Store,0,2026-03-05 14:19:15.683837
56,169310,8.2,1,44,14,84573,82466,Male,Tier 1,Store,0,2026-03-05 14:19:15.683837
57,159867,4.3,3,25,10,149737,44103,Female,Tier 1,Store,0,2026-03-05 14:19:15.683837
34,242036,5.6,5,16,7,81166,136298,Male,Tier 1,Store,0,2026-03-05 14:19:15.683837
54,77999,4.7,3,41,2,68937,112527,Male,Tier 2,Store,0,2026-03-05 14:19:15.683837
56,64907,6.1,8,7,13,46724,95172,Other,Tier 3,Store,0,2026-03-05 14:19:15.683837
77,155710,5.8,2,29,5,122251,31566,Female,Tier 3,Store,0,2026-03-05 14:19:15.683837
69,85467,7.3,2,7,4,45845,42280,Other,Tier 1,Store,0,2026-03-05 14:19:15.683837
46,57623,6.1,1,28,10,80527,34730,Male,Tier 2,Store,0,2026-03-05 14:19:15.683837
69,184564,5.2,1,17,9,24450,4480,Other,Tier 1,Online,1,2026-03-05 14:19:15.683837
53,172483,2.4,4,23,19,86860,140778,Male,Tier 1,Store,0,2026-03-05 14:19:15.683837
77,125724,7.8,8,8,10,24890,110087,Female,Tier 1,Store,0,2026-03-05 14:19:15.683837
55,166606,7.0,8,19,5,35292,53836,Male,Tier 2,Store,0,2026-03-05 14:19:15.683837
56,248436,7.9,8,43,7,129328,123464,Male,Tier 2,Store,0,2026-03-05 14:19:15.683837
67,175253,5.6,1,12,13,38051,22523,Female,Tier 3,Store,0,2026-03-05 14:19:15.683837
54,118069,6.7,1,36,12,130416,91223,Other,Tier 3,Store,0,2026-03-05 14:19:15.683837
69,34996,4.7,7,18,2,114455,42475,Female,Tier 2,Store,0,2026-03-05 14:19:15.683837
79,218161,4.5,7,4,5,126107,137055,Other,Tier 3,Store,0,2026-03-05 14:19:15.683837
78,120682,5.4,10,35,16,121327,90223,Male,Tier 3,Store,0,2026-03-05 14:19:15.683837
52,98609,7.8,5,23,0,112361,88257,Female,Tier 1,Store,0,2026-03-05 14:19:15.683837
24,218738,5.5,8,33,10,44701,112400,Other,Tier 2,Store,0,2026-03-05 14:19:15.683837
44,175477,5.9,6,46,0,139104,81481,Female,Tier 1,Store,0,2026-03-05 14:19:15.683837
45,116490,6.5,1,7,13,58832,40843,Other,Tier 3,Store,0,2026-03-05 14:19:15.683837
39,86325,6.1,7,45,8,87753,47403,Female,Tier 3,Store,0,2026-03-05 14:19:15.683837
31,43930,8.0,8,3,9,43685,92511,Male,Tier 2,Store,0,2026-03-05 14:19:15.683837
24,129426,4.5,8,43,11,16150,13338,Other,Tier 3,Hybrid,0,2026-03-05 14:19:15.683837
54,32529,6.2,10,37,3,56461,69456,Other,Tier 1,Store,0,2026-03-05 14:19:15.683837
78,68546,6.9,9,7,17,18044,15133,Female,Tier 3,Hybrid,0,2026-03-05 14:19:15.683837
39,22942,2.7,3,8,10,65851,83279,Male,Tier 1,Store,0,2026-03-05 14:19:15.683837
22,22548,6.5,2,40,15,38619,6165,Female,Tier 3,Store,0,2026-03-05 14:19:15.683837
79,130248,8.7,8,47,17,124212,99859,Female,Tier 3,Store,0,2026-03-05 14:19:15.683837
72,164368,5.3,4,40,6,99279,127629,Male,Tier 3,Store,0,2026-03-05 14:19:15.683837
19,197088,3.8,2,30,19,42050,29763,Other,Tier 1,Store,0,2026-03-05 14:19:15.683837
79,112780,6.9,2,30,3,96117,135123,Female,Tier 3,Store,0,2026-03-05 14:19:15.683837
44,15296,6.4,2,39,1,126122,115092,Male,Tier 2,Store,0,2026-03-05 14:19:15.683837
38,82945,9.0,5,6,8,81025,21406,Female,Tier 2,Store,0,2026-03-05 14:19:15.683837
71,74980,6.9,8,24,11,121315,25895,Male,Tier 1,Store,0,2026-03-05 14:19:15.683837
55,71782,4.1,9,12,18,18972,109359,Female,Tier 1,Store,0,2026-03-05 14:19:15.683837
32,180301,4.0,6,4,8,62965,104513,Male,Tier 2,Store,0,2026-03-05 14:19:15.683837
38,111382,7.7,8,17,9,38265,57691,Male,Tier 2,Store,0,2026-03-05 14:19:15.683837
27,68444,6.7,6,6,8,12494,28131,Other,Tier 1,Store,0,2026-03-05 14:19:15.683837
40,50036,5.9,1,37,4,101625,113070,Female,Tier 3,Store,0,2026-03-05 14:19:15.683837
75,54322,6.3,9,41,0,75995,134175,Male,Tier 3,Store,0,2026-03-05 14:19:15.683837
73,173239,6.9,10,14,15,116705,94178,Male,Tier 1,Store,0,2026-03-05 14:19:15.683837
56,66667,6.7,7,48,8,90821,79469,Female,Tier 3,Store,0,2026-03-05 14:19:15.683837
22,109527,3.0,2,44,4,72492,120378,Male,Tier 1,Store,0,2026-03-05 14:19:15.683837
18,98337,8.4,3,32,3,107791,14925,Other,Tier 3,Hybrid,0,2026-03-05 14:19:15.683837
30,66468,8.6,2,30,4,111305,91271,Female,Tier 1,Store,0,2026-03-05 14:19:15.683837
38,87894,9.6,9,8,3,83941,1745,Female,Tier 3,Online,1,2026-03-05 14:19:15.683837
43,199156,9.2,8,18,13,136899,89747,Female,Tier 2,Store,0,2026-03-05 14:19:15.683837
67,78138,8.8,5,5,7,136444,68922,Male,Tier 3,Store,0,2026-03-05 14:19:15.683837
62,37588,5.4,4,35,12,61206,113352,Male,Tier 2,Store,0,2026-03-05 14:19:15.683837
38,77901,6.6,7,31,10,64498,36132,Male,Tier 3,Store,0,2026-03-05 14:19:15.683837
70,163743,8.3,9,27,13,52215,99082,Female,Tier 1,Store,0,2026-03-05 14:19:15.683837
35,98038,2.4,8,49,9,125218,77747,Male,Tier 3,Store,0,2026-03-05 14:19:15.683837
54,236736,5.6,8,37,6,8000,87991,Male,Tier 2,Store,0,2026-03-05 14:19:15.683837
62,177717,2.6,2,9,18,74754,10054,Male,Tier 1,Store,0,2026-03-05 14:19:15.683837
49,153709,6.6,10,34,16,33613,82355,Female,Tier 2,Store,0,2026-03-05 14:19:15.683837
53,146732,8.5,9,45,3,68707,27683,Other,Tier 1,Online,1,2026-03-05 14:19:15.683837
34,122211,6.0,2,23,19,79387,109173,Other,Tier 1,Store,0,2026-03-05 14:19:15.683837
52,21922,4.9,8,33,13,132920,126645,Male,Tier 1,Store,0,2026-03-05 14:19:15.683837
66,108697,6.6,5,8,11,41575,25782,Female,Tier 3,Store,0,2026-03-05 14:19:15.683837
77,190793,6.8,6,26,10,6230,96276,Male,Tier 2,Store,0,2026-03-05 14:19:15.683837
28,203328,7.0,10,33,0,11568,31242,Male,Tier 3,Online,1,2026-03-05 14:19:15.683837
38,132217,3.6,9,14,8,117227,14303,Other,Tier 1,Online,1,2026-03-05 14:19:15.683837
69,84506,6.5,8,26,0,91929,83397,Male,Tier 2,Store,0,2026-03-05 14:19:15.683837
72,215015,6.4,5,26,9,137931,61873,Female,Tier 3,Store,0,2026-03-05 14:19:15.683837
70,139338,7.9,6,31,10,77855,105006,Female,Tier 1,Store,0,2026-03-05 14:19:15.683837
43,42843,5.8,5,44,4,35522,123587,Other,Tier 2,Store,0,2026-03-05 14:19:15.683837
79,155118,9.9,9,26,8,24331,106227,Male,Tier 3,Store,0,2026-03-05 14:19:15.683837
21,235408,6.2,5,25,2,9683,90467,Female,Tier 2,Store,0,2026-03-05 14:19:15.683837
51,210057,5.0,6,43,1,85555,109664,Male,Tier 1,Store,0,2026-03-05 14:19:15.683837
69,226155,4.0,1,16,17,74073,34574,Other,Tier 2,Store,0,2026-03-05 14:19:15.683837
65,118064,5.0,8,15,13,27551,92599,Male,Tier 1,Store,0,2026-03-05 14:19:15.683837
77,242997,4.4,8,34,4,138898,29993,Other,Tier 1,Online,1,2026-03-05 14:19:15.683837
35,141417,5.7,8,25,13,3545,29108,Female,Tier 1,Store,0,2026-03-05 14:19:15.683837
57,131585,9.4,7,37,4,40535,68641,Female,Tier 1,Store,0,2026-03-05 14:19:15.683837
52,45346,3.1,7,29,1,32529,107434,Female,Tier 1,Store,0,2026-03-05 14:19:15.683837
58,234356,3.2,6,41,6,51905,125537,Female,Tier 1,Store,0,2026-03-05 14:19:15.683837
46,138152,5.5,7,36,17,139496,129660,Male,Tier 3,Store,0,2026-03-05 14:19:15.683837
69,126769,3.3,9,13,15,101676,137112,Other,Tier 1,Store,0,2026-03-05 14:19:15.683837
46,117391,4.0,5,17,4,138983,73140,Other,Tier 2,Store,0,2026-03-05 14:19:15.683837
55,237456,6.7,9,27,19,125044,67398,Other,Tier 2,Store,0,2026-03-05 14:19:15.683837
59,199598,5.9,9,39,11,112477,94528,Other,Tier 2,Store,0,2026-03-05 14:19:15.683837
38,88143,6.9,4,15,12,127384,93153,Other,Tier 1,Store,0,2026-03-05 14:19:15.683837
59,51787,7.2,9,1,7,65790,7219,Male,Tier 2,Hybrid,0,2026-03-05 14:19:15.683837
30,48583,8.7,8,19,13,104922,139836,Other,Tier 1,Store,0,2026-03-05 14:19:15.683837
66,158635,6.8,5,29,4,148602,51688,Female,Tier 2,Store,0,2026-03-05 14:19:15.683837
58,192132,8.4,10,8,3,80648,134540,Female,Tier 1,Store,0,2026-03-05 14:19:15.683837
34,136943,6.2,3,0,8,137628,119676,Other,Tier 1,Store,0,2026-03-05 14:19:15.683837
73,179762,6.8,9,26,14,59480,6550,Other,Tier 2,Online,1,2026-03-05 14:19:15.683837
26,126233,6.8,3,8,13,53288,138785,Male,Tier 1,Store,0,2026-03-05 14:19:15.683837
58,240784,6.6,3,19,4,32046,137889,Male,Tier 1,Store,0,2026-03-05 14:19:15.683837
18,29925,6.4,3,26,14,35026,143276,Male,Tier 1,Store,0,2026-03-05 14:19:15.683837
19,232859,9.6,1,38,3,84527,129629,Female,Tier 2,Store,0,2026-03-05 14:19:15.683837
77,98184,7.4,6,34,17,117798,28410,Male,Tier 3,Store,0,2026-03-05 14:19:15.683837
65,166180,5.1,3,32,4,34449,65343,Other,Tier 2,Store,0,2026-03-05 14:19:15.683837
46,91515,10.7,10,12,16,58040,18236,Female,Tier 2,Online,1,2026-03-05 14:19:15.683837
50,214330,5.2,3,13,13,64368,148555,Other,Tier 2,Store,0,2026-03-05 14:19:15.683837
27,151427,6.0,9,0,16,47243,57284,Other,Tier 3,Store,0,2026-03-05 14:19:15.683837
67,61069,4.3,7,49,18,71052,55665,Other,Tier 3,Store,0,2026-03-05 14:19:15.683837
75,240407,7.4,8,6,12,84413,6254,Other,Tier 3,Online,1,2026-03-05 14:19:15.683837
77,115854,9.4,1,46,12,105348,75490,Male,Tier 3,Store,0,2026-03-05 14:19:15.683837
57,69471,3.0,8,32,12,53967,107691,Female,Tier 3,Store,0,2026-03-05 14:19:15.683837
38,47705,5.4,8,38,1,81098,14673,Female,Tier 3,Online,1,2026-03-05 14:19:15.683837
45,189981,8.2,8,33,14,56292,139595,Male,Tier 2,Store,0,2026-03-05 14:19:15.683837
28,234678,3.9,6,45,0,28998,63427,Male,Tier 2,Store,0,2026-03-05 14:19:15.683837
72,143501,7.1,10,27,14,14554,58501,Other,Tier 1,Store,0,2026-03-05 14:19:15.683837
51,131361,3.4,5,6,15,10887,12158,Male,Tier 1,Store,0,2026-03-05 14:19:15.683837
25,199811,6.8,4,45,10,105984,42840,Male,Tier 1,Store,0,2026-03-05 14:19:15.683837
76,222892,6.2,9,23,2,121407,60851,Female,Tier 1,Store,0,2026-03-05 14:19:15.683837
39,102273,12.0,7,14,19,62880,7449,Male,Tier 2,Online,1,2026-03-05 14:19:15.683837
25,38241,7.5,1,23,13,89218,145559,Male,Tier 3,Store,0,2026-03-05 14:19:15.683837
66,173486,1.7,1,26,4,30135,38907,Male,Tier 2,Store,0,2026-03-05 14:19:15.683837
32,65818,5.9,1,38,16,52372,14787,Other,Tier 3,Store,0,2026-03-05 14:19:15.683837
34,166967,7.6,4,2,1,2839,48756,Male,Tier 1,Store,0,2026-03-05 14:19:15.683837
77,107307,5.2,9,9,6,146655,61645,Other,Tier 3,Store,0,2026-03-05 14:19:15.683837
40,208481,5.1,3,11,9,74120,118710,Other,Tier 3,Store,0,2026-03-05 14:19:15.683837
41,201396,5.2,10,40,9,88182,109687,Male,Tier 1,Store,0,2026-03-05 14:19:15.683837
62,81920,7.1,1,28,19,102799,11578,Female,Tier 2,Store,0,2026-03-05 14:19:15.683837
36,199627,3.5,1,7,7,56473,6627,Female,Tier 1,Store,0,2026-03-05 14:19:15.683837
22,133642,4.9,3,9,0,78499,89400,Male,Tier 2,Store,0,2026-03-05 14:19:15.683837
49,80453,8.1,7,16,15,114047,66791,Male,Tier 3,Store,0,2026-03-05 14:19:15.683837
61,37689,5.0,8,8,8,118994,24861,Other,Tier 1,Store,0,2026-03-05 14:19:15.683837
18,210428,4.9,4,41,15,80224,16484,Other,Tier 1,Store,0,2026-03-05 14:19:15.683837
40,239083,3.2,2,14,19,128028,27504,Other,Tier 2,Store,0,2026-03-05 14:19:15.683837
54,154324,7.3,7,3,14,117547,51472,Male,Tier 1,Store,0,2026-03-05 14:19:15.683837
25,45844,6.9,9,20,8,124810,135914,Other,Tier 1,Store,0,2026-03-05 14:19:15.683837
30,110687,7.9,10,6,11,101687,58546,Female,Tier 2,Store,0,2026-03-05 14:19:15.683837
25,38365,5.8,6,47,1,3242,54540,Female,Tier 1,Store,0,2026-03-05 14:19:15.683837
74,152098,6.6,2,7,9,23854,12740,Female,Tier 1,Store,0,2026-03-05 14:19:15.683837
40,113303,6.6,9,45,15,97033,1936,Female,Tier 1,Online,1,2026-03-05 14:19:15.683837
60,43523,3.2,7,19,4,35519,91714,Other,Tier 3,Store,0,2026-03-05 14:19:15.683837
18,156554,10.7,9,6,12,128856,88429,Other,Tier 3,Store,0,2026-03-05 14:19:15.683837
62,127105,8.0,2,45,6,82544,145757,Female,Tier 1,Store,0,2026-03-05 14:19:15.683837
68,63888,6.2,10,5,8,142958,8548,Female,Tier 2,Online,1,2026-03-05 14:19:15.683837
41,128884,5.6,4,8,16,58961,90554,Male,Tier 1,Store,0,2026-03-05 14:19:15.683837
52,121968,8.6,6,13,16,140530,136259,Female,Tier 2,Store,0,2026-03-05 14:19:15.683837
41,65110,6.2,10,47,16,12440,90488,Female,Tier 1,Store,0,2026-03-05 14:19:15.683837
34,236716,7.8,7,35,4,50249,122180,Female,Tier 3,Store,0,2026-03-05 14:19:15.683837
22,146565,4.8,3,28,5,63602,86245,Other,Tier 1,Store,0,2026-03-05 14:19:15.683837
37,202266,4.2,10,2,5,64502,135744,Female,Tier 2,Store,0,2026-03-05 14:19:15.683837
38,97001,5.7,5,44,8,13639,40271,Male,Tier 3,Store,0,2026-03-05 14:19:15.683837
57,54767,6.0,4,30,9,96271,32392,Other,Tier 1,Store,0,2026-03-05 14:19:15.683837
75,44550,6.8,5,23,16,74017,24634,Other,Tier 1,Store,0,2026-03-05 14:19:15.683837
48,159905,8.9,6,23,2,60437,136123,Female,Tier 1,Store,0,2026-03-05 14:19:15.683837
63,149042,8.2,6,47,19,27489,95370,Male,Tier 1,Store,0,2026-03-05 14:19:15.683837
53,113315,8.6,7,35,8,114206,69908,Male,Tier 3,Store,0,2026-03-05 14:19:15.683837
28,110494,4.5,6,34,0,105471,47284,Other,Tier 1,Store,0,2026-03-05 14:19:15.683837
69,142424,5.4,6,24,18,138005,1032,Male,Tier 2,Online,1,2026-03-05 14:19:15.683837
32,128855,7.9,4,38,13,109409,46026,Male,Tier 1,Store,0,2026-03-05 14:19:15.683837
36,97681,8.4,2,20,7,62152,77384,Other,Tier 2,Store,0,2026-03-05 14:19:15.683837
24,116489,7.5,10,14,17,131288,97132,Male,Tier 1,Store,0,2026-03-05 14:19:15.683837
68,195249,4.9,7,33,5,113395,102891,Other,Tier 1,Store,0,2026-03-05 14:19:15.683837
45,213414,3.9,7,8,1,11413,93449,Other,Tier 3,Store,0,2026-03-05 14:19:15.683837
68,145546,6.5,3,2,6,139553,114018,Female,Tier 2,Store,0,2026-03-05 14:19:15.683837
60,217272,4.2,5,9,5,108738,13788,Female,Tier 3,Store,0,2026-03-05 14:19:15.683837
75,207573,6.9,6,49,10,115985,39713,Female,Tier 3,Store,0,2026-03-05 14:19:15.683837
22,43900,8.5,10,14,9,121585,117333,Female,Tier 3,Store,0,2026-03-05 14:19:15.683837
22,29126,6.4,9,15,10,113860,116091,Male,Tier 3,Store,0,2026-03-05 14:19:15.683837
47,126198,3.4,3,12,7,95175,130123,Other,Tier 2,Store,0,2026-03-05 14:19:15.683837
71,216762,5.0,3,43,12,90613,6431,Male,Tier 3,Online,1,2026-03-05 14:19:15.683837
49,233816,7.7,5,43,5,130090,147836,Other,Tier 3,Store,0,2026-03-05 14:19:15.683837
25,94303,6.9,2,0,9,17251,128621,Male,Tier 1,Store,0,2026-03-05 14:19:15.683837
27,231651,7.1,3,46,17,117813,80894,Male,Tier 2,Store,0,2026-03-05 14:19:15.683837
55,194066,9.5,6,32,14,105064,121636,Other,Tier 1,Store,0,2026-03-05 14:19:15.683837
64,82061,6.7,3,7,4,131027,116775,Male,Tier 3,Store,0,2026-03-05 14:19:15.683837
49,245136,6.6,1,15,10,104864,7180,Female,Tier 1,Store,0,2026-03-05 14:19:15.683837
65,31978,7.7,7,47,3,8238,69696,Male,Tier 3,Store,0,2026-03-05 14:19:15.683837
45,71344,3.7,7,34,12,134068,85535,Female,Tier 1,Store,0,2026-03-05 14:19:15.683837
34,61648,5.1,2,13,14,46667,122761,Female,Tier 1,Store,0,2026-03-05 14:19:15.683837
48,16055,4.5,5,40,1,92893,43648,Male,Tier 2,Store,0,2026-03-05 14:19:15.683837
25,90582,7.3,9,26,6,42152,25449,Male,Tier 2,Online,1,2026-03-05 14:19:15.683837
57,247459,4.2,3,43,5,84177,84486,Male,Tier 1,Store,0,2026-03-05 14:19:15.683837
42,96214,7.1,8,47,18,22725,143277,Male,Tier 2,Store,0,2026-03-05 14:19:15.683837
26,190948,5.6,4,0,14,59217,25776,Other,Tier 2,Store,0,2026-03-05 14:19:15.683837
19,238232,5.3,3,38,13,97155,126605,Other,Tier 3,Store,0,2026-03-05 14:19:15.683837
32,122954,7.8,2,49,15,37526,33564,Male,Tier 3,Store,0,2026-03-05 14:19:15.683837
67,53725,3.3,9,42,19,50415,82116,Other,Tier 3,Store,0,2026-03-05 14:19:15.683837
20,151327,5.0,5,29,9,58834,74490,Other,Tier 2,Store,0,2026-03-05 14:19:15.683837
66,221019,11.9,9,34,5,25451,20396,Other,Tier 2,Online,1,2026-03-05 14:19:15.683837
53,68380,9.7,8,9,14,106334,5293,Other,Tier 3,Online,1,2026-03-05 14:19:15.683837
79,68333,2.4,3,30,3,15915,68915,Female,Tier 3,Store,0,2026-03-05 14:19:15.683837
21,57459,5.0,4,11,1,129438,105079,Male,Tier 3,Store,0,2026-03-05 14:19:15.683837
31,131518,6.1,6,39,18,148119,69895,Other,Tier 1,Store,0,2026-03-05 14:19:15.683837
58,51163,3.2,10,34,6,69863,60889,Female,Tier 2,Store,0,2026-03-05 14:19:15.683837
58,180043,10.0,5,33,10,40815,29455,Female,Tier 1,Store,0,2026-03-05 14:19:15.683837
42,242843,6.1,10,38,14,51259,101928,Other,Tier 2,Store,0,2026-03-05 14:19:15.683837
75,211221,5.6,10,31,15,97377,110591,Male,Tier 1,Store,0,2026-03-05 14:19:15.683837
72,99730,6.8,3,11,4,130176,46151,Female,Tier 2,Store,0,2026-03-05 14:19:15.683837
79,34476,6.7,5,44,8,97523,122552,Male,Tier 1,Store,0,2026-03-05 14:19:15.683837
67,83580,4.3,5,27,0,106034,85853,Other,Tier 1,Store,0,2026-03-05 14:19:15.683837
27,120576,8.6,9,18,12,33584,53933,Female,Tier 1,Store,0,2026-03-05 14:19:15.683837
38,101593,6.3,4,23,2,9348,141414,Female,Tier 2,Store,0,2026-03-05 14:19:15.683837
53,215122,8.6,8,19,4,77470,122780,Male,Tier 2,Store,0,2026-03-05 14:19:15.683837
29,221598,4.8,4,21,13,125878,145801,Male,Tier 3,Store,0,2026-03-05 14:19:15.683837
44,124071,2.4,10,10,4,24117,136128,Male,Tier 3,Store,0,2026-03-05 14:19:15.683837
57,129832,8.9,2,27,19,124992,80146,Other,Tier 2,Store,0,2026-03-05 14:19:15.683837
19,153579,7.5,3,44,13,121581,69955,Male,Tier 3,Store,0,2026-03-05 14:19:15.683837
71,216465,8.3,4,39,0,92875,67089,Female,Tier 1,Store,0,2026-03-05 14:19:15.683837
30,158190,8.5,8,19,10,54346,120006,Male,Tier 3,Store,0,2026-03-05 14:19:15.683837
70,196601,6.0,9,4,4,80360,62377,Male,Tier 3,Store,0,2026-03-05 14:19:15.683837
49,83682,5.3,6,39,2,12948,128838,Female,Tier 1,Store,0,2026-03-05 14:19:15.683837
48,238009,5.8,8,6,9,25637,110190,Male,Tier 2,Store,0,2026-03-05 14:19:15.683837
33,200248,7.1,10,21,8,82564,13565,Other,Tier 1,Online,1,2026-03-05 14:19:15.683837
49,106713,6.6,5,36,14,89753,51796,Female,Tier 3,Store,0,2026-03-05 14:19:15.683837
49,119060,2.3,5,40,5,137456,9420,Female,Tier 3,Online,1,2026-03-05 14:19:15.683837
77,150486,5.8,8,28,5,48010,65915,Male,Tier 1,Store,0,2026-03-05 14:19:15.683837
51,98030,8.8,4,11,7,85030,47787,Male,Tier 3,Store,0,2026-03-05 14:19:15.683837
28,135360,6.0,3,28,1,132669,105162,Other,Tier 3,Store,0,2026-03-05 14:19:15.683837
27,100973,10.4,10,35,3,110709,102911,Female,Tier 3,Store,0,2026-03-05 14:19:15.683837
32,208209,4.1,2,34,1,143067,100115,Female,Tier 2,Store,0,2026-03-05 14:19:15.683837
34,150009,6.7,8,42,8,100343,17050,Female,Tier 3,Store,0,2026-03-05 14:19:15.683837
57,51731,4.0,5,21,4,49235,106744,Female,Tier 3,Store,0,2026-03-05 14:19:15.683837
35,232934,4.3,6,17,18,97664,60519,Male,Tier 1,Store,0,2026-03-05 14:19:15.683837
72,184737,4.3,9,21,18,29848,60768,Other,Tier 2,Store,0,2026-03-05 14:19:15.683837
26,220582,10.4,3,18,8,110042,116716,Male,Tier 3,Store,0,2026-03-05 14:19:15.683837
42,163572,5.5,4,33,4,93889,32302,Male,Tier 2,Store,0,2026-03-05 14:19:15.683837
57,129360,4.6,2,8,15,4895,15595,Male,Tier 1,Store,0,2026-03-05 14:19:15.683837
76,16750,6.0,6,9,6,136697,102003,Female,Tier 2,Store,0,2026-03-05 14:19:15.683837
31,80018,5.6,9,18,1,61850,125493,Other,Tier 1,Store,0,2026-03-05 14:19:15.683837
77,150099,7.6,2,37,13,24940,41748,Other,Tier 1,Store,0,2026-03-05 14:19:15.683837
75,151817,1.9,5,8,0,128981,119405,Other,Tier 1,Store,0,2026-03-05 14:19:15.683837
42,207803,4.1,10,27,7,139122,86470,Female,Tier 2,Store,0,2026-03-05 14:19:15.683837
67,101984,7.7,1,29,16,74400,29276,Male,Tier 3,Store,0,2026-03-05 14:19:15.683837
39,122983,5.0,4,24,18,28209,82783,Female,Tier 2,Store,0,2026-03-05 14:19:15.683837
69,43451,4.5,8,17,5,133394,53435,Male,Tier 1,Store,0,2026-03-05 14:19:15.683837
47,108743,4.4,3,25,13,139782,83929,Other,Tier 1,Store,0,2026-03-05 14:19:15.683837
37,86474,7.4,4,18,7,63170,132645,Other,Tier 2,Store,0,2026-03-05 14:19:15.683837
38,207608,7.4,2,26,10,117999,58423,Male,Tier 3,Store,0,2026-03-05 14:19:15.683837
61,27150,7.9,9,35,13,17912,27194,Female,Tier 3,Store,0,2026-03-05 14:19:15.683837
49,28406,3.7,5,3,9,16234,35020,Male,Tier 3,Store,0,2026-03-05 14:19:15.683837
68,165853,3.6,3,48,16,95080,61869,Male,Tier 3,Store,0,2026-03-05 14:19:15.683837
63,203489,8.3,10,25,11,81605,89210,Female,Tier 1,Store,0,2026-03-05 14:19:15.683837
66,131047,6.4,7,44,3,102609,15457,Male,Tier 1,Online,1,2026-03-05 14:19:15.683837
73,138971,4.8,1,2,18,142806,44219,Other,Tier 1,Store,0,2026-03-05 14:19:15.683837
38,118157,5.7,9,35,16,84937,33714,Female,Tier 2,Store,0,2026-03-05 14:19:15.683837
52,33325,3.5,7,6,4,46895,19693,Other,Tier 2,Online,1,2026-03-05 14:19:15.683837
75,214756,4.9,1,9,13,43027,39586,Male,Tier 3,Store,0,2026-03-05 14:19:15.683837
49,109415,6.3,4,44,6,79328,52684,Male,Tier 2,Store,0,2026-03-05 14:19:15.683837
47,219541,6.7,7,3,2,100976,122958,Male,Tier 3,Store,0,2026-03-05 14:19:15.683837
72,155508,5.8,4,6,4,120186,78593,Male,Tier 3,Store,0,2026-03-05 14:19:15.683837
56,32669,5.6,7,21,4,132990,101010,Male,Tier 3,Store,0,2026-03-05 14:19:15.683837
66,142385,7.5,3,29,7,71656,97209,Male,Tier 3,Store,0,2026-03-05 14:19:15.683837
29,87010,5.8,4,21,2,36677,100109,Other,Tier 1,Store,0,2026-03-05 14:19:15.683837
58,222836,5.1,3,28,0,81615,36007,Other,Tier 2,Store,0,2026-03-05 14:19:15.683837
64,245146,4.5,4,10,1,88861,94739,Other,Tier 2,Store,0,2026-03-05 14:19:15.683837
35,147915,2.5,10,15,6,119310,35239,Male,Tier 2,Store,0,2026-03-05 14:19:15.683837
38,211681,7.3,3,43,14,30583,142193,Male,Tier 3,Store,0,2026-03-05 14:19:15.683837
30,65812,8.9,10,5,13,12903,91312,Male,Tier 3,Store,0,2026-03-05 14:19:15.683837
79,31059,4.3,10,36,12,18068,83772,Male,Tier 3,Store,0,2026-03-05 14:19:15.683837
38,101269,3.5,5,12,11,66600,146052,Male,Tier 2,Store,0,2026-03-05 14:19:15.683837
79,186840,4.8,4,32,17,64136,120857,Other,Tier 1,Store,0,2026-03-05 14:19:15.683837
25,40395,6.6,3,46,1,9496,51496,Male,Tier 3,Store,0,2026-03-05 14:19:15.683837
63,35202,5.0,5,7,6,86351,145665,Male,Tier 1,Store,0,2026-03-05 14:19:15.683837
57,159345,5.0,10,10,9,14366,85938,Male,Tier 2,Store,0,2026-03-05 14:19:15.683837
63,194961,5.8,9,32,19,104904,11211,Other,Tier 1,Online,1,2026-03-05 14:19:15.683837
24,244707,6.2,1,32,9,104417,103851,Male,Tier 3,Store,0,2026-03-05 14:19:15.683837
40,219120,6.7,4,43,5,85453,44668,Male,Tier 3,Store,0,2026-03-05 14:19:15.683837
61,239839,5.4,7,47,3,135641,37581,Female,Tier 2,Hybrid,0,2026-03-05 14:19:15.683837
49,234882,5.4,4,39,7,60730,117107,Male,Tier 3,Store,0,2026-03-05 14:19:15.683837
28,118235,2.2,8,26,12,16556,69130,Male,Tier 1,Store,0,2026-03-05 14:19:15.683837
39,60510,7.9,7,45,4,72029,52181,Female,Tier 2,Store,0,2026-03-05 14:19:15.683837
39,102945,6.5,5,38,7,132974,134400,Other,Tier 3,Store,0,2026-03-05 14:19:15.683837
60,85649,9.0,10,17,7,11279,82651,Male,Tier 3,Store,0,2026-03-05 14:19:15.683837
42,121723,7.0,4,44,8,13229,35201,Female,Tier 3,Store,0,2026-03-05 14:19:15.683837
39,17881,5.9,8,31,13,102688,73776,Male,Tier 2,Store,0,2026-03-05 14:19:15.683837
45,60913,3.0,1,44,10,123799,122585,Female,Tier 2,Store,0,2026-03-05 14:19:15.683837
46,126860,2.7,2,40,9,146873,135758,Female,Tier 3,Store,0,2026-03-05 14:19:15.683837
30,99785,8.1,5,23,6,54194,69705,Other,Tier 3,Store,0,2026-03-05 14:19:15.683837
35,211109,7.1,10,21,12,25963,103580,Other,Tier 1,Store,0,2026-03-05 14:19:15.683837
19,77457,8.9,7,49,8,45190,147848,Other,Tier 2,Store,0,2026-03-05 14:19:15.683837
46,181415,7.9,9,2,7,75509,100843,Female,Tier 1,Store,0,2026-03-05 14:19:15.683837
38,208461,5.3,3,2,16,129790,96109,Female,Tier 3,Store,0,2026-03-05 14:19:15.683837
32,224322,1.4,5,13,13,129563,44958,Male,Tier 3,Store,0,2026-03-05 14:19:15.683837
69,154728,7.2,2,31,17,27784,74223,Other,Tier 1,Store,0,2026-03-05 14:19:15.683837
44,20741,4.0,6,8,8,1114,103049,Other,Tier 2,Store,0,2026-03-05 14:19:15.683837
67,162733,5.6,6,15,14,141289,34127,Male,Tier 2,Store,0,2026-03-05 14:19:15.683837
48,112091,6.8,4,24,15,37235,5281,Male,Tier 3,Online,1,2026-03-05 14:19:15.683837
32,43690,4.7,2,4,19,19687,124497,Female,Tier 2,Store,0,2026-03-05 14:19:15.683837
68,47833,4.3,8,12,8,62949,144813,Other,Tier 2,Store,0,2026-03-05 14:19:15.683837
40,117566,5.4,8,30,9,71547,13980,Male,Tier 1,Store,0,2026-03-05 14:19:15.683837
41,86240,1.9,1,20,13,20473,130390,Other,Tier 3,Store,0,2026-03-05 14:19:15.683837
61,121898,3.9,2,39,11,14666,135666,Male,Tier 1,Store,0,2026-03-05 14:19:15.683837
30,92711,3.9,4,8,7,95130,37414,Other,Tier 2,Store,0,2026-03-05 14:19:15.683837
39,203213,5.5,1,20,16,35111,127099,Female,Tier 1,Store,0,2026-03-05 14:19:15.683837
60,224304,4.1,6,8,16,19501,13677,Male,Tier 3,Store,0,2026-03-05 14:19:15.683837
54,54023,5.0,2,9,18,120690,5285,Female,Tier 1,Store,0,2026-03-05 14:19:15.683837
78,55209,5.1,3,40,17,139831,56922,Male,Tier 1,Store,0,2026-03-05 14:19:15.683837
50,108590,10.3,9,43,12,149808,67400,Male,Tier 2,Store,0,2026-03-05 14:19:15.683837
73,101612,7.5,7,11,16,84661,30664,Other,Tier 1,Store,0,2026-03-05 14:19:15.683837
20,95522,5.8,4,10,3,114369,130207,Other,Tier 1,Store,0,2026-03-05 14:19:15.683837
71,126654,6.9,10,19,17,28721,138591,Male,Tier 1,Store,0,2026-03-05 14:19:15.683837
36,160512,7.8,1,49,9,26663,28414,Male,Tier 2,Store,0,2026-03-05 14:19:15.683837
40,134107,6.6,4,38,9,136230,145659,Female,Tier 3,Store,0,2026-03-05 14:19:15.683837
46,154032,3.9,10,32,4,133060,130900,Female,Tier 3,Store,0,2026-03-05 14:19:15.683837
47,37462,5.7,6,6,0,117344,144920,Male,Tier 3,Store,0,2026-03-05 14:19:15.683837
56,32821,4.0,8,0,13,77517,65460,Female,Tier 3,Store,0,2026-03-05 14:19:15.683837
61,203844,5.3,9,13,9,40799,14977,Other,Tier 2,Online,1,2026-03-05 14:19:15.683837
64,173330,5.7,4,44,4,63260,42523,Female,Tier 1,Store,0,2026-03-05 14:19:15.683837
42,107889,8.1,6,20,8,97801,3851,Other,Tier 3,Online,1,2026-03-05 14:19:15.683837
54,103952,4.4,2,44,16,36440,109315,Female,Tier 2,Store,0,2026-03-05 14:19:15.683837
64,208596,4.3,2,48,18,27330,100909,Male,Tier 3,Store,0,2026-03-05 14:19:15.683837
25,168187,4.6,6,7,4,34405,21205,Other,Tier 2,Hybrid,0,2026-03-05 14:19:15.683837
59,133066,4.8,9,16,0,87886,43668,Female,Tier 3,Store,0,2026-03-05 14:19:15.683837
75,192505,5.4,3,44,6,19869,15851,Male,Tier 3,Store,0,2026-03-05 14:19:15.683837
33,236576,6.7,4,48,0,83363,112318,Male,Tier 2,Store,0,2026-03-05 14:19:15.683837
25,234339,4.4,9,14,9,112524,54479,Female,Tier 3,Store,0,2026-03-05 14:19:15.683837
18,234393,6.2,9,1,2,74487,149759,Other,Tier 3,Store,0,2026-03-05 14:19:15.683837
61,94364,6.3,5,12,16,38524,28627,Female,Tier 1,Store,0,2026-03-05 14:19:15.683837
22,85077,7.1,9,28,9,107144,57077,Female,Tier 1,Store,0,2026-03-05 14:19:15.683837
20,55644,5.6,5,27,8,62680,38592,Male,Tier 3,Store,0,2026-03-05 14:19:15.683837
18,77643,7.7,5,7,8,141143,119808,Other,Tier 1,Store,0,2026-03-05 14:19:15.683837
21,28311,6.7,7,34,10,114598,46936,Other,Tier 1,Store,0,2026-03-05 14:19:15.683837
57,144466,6.6,6,23,12,6977,15239,Male,Tier 1,Store,0,2026-03-05 14:19:15.683837
52,45531,4.9,10,6,8,65340,118446,Female,Tier 2,Store,0,2026-03-05 14:19:15.683837
49,29588,6.5,7,27,11,12910,61048,Other,Tier 1,Store,0,2026-03-05 14:19:15.683837
59,64416,6.7,10,21,6,113770,59612,Female,Tier 1,Store,0,2026-03-05 14:19:15.683837
51,158452,4.8,2,25,2,55870,22358,Male,Tier 2,Store,0,2026-03-05 14:19:15.683837
60,188717,8.4,9,16,11,106184,145872,Other,Tier 3,Store,0,2026-03-05 14:19:15.683837
42,163890,11.2,6,37,12,137843,113461,Female,Tier 1,Store,0,2026-03-05 14:19:15.683837
27,176929,4.7,9,5,9,74522,30838,Other,Tier 1,Store,0,2026-03-05 14:19:15.683837
38,36711,5.1,1,10,5,49456,4361,Other,Tier 3,Hybrid,0,2026-03-05 14:19:15.683837
63,151169,5.1,2,37,19,76798,55669,Female,Tier 3,Store,0,2026-03-05 14:19:15.683837
56,131348,3.4,7,1,4,114373,137642,Other,Tier 1,Store,0,2026-03-05 14:19:15.683837
44,174465,4.2,2,31,12,69990,7039,Other,Tier 2,Online,1,2026-03-05 14:19:15.683837
44,37076,7.7,6,25,19,27653,55776,Female,Tier 1,Store,0,2026-03-05 14:19:15.683837
19,99274,5.8,2,30,19,557,8788,Female,Tier 1,Store,0,2026-03-05 14:19:15.683837
58,72609,9.8,10,31,8,52172,3545,Male,Tier 1,Online,1,2026-03-05 14:19:15.683837
65,175389,5.4,5,34,8,116879,98242,Other,Tier 3,Store,0,2026-03-05 14:19:15.683837
30,73480,6.8,6,1,6,32482,146470,Male,Tier 2,Store,0,2026-03-05 14:19:15.683837
26,22044,4.2,7,2,6,135086,91852,Male,Tier 1,Store,0,2026-03-05 14:19:15.683837
69,217105,5.8,1,32,0,53774,121579,Male,Tier 3,Store,0,2026-03-05 14:19:15.683837
53,70486,6.2,2,6,17,65722,134197,Other,Tier 2,Store,0,2026-03-05 14:19:15.683837
39,70162,1.8,2,20,11,40541,125511,Female,Tier 3,Store,0,2026-03-05 14:19:15.683837
59,225359,4.4,1,47,13,137790,116652,Male,Tier 2,Store,0,2026-03-05 14:19:15.683837
43,44882,7.3,3,24,14,135609,43917,Other,Tier 2,Store,0,2026-03-05 14:19:15.683837
75,69078,7.2,6,15,2,25263,109915,Other,Tier 1,Store,0,2026-03-05 14:19:15.683837
71,73734,3.5,9,22,2,3739,87997,Female,Tier 3,Store,0,2026-03-05 14:19:15.683837
29,123730,5.3,3,16,18,73279,54247,Female,Tier 3,Store,0,2026-03-05 14:19:15.683837
34,189898,1.3,3,32,8,89342,82922,Female,Tier 2,Store,0,2026-03-05 14:19:15.683837
31,102985,6.0,2,17,17,135893,9809,Female,Tier 2,Store,0,2026-03-05 14:19:15.683837
31,59028,8.5,2,38,0,15445,49370,Other,Tier 2,Store,0,2026-03-05 14:19:15.683837
74,197403,8.6,7,22,16,64242,80377,Male,Tier 3,Store,0,2026-03-05 14:19:15.683837
51,113938,8.5,4,8,11,45741,147413,Other,Tier 2,Store,0,2026-03-05 14:19:15.683837
70,133319,7.1,6,2,17,125846,112427,Other,Tier 3,Store,0,2026-03-05 14:19:15.683837
74,47543,8.3,8,47,1,59290,30693,Other,Tier 3,Online,1,2026-03-05 14:19:15.683837
37,139279,5.6,5,34,6,126095,50210,Other,Tier 3,Store,0,2026-03-05 14:19:15.683837
28,44362,5.0,3,23,3,142943,21827,Other,Tier 2,Store,0,2026-03-05 14:19:15.683837
33,173387,8.3,2,5,3,39942,78342,Other,Tier 2,Store,0,2026-03-05 14:19:15.683837
68,173818,6.6,6,18,10,17602,51702,Male,Tier 3,Store,0,2026-03-05 14:19:15.683837
48,156129,2.4,8,13,3,32280,103040,Other,Tier 1,Store,0,2026-03-05 14:19:15.683837
72,57915,8.4,10,2,14,127575,120435,Female,Tier 1,Store,0,2026-03-05 14:19:15.683837
23,167133,5.6,4,5,1,130509,148764,Female,Tier 1,Store,0,2026-03-05 14:19:15.683837
73,66370,4.7,2,16,1,18659,147941,Female,Tier 1,Store,0,2026-03-05 14:19:15.683837
36,180229,8.0,3,35,8,30771,102930,Other,Tier 2,Store,0,2026-03-05 14:19:15.683837
54,126375,7.7,3,21,12,149212,83056,Male,Tier 2,Store,0,2026-03-05 14:19:15.683837
75,157394,4.1,9,3,14,46690,129094,Female,Tier 2,Store,0,2026-03-05 14:19:15.683837
21,84812,5.7,10,9,18,15563,137734,Male,Tier 1,Store,0,2026-03-05 14:19:15.683837
64,223914,4.2,4,31,6,73078,52866,Other,Tier 3,Store,0,2026-03-05 14:19:15.683837
78,49017,4.2,6,46,16,89836,37819,Female,Tier 1,Store,0,2026-03-05 14:19:15.683837
21,71792,1.0,9,48,15,2748,127457,Female,Tier 2,Store,0,2026-03-05 14:19:15.683837
37,173814,4.0,10,48,3,146347,45355,Female,Tier 2,Hybrid,0,2026-03-05 14:19:15.683837
27,243208,5.7,8,42,3,102897,1123,Female,Tier 2,Online,1,2026-03-05 14:19:15.683837
41,210880,1.0,9,3,7,54033,110117,Male,Tier 3,Store,0,2026-03-05 14:19:15.683837
71,144198,3.3,6,12,19,112068,30704,Male,Tier 2,Store,0,2026-03-05 14:19:15.683837
52,32629,7.2,2,18,10,70972,15364,Female,Tier 1,Online,1,2026-03-05 14:19:15.683837
43,143614,3.2,5,45,8,51319,72725,Female,Tier 2,Store,0,2026-03-05 14:19:15.683837
54,154317,5.7,10,42,13,37502,128797,Female,Tier 1,Store,0,2026-03-05 14:19:15.683837
55,111950,2.7,3,37,9,29648,81377,Other,Tier 2,Store,0,2026-03-05 14:19:15.683837
38,189942,6.8,3,47,15,10194,784,Female,Tier 1,Online,1,2026-03-05 14:19:15.683837
71,241706,5.3,10,25,13,17672,33639,Female,Tier 3,Store,0,2026-03-05 14:19:15.683837
57,79829,4.2,1,29,19,67447,149497,Female,Tier 1,Store,0,2026-03-05 14:19:15.683837
56,25588,1.0,4,42,9,88678,24199,Male,Tier 3,Store,0,2026-03-05 14:19:15.683837
38,146514,4.2,7,30,18,24631,66756,Male,Tier 2,Store,0,2026-03-05 14:19:15.683837
27,120280,7.3,3,37,7,88791,100696,Other,Tier 1,Store,0,2026-03-05 14:19:15.683837
55,249051,9.1,7,11,5,74794,93774,Male,Tier 1,Store,0,2026-03-05 14:19:15.683837
63,223411,5.6,6,18,19,72652,103873,Male,Tier 1,Store,0,2026-03-05 14:19:15.683837
21,55721,5.8,1,22,0,104482,105513,Female,Tier 1,Store,0,2026-03-05 14:19:15.683837
77,183217,4.6,5,49,15,96079,22590,Female,Tier 1,Store,0,2026-03-05 14:19:15.683837
74,25599,8.5,6,45,0,110871,87980,Female,Tier 3,Store,0,2026-03-05 14:19:15.683837
62,87594,5.5,9,40,2,143849,83264,Male,Tier 3,Store,0,2026-03-05 14:19:15.683837
37,228814,7.8,10,9,7,137633,99218,Other,Tier 2,Store,0,2026-03-05 14:19:15.683837
34,223502,6.5,6,14,7,131390,92434,Male,Tier 1,Store,0,2026-03-05 14:19:15.683837
72,149011,6.2,8,49,1,95240,67219,Other,Tier 3,Store,0,2026-03-05 14:19:15.683837
24,37149,4.0,2,16,11,78847,135067,Female,Tier 2,Store,0,2026-03-05 14:19:15.683837
21,142616,9.6,1,12,15,123301,28896,Female,Tier 1,Store,0,2026-03-05 14:19:15.683837
46,212639,8.9,1,23,10,101548,104698,Male,Tier 1,Store,0,2026-03-05 14:19:15.683837
31,156280,10.5,7,15,16,116854,12076,Other,Tier 2,Online,1,2026-03-05 14:19:15.683837
20,212170,3.8,8,38,13,56967,35233,Female,Tier 1,Store,0,2026-03-05 14:19:15.683837
41,124034,6.5,8,37,4,12569,24869,Female,Tier 1,Hybrid,0,2026-03-05 14:19:15.683837
54,195564,4.4,3,29,0,76394,8292,Other,Tier 2,Online,1,2026-03-05 14:19:15.683837
33,35951,6.9,5,44,7,109654,111983,Male,Tier 1,Store,0,2026-03-05 14:19:15.683837
75,194992,6.6,7,43,8,148875,68004,Other,Tier 3,Store,0,2026-03-05 14:19:15.683837
72,61766,5.2,9,14,1,109580,48345,Female,Tier 3,Store,0,2026-03-05 14:19:15.683837
69,72014,5.5,5,3,12,39605,15262,Female,Tier 2,Store,0,2026-03-05 14:19:15.683837
21,174423,10.2,4,43,10,95614,59769,Other,Tier 2,Store,0,2026-03-05 14:19:15.683837
73,230288,5.7,4,9,15,20927,116497,Female,Tier 3,Store,0,2026-03-05 14:19:15.683837
79,195458,1.6,6,39,3,10954,123871,Male,Tier 3,Store,0,2026-03-05 14:19:15.683837
41,102122,4.9,9,45,6,39216,90550,Other,Tier 1,Store,0,2026-03-05 14:19:15.683837
51,24308,3.8,1,45,16,114272,113577,Male,Tier 3,Store,0,2026-03-05 14:19:15.683837
47,74252,4.2,1,31,6,20547,110269,Female,Tier 2,Store,0,2026-03-05 14:19:15.683837
35,221217,7.4,1,20,1,6229,58124,Male,Tier 1,Store,0,2026-03-05 14:19:15.683837
36,241103,7.8,4,28,17,127991,102255,Male,Tier 1,Store,0,2026-03-05 14:19:15.683837
48,98211,4.3,4,29,8,6174,75890,Male,Tier 3,Store,0,2026-03-05 14:19:15.683837
77,174136,4.9,8,6,8,23389,101404,Female,Tier 1,Store,0,2026-03-05 14:19:15.683837
77,199951,4.6,5,41,10,90938,40226,Other,Tier 3,Store,0,2026-03-05 14:19:15.683837
36,141534,9.0,10,28,3,71774,27875,Other,Tier 2,Hybrid,0,2026-03-05 14:19:15.683837
66,23720,7.8,4,9,3,39253,110137,Other,Tier 1,Store,0,2026-03-05 14:19:15.683837
63,141204,7.4,8,49,4,101467,65975,Other,Tier 1,Store,0,2026-03-05 14:19:15.683837
36,189012,3.9,7,21,16,33059,22070,Male,Tier 2,Store,0,2026-03-05 14:19:15.683837
39,94993,2.6,6,16,4,82904,63103,Male,Tier 1,Store,0,2026-03-05 14:19:15.683837
41,214547,8.5,2,17,3,64939,129268,Other,Tier 1,Store,0,2026-03-05 14:19:15.683837
62,62113,9.8,5,45,2,131564,23745,Female,Tier 1,Online,1,2026-03-05 14:19:15.683837
29,63926,2.5,2,4,0,41846,88399,Other,Tier 3,Store,0,2026-03-05 14:19:15.683837
47,184275,10.5,6,38,19,42422,129115,Other,Tier 1,Store,0,2026-03-05 14:19:15.683837
75,234973,5.8,9,16,2,63152,23669,Other,Tier 3,Online,1,2026-03-05 14:19:15.683837
55,151464,6.3,9,33,7,52111,124655,Female,Tier 2,Store,0,2026-03-05 14:19:15.683837
70,40905,3.4,6,3,5,142402,143993,Male,Tier 2,Store,0,2026-03-05 14:19:15.683837
48,219580,2.5,4,40,1,11618,14615,Male,Tier 1,Online,1,2026-03-05 14:19:15.683837
53,65385,1.5,10,7,0,121187,1141,Female,Tier 2,Online,1,2026-03-05 14:19:15.683837
36,45653,8.1,9,25,19,140803,125938,Female,Tier 1,Store,0,2026-03-05 14:19:15.683837
65,106865,5.8,5,24,3,14853,69558,Female,Tier 1,Store,0,2026-03-05 14:19:15.683837
62,230792,6.9,8,35,8,131281,81610,Other,Tier 1,Store,0,2026-03-05 14:19:15.683837
53,140813,8.3,9,42,11,10784,18279,Female,Tier 3,Online,1,2026-03-05 14:19:15.683837
47,160871,5.8,5,38,18,32279,89893,Other,Tier 3,Store,0,2026-03-05 14:19:15.683837
72,206175,9.4,6,10,13,133526,130298,Female,Tier 3,Store,0,2026-03-05 14:19:15.683837
66,30052,4.3,4,2,17,56242,149303,Female,Tier 3,Store,0,2026-03-05 14:19:15.683837
72,152116,5.2,1,43,16,88780,145649,Other,Tier 1,Store,0,2026-03-05 14:19:15.683837
50,165943,4.2,1,39,17,104612,121666,Male,Tier 1,Store,0,2026-03-05 14:19:15.683837
35,235375,7.7,5,27,16,121337,5770,Male,Tier 1,Online,1,2026-03-05 14:19:15.683837
69,166306,8.2,3,38,8,51468,71643,Male,Tier 2,Store,0,2026-03-05 14:19:15.683837
66,36381,5.1,7,24,11,103825,46811,Male,Tier 3,Store,0,2026-03-05 14:19:15.683837
76,163346,3.2,4,21,18,93710,110373,Other,Tier 2,Store,0,2026-03-05 14:19:15.683837
45,233912,8.5,4,12,14,20011,80069,Male,Tier 3,Store,0,2026-03-05 14:19:15.683837
76,98108,4.2,4,3,17,146245,79345,Other,Tier 2,Store,0,2026-03-05 14:19:15.683837
64,64892,5.2,6,27,16,5886,55372,Female,Tier 3,Store,0,2026-03-05 14:19:15.683837
28,196593,3.9,9,18,13,29961,54819,Female,Tier 1,Store,0,2026-03-05 14:19:15.683837
74,106501,6.6,9,2,9,45200,54018,Other,Tier 2,Store,0,2026-03-05 14:19:15.683837
77,229992,4.5,5,26,19,63562,98169,Other,Tier 3,Store,0,2026-03-05 14:19:15.683837
71,98391,7.4,8,10,1,7339,34350,Other,Tier 1,Store,0,2026-03-05 14:19:15.683837
62,32920,4.9,4,5,15,15265,109276,Other,Tier 3,Store,0,2026-03-05 14:19:15.683837
50,31702,7.1,8,47,5,55499,23999,Other,Tier 3,Online,1,2026-03-05 14:19:15.683837
34,249529,4.2,10,30,4,133900,33677,Male,Tier 1,Store,0,2026-03-05 14:19:15.683837
23,16894,8.5,9,28,0,6115,126362,Other,Tier 3,Store,0,2026-03-05 14:19:15.683837
21,45985,5.0,8,7,6,88057,25403,Other,Tier 2,Store,0,2026-03-05 14:19:15.683837
37,174359,6.2,8,10,6,48928,1678,Other,Tier 3,Online,1,2026-03-05 14:19:15.683837
65,140702,3.6,9,8,12,84746,40654,Female,Tier 2,Store,0,2026-03-05 14:19:15.683837
64,88527,6.0,10,30,4,56340,135270,Male,Tier 2,Store,0,2026-03-05 14:19:15.683837
44,161511,3.7,8,0,19,48702,23966,Male,Tier 1,Store,0,2026-03-05 14:19:15.683837
32,143676,5.9,4,6,17,42669,85916,Other,Tier 2,Store,0,2026-03-05 14:19:15.683837
23,240692,4.1,5,9,7,16246,53424,Other,Tier 3,Store,0,2026-03-05 14:19:15.683837
64,57235,5.7,10,8,14,102434,56083,Other,Tier 1,Store,0,2026-03-05 14:19:15.683837
31,173731,6.9,6,12,15,92657,104145,Male,Tier 1,Store,0,2026-03-05 14:19:15.683837
77,39976,3.3,5,26,8,132687,115438,Female,Tier 3,Store,0,2026-03-05 14:19:15.683837
28,97643,5.9,9,17,15,75683,54629,Male,Tier 2,Store,0,2026-03-05 14:19:15.683837
56,213937,6.8,2,15,5,5475,6264,Other,Tier 1,Online,1,2026-03-05 14:19:15.683837
26,122631,6.8,6,3,10,58530,112213,Female,Tier 1,Store,0,2026-03-05 14:19:15.683837
43,214378,9.8,10,29,12,19207,144091,Male,Tier 2,Store,0,2026-03-05 14:19:15.683837
33,71697,4.5,2,37,1,130475,44383,Female,Tier 1,Store,0,2026-03-05 14:19:15.683837
22,85382,6.0,8,19,16,3909,32275,Male,Tier 1,Store,0,2026-03-05 14:19:15.683837
74,31651,9.5,8,40,1,59211,5032,Male,Tier 2,Online,1,2026-03-05 14:19:15.683837
69,195116,3.3,5,11,12,15121,26030,Other,Tier 3,Store,0,2026-03-05 14:19:15.683837
78,29633,1.4,10,27,18,133251,54646,Female,Tier 1,Store,0,2026-03-05 14:19:15.683837
27,94164,7.1,8,43,0,106927,44684,Male,Tier 1,Store,0,2026-03-05 14:19:15.683837
67,15569,8.1,5,0,4,15742,49156,Male,Tier 2,Store,0,2026-03-05 14:19:15.683837
20,205972,1.8,4,8,15,76378,144034,Other,Tier 3,Store,0,2026-03-05 14:19:15.683837
30,82509,5.4,9,41,5,15334,48497,Female,Tier 3,Store,0,2026-03-05 14:19:15.683837
60,138425,4.0,8,48,13,80706,143254,Other,Tier 3,Store,0,2026-03-05 14:19:15.683837
66,116126,6.6,4,32,7,11028,127353,Male,Tier 2,Store,0,2026-03-05 14:19:15.683837
47,142522,5.9,2,0,17,126990,116113,Other,Tier 3,Store,0,2026-03-05 14:19:15.683837
79,48038,8.6,2,41,4,144777,105981,Female,Tier 1,Store,0,2026-03-05 14:19:15.683837
71,195160,3.3,2,8,10,149009,21686,Female,Tier 1,Store,0,2026-03-05 14:19:15.683837
62,219249,6.8,10,21,12,4679,40645,Other,Tier 2,Store,0,2026-03-05 14:19:15.683837
23,220538,7.2,8,8,8,135206,31811,Female,Tier 2,Store,0,2026-03-05 14:19:15.683837
34,218288,6.1,6,4,14,105316,88029,Other,Tier 1,Store,0,2026-03-05 14:19:15.683837
76,212865,2.0,1,1,12,136217,121069,Female,Tier 1,Store,0,2026-03-05 14:19:15.683837
62,219858,6.8,10,13,2,62554,79501,Male,Tier 3,Store,0,2026-03-05 14:19:15.683837
68,53138,4.5,4,11,2,132513,127430,Male,Tier 2,Store,0,2026-03-05 14:19:15.683837
70,209382,2.5,3,28,14,38731,42820,Male,Tier 1,Store,0,2026-03-05 14:19:15.683837
36,174829,6.7,10,15,17,128307,133916,Other,Tier 1,Store,0,2026-03-05 14:19:15.683837
59,216466,7.5,7,47,19,39476,48492,Other,Tier 2,Store,0,2026-03-05 14:19:15.683837
52,225099,4.8,10,8,8,47042,15532,Other,Tier 3,Hybrid,0,2026-03-05 14:19:15.683837
63,236902,7.7,5,31,15,93432,32544,Other,Tier 2,Hybrid,0,2026-03-05 14:19:15.683837
43,202223,7.7,1,23,19,114953,133647,Male,Tier 2,Store,0,2026-03-05 14:19:15.683837
68,125740,6.0,6,19,16,36966,35719,Male,Tier 3,Store,0,2026-03-05 14:19:15.683837
22,126174,7.2,4,19,12,40340,97105,Female,Tier 2,Store,0,2026-03-05 14:19:15.683837
46,64272,8.0,10,41,11,17730,79232,Male,Tier 3,Store,0,2026-03-05 14:19:15.683837
54,152980,7.1,6,42,0,54322,28750,Female,Tier 2,Online,1,2026-03-05 14:19:15.683837
37,156916,1.4,7,4,5,85725,26154,Female,Tier 3,Store,0,2026-03-05 14:19:15.683837
66,66455,1.0,9,19,5,18082,6215,Male,Tier 1,Online,1,2026-03-05 14:19:15.683837
38,249237,8.1,1,15,15,3590,35838,Female,Tier 3,Store,0,2026-03-05 14:19:15.683837
27,83447,4.6,6,18,13,33642,22884,Female,Tier 1,Store,0,2026-03-05 14:19:15.683837
22,220599,5.0,8,11,6,41500,36236,Other,Tier 1,Store,0,2026-03-05 14:19:15.683837
53,92108,9.8,4,16,2,88014,84503,Male,Tier 2,Store,0,2026-03-05 14:19:15.683837
23,189138,4.5,10,33,2,103758,103719,Female,Tier 1,Store,0,2026-03-05 14:19:15.683837
43,241301,5.7,9,26,14,61208,9366,Other,Tier 3,Online,1,2026-03-05 14:19:15.683837
21,186076,6.0,4,40,6,94654,57868,Male,Tier 2,Store,0,2026-03-05 14:19:15.683837
79,53333,5.6,4,25,3,84769,33909,Male,Tier 2,Hybrid,0,2026-03-05 14:19:15.683837
56,136219,8.7,9,49,5,74036,149413,Female,Tier 3,Store,0,2026-03-05 14:19:15.683837
56,98029,5.3,4,33,12,103151,9230,Male,Tier 2,Online,1,2026-03-05 14:19:15.683837
67,54697,7.4,9,20,6,80742,5541,Other,Tier 1,Online,1,2026-03-05 14:19:15.683837
52,32634,6.1,1,41,12,61355,101399,Female,Tier 3,Store,0,2026-03-05 14:19:15.683837
18,140520,7.9,8,40,17,91107,58637,Female,Tier 3,Store,0,2026-03-05 14:19:15.683837
41,39561,3.3,2,2,10,35797,75668,Other,Tier 2,Store,0,2026-03-05 14:19:15.683837
74,164105,1.5,8,40,6,64473,83319,Male,Tier 2,Store,0,2026-03-05 14:19:15.683837
53,218959,6.1,5,35,11,35066,133301,Female,Tier 3,Store,0,2026-03-05 14:19:15.683837
23,70063,4.3,1,28,6,57651,61073,Female,Tier 2,Store,0,2026-03-05 14:19:15.683837
58,40921,8.9,1,44,9,15770,5308,Other,Tier 2,Online,1,2026-03-05 14:19:15.683837
71,34340,5.8,6,18,13,37615,136757,Female,Tier 3,Store,0,2026-03-05 14:19:15.683837
63,77781,6.4,1,20,4,76035,8875,Female,Tier 3,Hybrid,0,2026-03-05 14:19:15.683837
77,29901,5.4,2,11,18,755,104433,Other,Tier 2,Store,0,2026-03-05 14:19:15.683837
61,25638,4.7,3,43,4,85361,53307,Male,Tier 3,Store,0,2026-03-05 14:19:15.683837
77,184668,6.1,2,22,0,103085,85804,Female,Tier 1,Store,0,2026-03-05 14:19:15.683837
74,232986,8.0,9,46,13,56594,123172,Female,Tier 2,Store,0,2026-03-05 14:19:15.683837
48,59324,5.4,10,27,2,8163,101712,Female,Tier 1,Store,0,2026-03-05 14:19:15.683837
37,103356,5.2,6,11,6,146660,146694,Other,Tier 1,Store,0,2026-03-05 14:19:15.683837
41,236668,7.6,9,1,3,66310,119227,Other,Tier 2,Store,0,2026-03-05 14:19:15.683837
42,47642,2.6,5,29,5,141291,137699,Male,Tier 2,Store,0,2026-03-05 14:19:15.683837
53,40378,8.4,4,11,10,84180,51339,Female,Tier 3,Store,0,2026-03-05 14:19:15.683837
38,65867,4.4,2,38,10,3583,979,Female,Tier 1,Online,1,2026-03-05 14:19:15.683837
47,88686,7.9,4,38,3,44737,129733,Female,Tier 3,Store,0,2026-03-05 14:19:15.683837
41,57875,6.6,8,17,15,17216,71966,Other,Tier 2,Store,0,2026-03-05 14:19:15.683837
61,133171,1.8,2,23,16,68669,114752,Male,Tier 1,Store,0,2026-03-05 14:19:15.683837
59,235667,6.0,8,11,18,129385,86643,Male,Tier 1,Store,0,2026-03-05 14:19:15.683837
47,115061,8.6,2,17,2,144271,97859,Male,Tier 2,Store,0,2026-03-05 14:19:15.683837
39,229801,5.4,1,5,5,78152,29191,Other,Tier 1,Store,0,2026-03-05 14:19:15.683837
45,79377,5.6,4,7,15,136840,96502,Other,Tier 1,Store,0,2026-03-05 14:19:15.683837
24,69691,4.5,7,48,12,77008,118136,Male,Tier 2,Store,0,2026-03-05 14:19:15.683837
52,239409,8.4,2,14,1,46492,73050,Male,Tier 2,Store,0,2026-03-05 14:19:15.683837
72,210375,5.1,3,43,6,57619,29117,Male,Tier 1,Online,1,2026-03-05 14:19:15.683837
45,206911,9.6,6,6,18,66403,14657,Other,Tier 3,Online,1,2026-03-05 14:19:15.683837
31,64063,8.3,2,28,0,51615,19905,Female,Tier 3,Online,1,2026-03-05 14:19:15.683837
73,106782,8.7,9,24,1,98245,147106,Female,Tier 1,Store,0,2026-03-05 14:19:15.683837
27,93343,6.2,6,12,16,56215,136272,Female,Tier 1,Store,0,2026-03-05 14:19:15.683837
33,98071,5.0,6,31,19,145218,103096,Female,Tier 2,Store,0,2026-03-05 14:19:15.683837
33,151564,7.0,8,11,14,2435,126455,Other,Tier 3,Store,0,2026-03-05 14:19:15.683837
71,136399,9.1,1,47,0,149376,19795,Male,Tier 1,Hybrid,0,2026-03-05 14:19:15.683837
48,46357,9.5,10,24,5,85501,72788,Female,Tier 1,Store,0,2026-03-05 14:19:15.683837
59,217910,2.3,3,18,11,118902,48323,Female,Tier 2,Store,0,2026-03-05 14:19:15.683837
42,47314,11.4,2,41,16,116896,147386,Other,Tier 2,Store,0,2026-03-05 14:19:15.683837
30,194769,6.5,1,15,7,23236,75365,Female,Tier 3,Store,0,2026-03-05 14:19:15.683837
23,85283,7.6,6,11,17,133161,20462,Male,Tier 3,Hybrid,0,2026-03-05 14:19:15.683837
61,74567,4.2,4,34,18,12247,103882,Female,Tier 1,Store,0,2026-03-05 14:19:15.683837
26,62006,4.1,6,35,14,138337,62745,Female,Tier 3,Store,0,2026-03-05 14:19:15.683837
62,206083,3.1,8,23,12,123337,81372,Female,Tier 3,Store,0,2026-03-05 14:19:15.683837
53,156758,9.4,7,32,15,106481,111299,Male,Tier 2,Store,0,2026-03-05 14:19:15.683837
73,183521,4.6,3,35,14,114252,61514,Other,Tier 2,Store,0,2026-03-05 14:19:15.683837
60,76606,5.8,3,3,13,54168,1755,Male,Tier 3,Hybrid,0,2026-03-05 14:19:15.683837
37,33891,5.4,6,34,3,19002,61255,Other,Tier 2,Store,0,2026-03-05 14:19:15.683837
35,198187,4.0,1,49,19,63046,98186,Male,Tier 1,Store,0,2026-03-05 14:19:15.683837
75,116732,5.6,3,49,12,35498,131009,Other,Tier 1,Store,0,2026-03-05 14:19:15.683837
60,206791,6.2,8,7,4,77305,134423,Other,Tier 1,Store,0,2026-03-05 14:19:15.683837
74,241536,8.5,3,7,7,36262,52769,Male,Tier 1,Store,0,2026-03-05 14:19:15.683837
38,219102,3.9,1,6,0,76566,8005,Male,Tier 3,Online,1,2026-03-05 14:19:15.683837
21,182795,4.8,10,39,12,121551,79304,Male,Tier 2,Store,0,2026-03-05 14:19:15.683837
67,44877,7.1,9,24,4,35715,126352,Female,Tier 3,Store,0,2026-03-05 14:19:15.683837
50,239589,6.1,2,47,7,39307,48169,Female,Tier 2,Store,0,2026-03-05 14:19:15.683837
44,29026,6.1,7,34,6,52371,43460,Female,Tier 1,Store,0,2026-03-05 14:19:15.683837
24,35422,4.1,8,14,18,94622,60396,Other,Tier 1,Store,0,2026-03-05 14:19:15.683837
23,155316,7.6,3,17,9,148539,88030,Female,Tier 2,Store,0,2026-03-05 14:19:15.683837
32,48481,8.8,7,10,9,129073,75185,Male,Tier 3,Store,0,2026-03-05 14:19:15.683837
35,104180,8.6,10,29,6,109335,3429,Female,Tier 3,Online,1,2026-03-05 14:19:15.683837
49,124384,5.6,4,28,18,101729,132358,Other,Tier 3,Store,0,2026-03-05 14:19:15.683837
73,73031,1.0,2,22,13,133992,108231,Male,Tier 1,Store,0,2026-03-05 14:19:15.683837
28,154593,6.5,4,33,7,39952,120624,Female,Tier 1,Store,0,2026-03-05 14:19:15.683837
37,147818,6.2,8,18,3,38549,111695,Male,Tier 2,Store,0,2026-03-05 14:19:15.683837
41,98127,4.0,2,15,14,5955,22761,Female,Tier 1,Store,0,2026-03-05 14:19:15.683837
32,107254,4.4,6,5,4,60573,134140,Other,Tier 3,Store,0,2026-03-05 14:19:15.683837
65,83232,4.0,10,40,3,31198,103756,Male,Tier 1,Store,0,2026-03-05 14:19:15.683837
24,158084,6.5,3,14,11,101220,38990,Male,Tier 2,Store,0,2026-03-05 14:19:15.683837
38,95224,4.4,3,8,5,80014,78963,Female,Tier 3,Store,0,2026-03-05 14:19:15.683837
59,169529,6.3,6,28,7,77922,5432,Other,Tier 2,Online,1,2026-03-05 14:19:15.683837
43,216644,10.8,3,41,5,92111,10474,Male,Tier 2,Online,1,2026-03-05 14:19:15.683837
61,44960,5.6,2,1,4,73305,129244,Female,Tier 1,Store,0,2026-03-05 14:19:15.683837
73,248094,3.7,2,46,8,24381,87824,Other,Tier 1,Store,0,2026-03-05 14:19:15.683837
31,102695,3.1,3,32,18,104370,69653,Male,Tier 1,Store,0,2026-03-05 14:19:15.683837
74,145066,6.7,2,37,9,141386,141083,Male,Tier 1,Store,0,2026-03-05 14:19:15.683837
54,153982,10.0,6,22,10,86618,1681,Female,Tier 3,Online,1,2026-03-05 14:19:15.683837
75,17693,4.2,4,12,17,47173,94223,Other,Tier 2,Store,0,2026-03-05 14:19:15.683837
38,130313,1.7,1,19,4,112739,42783,Other,Tier 3,Store,0,2026-03-05 14:19:15.683837
35,161930,9.4,3,6,10,65790,20499,Male,Tier 1,Store,0,2026-03-05 14:19:15.683837
22,43810,11.0,10,16,16,147739,11032,Other,Tier 3,Online,1,2026-03-05 14:19:15.683837
20,35092,7.5,3,20,10,59776,23076,Female,Tier 1,Store,0,2026-03-05 14:19:15.683837
40,234851,6.9,4,27,15,140684,132817,Male,Tier 2,Store,0,2026-03-05 14:19:15.683837
43,194772,6.1,6,29,8,116218,116785,Other,Tier 1,Store,0,2026-03-05 14:19:15.683837
54,73105,7.4,1,22,18,84062,7419,Male,Tier 2,Store,0,2026-03-05 14:19:15.683837
41,176577,7.3,2,20,6,67795,141900,Other,Tier 2,Store,0,2026-03-05 14:19:15.683837
66,219300,6.6,10,48,19,94608,84586,Male,Tier 1,Store,0,2026-03-05 14:19:15.683837
36,43555,4.1,3,0,2,125644,106325,Female,Tier 2,Store,0,2026-03-05 14:19:15.683837
68,86934,6.6,5,16,16,140079,76140,Other,Tier 3,Store,0,2026-03-05 14:19:15.683837
42,87788,5.8,7,31,5,39253,127217,Other,Tier 3,Store,0,2026-03-05 14:19:15.683837
38,92257,4.4,1,23,19,20856,18270,Male,Tier 1,Store,0,2026-03-05 14:19:15.683837
29,32939,6.6,2,6,14,136409,104530,Female,Tier 1,Store,0,2026-03-05 14:19:15.683837
74,157897,5.0,4,34,13,81314,97846,Male,Tier 2,Store,0,2026-03-05 14:19:15.683837
78,236859,6.1,10,35,5,16540,103092,Other,Tier 1,Store,0,2026-03-05 14:19:15.683837
58,248563,6.9,1,13,15,75291,45753,Female,Tier 1,Store,0,2026-03-05 14:19:15.683837
50,170223,7.2,1,11,7,143767,55069,Female,Tier 1,Store,0,2026-03-05 14:19:15.683837
67,143068,5.1,9,38,14,31912,61289,Male,Tier 3,Store,0,2026-03-05 14:19:15.683837
70,15036,6.9,6,22,7,2430,43568,Male,Tier 2,Store,0,2026-03-05 14:19:15.683837
21,108948,7.4,2,13,0,53989,131059,Female,Tier 3,Store,0,2026-03-05 14:19:15.683837
59,98707,7.9,10,24,1,53087,47162,Male,Tier 3,Store,0,2026-03-05 14:19:15.683837
74,54051,6.6,7,21,16,15416,145812,Other,Tier 3,Store,0,2026-03-05 14:19:15.683837
24,244369,7.2,10,44,4,65591,35904,Male,Tier 2,Online,1,2026-03-05 14:19:15.683837
39,95738,5.2,6,48,11,67550,76965,Other,Tier 1,Store,0,2026-03-05 14:19:15.683837
72,88596,11.2,6,36,4,25809,147226,Other,Tier 2,Store,0,2026-03-05 14:19:15.683837
50,75071,5.9,8,28,1,10657,61084,Other,Tier 2,Store,0,2026-03-05 14:19:15.683837
34,145613,8.2,10,7,13,76162,92004,Male,Tier 1,Store,0,2026-03-05 14:19:15.683837
41,88601,5.0,3,10,11,9017,51566,Male,Tier 3,Store,0,2026-03-05 14:19:15.683837
78,44873,6.7,10,29,1,38605,3877,Male,Tier 1,Online,1,2026-03-05 14:19:15.683837
78,182720,6.7,2,21,16,77035,144018,Male,Tier 2,Store,0,2026-03-05 14:19:15.683837
51,86468,7.1,9,14,3,58700,108910,Other,Tier 1,Store,0,2026-03-05 14:19:15.683837
45,41470,4.3,5,20,12,98056,142302,Other,Tier 2,Store,0,2026-03-05 14:19:15.683837
75,211201,6.8,6,46,5,113936,55309,Female,Tier 3,Store,0,2026-03-05 14:19:15.683837
60,23328,5.0,7,24,2,144299,5077,Female,Tier 3,Online,1,2026-03-05 14:19:15.683837
58,152405,7.6,2,12,3,83527,19632,Female,Tier 2,Hybrid,0,2026-03-05 14:19:15.683837
56,136173,4.2,6,6,7,93004,97188,Female,Tier 1,Store,0,2026-03-05 14:19:15.683837
39,61638,6.6,1,48,1,8058,141301,Other,Tier 1,Store,0,2026-03-05 14:19:15.683837
66,26268,5.9,9,17,8,117880,49997,Other,Tier 1,Store,0,2026-03-05 14:19:15.683837
34,216675,9.7,6,11,9,90874,135407,Female,Tier 2,Store,0,2026-03-05 14:19:15.683837
51,128920,8.2,7,46,12,19490,103009,Male,Tier 1,Store,0,2026-03-05 14:19:15.683837
23,125379,8.7,5,25,16,24334,137465,Female,Tier 1,Store,0,2026-03-05 14:19:15.683837
63,163117,4.5,2,4,3,60553,127705,Female,Tier 1,Store,0,2026-03-05 14:19:15.683837
23,186813,5.2,4,7,9,72978,82492,Female,Tier 2,Store,0,2026-03-05 14:19:15.683837
51,234378,6.0,5,35,11,53106,31925,Male,Tier 1,Store,0,2026-03-05 14:19:15.683837
18,188842,8.3,10,4,16,103560,27352,Male,Tier 2,Hybrid,0,2026-03-05 14:19:15.683837
27,22887,6.8,2,21,0,28590,62100,Male,Tier 3,Store,0,2026-03-05 14:19:15.683837
38,244790,4.5,9,22,2,62431,36493,Male,Tier 2,Store,0,2026-03-05 14:19:15.683837
22,243978,4.6,2,7,5,8023,101425,Other,Tier 1,Store,0,2026-03-05 14:19:15.683837
19,39918,8.4,2,18,4,112541,124524,Other,Tier 1,Store,0,2026-03-05 14:19:15.683837
39,50497,6.8,2,33,11,139693,71765,Female,Tier 3,Store,0,2026-03-05 14:19:15.683837
65,108562,6.1,2,5,10,21091,61314,Other,Tier 3,Store,0,2026-03-05 14:19:15.683837
74,207081,5.9,5,49,8,95105,50624,Male,Tier 3,Store,0,2026-03-05 14:19:15.683837
19,26929,7.8,7,48,14,676,124973,Male,Tier 3,Store,0,2026-03-05 14:19:15.683837
27,117201,3.9,1,16,13,85608,19148,Male,Tier 3,Store,0,2026-03-05 14:19:15.683837
51,207834,6.1,9,16,18,3468,120234,Other,Tier 3,Store,0,2026-03-05 14:19:15.683837
33,246545,6.2,6,14,12,133819,136387,Other,Tier 1,Store,0,2026-03-05 14:19:15.683837
65,225171,3.5,1,38,6,19515,126186,Other,Tier 2,Store,0,2026-03-05 14:19:15.683837
68,131566,5.6,1,36,10,71841,148147,Other,Tier 3,Store,0,2026-03-05 14:19:15.683837
78,43546,10.6,9,30,1,76573,109978,Male,Tier 1,Store,0,2026-03-05 14:19:15.683837
56,224496,4.3,9,21,0,29552,6173,Male,Tier 3,Online,1,2026-03-05 14:19:15.683837
39,183410,6.3,1,24,6,11845,91198,Female,Tier 2,Store,0,2026-03-05 14:19:15.683837
29,180355,1.8,1,18,1,134579,101498,Male,Tier 3,Store,0,2026-03-05 14:19:15.683837
41,97494,5.7,5,6,18,43898,114461,Male,Tier 1,Store,0,2026-03-05 14:19:15.683837
64,224242,3.9,5,1,13,92962,52143,Male,Tier 1,Store,0,2026-03-05 14:19:15.683837
57,230859,5.3,7,14,10,30614,6657,Other,Tier 3,Online,1,2026-03-05 14:19:15.683837
55,61566,6.9,4,21,4,95836,32168,Other,Tier 3,Store,0,2026-03-05 14:19:15.683837
77,100464,3.7,10,45,10,117714,67642,Female,Tier 3,Store,0,2026-03-05 14:19:15.683837
76,248853,6.5,1,37,13,145714,32870,Male,Tier 1,Store,0,2026-03-05 14:19:15.683837
27,143279,4.4,6,6,8,105947,52673,Male,Tier 1,Store,0,2026-03-05 14:19:15.683837
52,96991,3.3,10,40,0,140698,10346,Female,Tier 2,Online,1,2026-03-05 14:19:15.683837
68,107680,8.0,3,22,5,124265,21382,Female,Tier 1,Online,1,2026-03-05 14:19:15.683837
66,43013,4.1,7,1,6,98775,127546,Other,Tier 2,Store,0,2026-03-05 14:19:15.683837
49,67132,5.2,1,32,12,91399,54409,Other,Tier 3,Store,0,2026-03-05 14:19:15.683837
24,233484,4.9,4,17,9,66949,65389,Female,Tier 1,Store,0,2026-03-05 14:19:15.683837
38,238570,6.4,10,43,19,114786,2309,Other,Tier 2,Online,1,2026-03-05 14:19:15.683837
37,174156,6.1,9,6,8,126233,115653,Other,Tier 1,Store,0,2026-03-05 14:19:15.683837
43,122855,5.7,10,23,16,98285,35422,Female,Tier 3,Store,0,2026-03-05 14:19:15.683837
21,167215,4.6,6,10,3,140938,50644,Male,Tier 1,Store,0,2026-03-05 14:19:15.683837
63,106627,5.5,2,11,13,62018,118036,Male,Tier 1,Store,0,2026-03-05 14:19:15.683837
69,137772,6.6,6,17,5,63335,48365,Male,Tier 3,Store,0,2026-03-05 14:19:15.683837
39,160251,6.2,9,36,0,33753,111412,Male,Tier 1,Store,0,2026-03-05 14:19:15.683837
32,244415,8.2,1,0,10,135550,56254,Other,Tier 2,Store,0,2026-03-05 14:19:15.683837
73,204798,7.5,5,0,10,25795,65613,Female,Tier 1,Store,0,2026-03-05 14:19:15.683837
57,156294,8.2,8,26,16,63855,40762,Other,Tier 2,Store,0,2026-03-05 14:19:15.683837
38,206037,8.7,7,8,6,139295,62101,Female,Tier 2,Store,0,2026-03-05 14:19:15.683837
32,79068,6.4,10,0,8,141017,59245,Female,Tier 1,Store,0,2026-03-05 14:19:15.683837
39,170021,7.7,2,27,15,119066,119254,Other,Tier 1,Store,0,2026-03-05 14:19:15.683837
69,31116,6.7,8,11,8,123935,38587,Male,Tier 3,Store,0,2026-03-05 14:19:15.683837
45,197124,8.7,9,48,4,58214,124961,Female,Tier 2,Store,0,2026-03-05 14:19:15.683837
31,66369,2.5,10,15,5,26578,102022,Female,Tier 2,Store,0,2026-03-05 14:19:15.683837
44,194889,5.4,8,48,7,4152,57010,Male,Tier 1,Store,0,2026-03-05 14:19:15.683837
78,118100,6.8,6,6,8,23400,84251,Female,Tier 2,Store,0,2026-03-05 14:19:15.683837
58,248982,7.1,9,34,12,59383,3694,Male,Tier 1,Online,1,2026-03-05 14:19:15.683837
57,229275,6.0,8,40,2,17357,74739,Male,Tier 1,Store,0,2026-03-05 14:19:15.683837
75,220383,2.7,4,22,17,17761,21535,Female,Tier 2,Hybrid,0,2026-03-05 14:19:15.683837
45,44655,5.6,6,34,4,5743,34119,Female,Tier 1,Store,0,2026-03-05 14:19:15.683837
43,203874,7.6,5,15,19,59837,4764,Male,Tier 2,Online,1,2026-03-05 14:19:15.683837
66,62632,5.4,10,47,0,149710,5250,Male,Tier 1,Online,1,2026-03-05 14:19:15.683837
19,160265,6.2,9,41,12,64696,70439,Male,Tier 1,Store,0,2026-03-05 14:19:15.683837
42,226284,9.8,4,7,19,137046,104759,Male,Tier 3,Store,0,2026-03-05 14:19:15.683837
73,176848,5.6,1,47,17,25639,143733,Other,Tier 3,Store,0,2026-03-05 14:19:15.683837
79,189297,5.7,9,15,9,18069,20137,Other,Tier 3,Store,0,2026-03-05 14:19:15.683837
20,206082,6.4,9,5,19,143119,111679,Other,Tier 1,Store,0,2026-03-05 14:19:15.683837
25,228807,6.5,7,35,17,4054,104769,Male,Tier 1,Store,0,2026-03-05 14:19:15.683837
61,211523,6.3,5,30,3,11906,60273,Male,Tier 1,Store,0,2026-03-05 14:19:15.683837
50,194884,6.8,7,46,0,106959,127117,Other,Tier 2,Store,0,2026-03-05 14:19:15.683837
59,226674,3.6,9,27,6,121891,90813,Other,Tier 3,Store,0,2026-03-05 14:19:15.683837
69,33895,5.8,3,34,14,35143,105351,Male,Tier 2,Store,0,2026-03-05 14:19:15.683837
52,211854,3.5,5,16,13,28175,85759,Female,Tier 1,Store,0,2026-03-05 14:19:15.683837
23,167281,6.1,3,46,2,94056,67642,Female,Tier 1,Store,0,2026-03-05 14:19:15.683837
56,228408,7.2,8,29,19,50376,50443,Other,Tier 2,Store,0,2026-03-05 14:19:15.683837
69,207879,5.7,1,8,18,62391,48361,Other,Tier 1,Store,0,2026-03-05 14:19:15.683837
40,38086,4.1,4,22,7,70158,97290,Other,Tier 3,Store,0,2026-03-05 14:19:15.683837
42,100637,5.1,7,44,18,26016,29356,Male,Tier 1,Store,0,2026-03-05 14:19:15.683837
76,228099,9.6,9,0,17,32253,122032,Male,Tier 3,Store,0,2026-03-05 14:19:15.683837
67,173279,8.9,10,11,13,50338,132802,Male,Tier 3,Store,0,2026-03-05 14:19:15.683837
60,122334,4.9,2,16,5,62773,144448,Other,Tier 2,Store,0,2026-03-05 14:19:15.683837
36,166969,4.9,9,45,18,121630,139333,Other,Tier 2,Store,0,2026-03-05 14:19:15.683837
22,78083,5.8,6,32,11,26012,135690,Male,Tier 2,Store,0,2026-03-05 14:19:15.683837
68,110028,8.5,7,21,14,144668,46476,Male,Tier 3,Store,0,2026-03-05 14:19:15.683837
28,81957,2.5,4,9,3,50978,85709,Other,Tier 3,Store,0,2026-03-05 14:19:15.683837
73,112551,4.9,5,25,18,38373,97980,Other,Tier 2,Store,0,2026-03-05 14:19:15.683837
29,93506,6.8,1,13,4,92724,122626,Other,Tier 1,Store,0,2026-03-05 14:19:15.683837
27,153355,6.6,4,24,3,29343,140453,Female,Tier 3,Store,0,2026-03-05 14:19:15.683837
25,109024,5.1,8,46,8,32300,82372,Male,Tier 2,Store,0,2026-03-05 14:19:15.683837
41,96481,5.5,6,10,18,69617,18856,Female,Tier 1,Store,0,2026-03-05 14:19:15.683837
77,15255,6.7,7,18,5,8655,50026,Male,Tier 2,Store,0,2026-03-05 14:19:15.683837
45,222627,5.2,1,42,7,39622,144518,Other,Tier 2,Store,0,2026-03-05 14:19:15.683837
58,30487,3.9,7,27,1,77076,8743,Other,Tier 3,Online,1,2026-03-05 14:19:15.683837
53,34346,5.6,6,26,7,122930,140208,Male,Tier 2,Store,0,2026-03-05 14:19:15.683837
54,50050,6.4,4,10,10,108471,20633,Male,Tier 2,Store,0,2026-03-05 14:19:15.683837
38,23744,1.8,2,21,1,39662,29533,Male,Tier 1,Store,0,2026-03-05 14:19:15.683837
25,170828,6.8,2,24,13,14310,146510,Male,Tier 2,Store,0,2026-03-05 14:19:15.683837
72,76596,7.9,7,29,16,9018,2440,Other,Tier 1,Online,1,2026-03-05 14:19:15.683837
26,229469,5.3,3,18,4,64680,12495,Other,Tier 1,Online,1,2026-03-05 14:19:15.683837
64,171218,5.3,2,38,4,33987,103380,Female,Tier 3,Store,0,2026-03-05 14:19:15.683837
32,134640,4.5,10,6,0,18854,117671,Male,Tier 1,Store,0,2026-03-05 14:19:15.683837
65,70032,5.7,3,5,5,24432,108774,Female,Tier 2,Store,0,2026-03-05 14:19:15.683837
63,57687,4.9,10,8,6,112319,4363,Other,Tier 2,Online,1,2026-03-05 14:19:15.683837
57,192175,8.9,2,17,13,34174,34714,Male,Tier 1,Store,0,2026-03-05 14:19:15.683837
35,168048,6.2,3,30,13,7188,27334,Male,Tier 2,Store,0,2026-03-05 14:19:15.683837
59,77863,1.7,5,5,15,1333,3453,Female,Tier 1,Store,0,2026-03-05 14:19:15.683837
77,146663,7.1,10,45,8,37101,34334,Female,Tier 1,Hybrid,0,2026-03-05 14:19:15.683837
37,21277,9.4,10,21,17,65419,108634,Male,Tier 3,Store,0,2026-03-05 14:19:15.683837
23,76860,7.0,10,8,8,48347,101153,Male,Tier 1,Store,0,2026-03-05 14:19:15.683837
29,148332,8.4,5,30,3,95700,13105,Female,Tier 1,Online,1,2026-03-05 14:19:15.683837
19,211955,7.4,7,21,6,41494,99080,Other,Tier 2,Store,0,2026-03-05 14:19:15.683837
24,39741,8.0,10,20,4,19206,46472,Other,Tier 2,Store,0,2026-03-05 14:19:15.683837
33,134720,7.9,3,34,16,73101,50178,Other,Tier 2,Store,0,2026-03-05 14:19:15.683837
20,52211,7.9,3,28,9,126393,17957,Male,Tier 1,Online,1,2026-03-05 14:19:15.683837
62,187614,6.6,7,20,1,63528,113704,Male,Tier 2,Store,0,2026-03-05 14:19:15.683837
20,21869,2.6,6,34,2,15017,92857,Male,Tier 1,Store,0,2026-03-05 14:19:15.683837
44,239690,3.8,6,22,6,100557,28559,Male,Tier 3,Store,0,2026-03-05 14:19:15.683837
67,102616,3.9,4,39,4,90802,105092,Male,Tier 2,Store,0,2026-03-05 14:19:15.683837
60,210804,1.0,4,43,9,14542,122167,Female,Tier 3,Store,0,2026-03-05 14:19:15.683837
57,109515,5.1,2,22,3,42749,56605,Female,Tier 1,Store,0,2026-03-05 14:19:15.683837
55,165494,8.8,6,17,1,69073,44786,Male,Tier 1,Store,0,2026-03-05 14:19:15.683837
50,181685,3.1,10,22,16,138197,8285,Other,Tier 1,Hybrid,0,2026-03-05 14:19:15.683837
45,203088,7.5,3,0,18,11668,132889,Female,Tier 3,Store,0,2026-03-05 14:19:15.683837
18,75110,7.1,6,43,8,82876,142003,Other,Tier 3,Store,0,2026-03-05 14:19:15.683837
72,234601,6.5,3,19,18,129966,16323,Male,Tier 3,Store,0,2026-03-05 14:19:15.683837
25,223994,8.4,3,15,2,50290,5281,Female,Tier 3,Online,1,2026-03-05 14:19:15.683837
54,49033,5.9,1,8,6,149652,23346,Female,Tier 1,Store,0,2026-03-05 14:19:15.683837
49,60213,9.0,5,24,11,45744,81947,Female,Tier 3,Store,0,2026-03-05 14:19:15.683837
77,208065,5.6,2,37,11,115176,26704,Other,Tier 2,Store,0,2026-03-05 14:19:15.683837
65,27938,6.7,10,24,18,19843,134002,Male,Tier 3,Store,0,2026-03-05 14:19:15.683837
60,145842,5.7,2,37,6,137925,137035,Female,Tier 3,Store,0,2026-03-05 14:19:15.683837
54,222767,4.2,9,6,7,70323,92724,Other,Tier 2,Store,0,2026-03-05 14:19:15.683837
21,17274,3.3,2,45,2,82607,132806,Other,Tier 1,Store,0,2026-03-05 14:19:15.683837
47,99390,7.2,2,15,4,24166,55635,Other,Tier 2,Store,0,2026-03-05 14:19:15.683837
23,177887,8.7,6,34,12,68048,142819,Other,Tier 3,Store,0,2026-03-05 14:19:15.683837
63,222090,6.5,10,30,0,102808,56634,Female,Tier 1,Store,0,2026-03-05 14:19:15.683837
71,165033,7.0,1,0,17,3449,2930,Other,Tier 2,Store,0,2026-03-05 14:19:15.683837
36,35044,2.9,8,19,14,53304,56235,Other,Tier 1,Store,0,2026-03-05 14:19:15.683837
49,114372,6.8,1,48,12,76542,74180,Male,Tier 3,Store,0,2026-03-05 14:19:15.683837
26,168047,1.8,9,26,7,69979,82744,Other,Tier 2,Store,0,2026-03-05 14:19:15.683837
29,29706,3.6,4,0,4,83054,40758,Male,Tier 1,Store,0,2026-03-05 14:19:15.683837
28,152046,8.7,3,36,6,139472,122660,Other,Tier 1,Store,0,2026-03-05 14:19:15.683837
63,91464,6.0,7,23,14,112145,112208,Female,Tier 3,Store,0,2026-03-05 14:19:15.683837
72,36213,6.2,8,48,6,18214,145177,Female,Tier 3,Store,0,2026-03-05 14:19:15.683837
33,16950,7.1,5,4,2,111181,38691,Other,Tier 1,Store,0,2026-03-05 14:19:15.683837
18,231085,7.6,3,10,16,26502,84313,Female,Tier 3,Store,0,2026-03-05 14:19:15.683837
62,25411,5.5,4,34,8,42040,131977,Other,Tier 2,Store,0,2026-03-05 14:19:15.683837
72,143603,6.6,10,28,0,55376,80029,Female,Tier 2,Store,0,2026-03-05 14:19:15.683837
70,233303,5.9,6,22,14,14089,130993,Female,Tier 3,Store,0,2026-03-05 14:19:15.683837
38,192228,2.9,5,9,2,125600,36925,Other,Tier 1,Store,0,2026-03-05 14:19:15.683837
47,77744,5.3,4,29,5,14636,102027,Female,Tier 3,Store,0,2026-03-05 14:19:15.683837
30,163843,6.8,3,30,4,7335,10084,Male,Tier 1,Store,0,2026-03-05 14:19:15.683837
51,215882,5.2,6,23,3,44109,26086,Male,Tier 1,Store,0,2026-03-05 14:19:15.683837
21,50053,5.2,7,13,10,133238,94676,Female,Tier 2,Store,0,2026-03-05 14:19:15.683837
45,198148,7.6,2,10,10,25111,63595,Other,Tier 3,Store,0,2026-03-05 14:19:15.683837
55,153117,6.3,6,0,13,55343,91401,Male,Tier 1,Store,0,2026-03-05 14:19:15.683837
75,72623,6.7,3,43,16,139883,42130,Other,Tier 3,Store,0,2026-03-05 14:19:15.683837
48,44714,2.8,10,25,19,76756,82862,Male,Tier 1,Store,0,2026-03-05 14:19:15.683837
76,180458,6.9,8,19,19,112530,106139,Other,Tier 3,Store,0,2026-03-05 14:19:15.683837
72,124283,3.8,2,1,8,118855,135756,Male,Tier 3,Store,0,2026-03-05 14:19:15.683837
44,23562,6.0,5,32,0,22241,142596,Male,Tier 2,Store,0,2026-03-05 14:19:15.683837
22,70048,3.9,8,46,13,65374,33723,Other,Tier 3,Store,0,2026-03-05 14:19:15.683837
42,108295,7.9,9,44,4,111686,35063,Female,Tier 1,Online,1,2026-03-05 14:19:15.683837
20,27026,9.7,7,44,7,85531,80199,Female,Tier 3,Store,0,2026-03-05 14:19:15.683837
50,121147,5.7,9,44,4,7529,27374,Female,Tier 3,Online,1,2026-03-05 14:19:15.683837
21,46589,5.7,9,16,1,87466,14735,Female,Tier 1,Online,1,2026-03-05 14:19:15.683837
42,123199,8.1,8,5,1,55346,79893,Other,Tier 1,Store,0,2026-03-05 14:19:15.683837
37,112274,7.1,7,11,12,21023,146235,Male,Tier 3,Store,0,2026-03-05 14:19:15.683837
51,41844,5.9,6,14,18,77796,88163,Male,Tier 3,Store,0,2026-03-05 14:19:15.683837
43,169519,6.7,3,2,17,45751,56674,Other,Tier 3,Store,0,2026-03-05 14:19:15.683837
79,105415,10.1,8,21,14,32495,68855,Female,Tier 1,Store,0,2026-03-05 14:19:15.683837
79,223574,4.7,3,37,13,122868,49029,Other,Tier 3,Store,0,2026-03-05 14:19:15.683837
22,229340,4.8,9,20,0,4812,135311,Male,Tier 1,Store,0,2026-03-05 14:19:15.683837
52,69708,7.6,9,34,19,49867,91873,Female,Tier 1,Store,0,2026-03-05 14:19:15.683837
78,209997,10.2,10,43,10,121871,113635,Female,Tier 1,Store,0,2026-03-05 14:19:15.683837
45,85825,6.4,10,42,18,41141,13157,Female,Tier 2,Hybrid,0,2026-03-05 14:19:15.683837
46,66574,2.6,9,26,7,74554,109112,Male,Tier 1,Store,0,2026-03-05 14:19:15.683837
26,100548,6.8,4,5,0,73534,146284,Female,Tier 2,Store,0,2026-03-05 14:19:15.683837
69,164884,5.0,9,10,10,22609,68247,Female,Tier 1,Store,0,2026-03-05 14:19:15.683837
55,247409,7.0,2,16,9,8390,36391,Female,Tier 3,Store,0,2026-03-05 14:19:15.683837
67,201381,3.3,1,35,5,11951,102682,Male,Tier 3,Store,0,2026-03-05 14:19:15.683837
23,79230,3.0,8,30,12,141468,142977,Other,Tier 2,Store,0,2026-03-05 14:19:15.683837
36,187700,5.4,6,42,0,37443,50414,Male,Tier 2,Store,0,2026-03-05 14:19:15.683837
77,55581,9.3,10,12,8,24461,104047,Male,Tier 1,Store,0,2026-03-05 14:19:15.683837
61,192700,3.3,9,47,17,3605,23930,Male,Tier 2,Store,0,2026-03-05 14:19:15.683837
74,234700,5.4,9,28,19,96257,34051,Male,Tier 1,Store,0,2026-03-05 14:19:15.683837
28,40105,3.1,3,37,10,36069,93788,Other,Tier 3,Store,0,2026-03-05 14:19:15.683837
19,94830,6.6,2,19,15,83896,79517,Female,Tier 3,Store,0,2026-03-05 14:19:15.683837
64,84157,6.4,7,37,2,98393,62516,Male,Tier 2,Store,0,2026-03-05 14:19:15.683837
61,178514,3.2,5,48,9,53575,116338,Other,Tier 1,Store,0,2026-03-05 14:19:15.683837
61,102235,8.6,10,34,1,27097,49105,Other,Tier 2,Store,0,2026-03-05 14:19:15.683837
26,17347,2.2,6,38,7,39527,84274,Female,Tier 2,Store,0,2026-03-05 14:19:15.683837
38,241094,9.2,5,0,17,99864,103114,Other,Tier 2,Store,0,2026-03-05 14:19:15.683837
41,62650,8.7,4,43,2,72122,131633,Male,Tier 2,Store,0,2026-03-05 14:19:15.683837
51,163182,6.6,1,49,5,94185,112673,Other,Tier 2,Store,0,2026-03-05 14:19:15.683837
39,208242,7.8,4,12,12,81109,65793,Female,Tier 3,Store,0,2026-03-05 14:19:15.683837
20,150995,5.6,10,26,18,96147,3137,Other,Tier 1,Online,1,2026-03-05 14:19:15.683837
29,197873,2.9,3,2,13,64627,48158,Female,Tier 1,Store,0,2026-03-05 14:19:15.683837
45,208843,6.5,3,19,12,17788,50036,Male,Tier 3,Store,0,2026-03-05 14:19:15.683837
47,139926,2.9,5,27,14,28211,114447,Female,Tier 1,Store,0,2026-03-05 14:19:15.683837
43,96147,6.0,1,5,18,52351,92678,Male,Tier 2,Store,0,2026-03-05 14:19:15.683837
65,63135,3.5,6,45,17,54275,128980,Female,Tier 1,Store,0,2026-03-05 14:19:15.683837
38,34199,8.0,2,45,11,36956,43495,Male,Tier 3,Store,0,2026-03-05 14:19:15.683837
45,155138,6.8,1,8,7,115269,57815,Male,Tier 3,Store,0,2026-03-05 14:19:15.683837
73,116583,7.4,8,44,13,23508,132603,Male,Tier 3,Store,0,2026-03-05 14:19:15.683837
43,198208,6.7,10,32,0,15746,109658,Female,Tier 2,Store,0,2026-03-05 14:19:15.683837
79,107290,9.8,3,3,0,31754,106951,Male,Tier 3,Store,0,2026-03-05 14:19:15.683837
50,182647,8.0,6,12,0,81407,114223,Male,Tier 1,Store,0,2026-03-05 14:19:15.683837
38,235868,9.4,2,37,16,54506,7711,Female,Tier 2,Online,1,2026-03-05 14:19:15.683837
52,135787,4.2,5,0,17,145526,53360,Female,Tier 2,Store,0,2026-03-05 14:19:15.683837
69,192805,4.9,9,45,19,123696,48292,Other,Tier 3,Store,0,2026-03-05 14:19:15.683837
51,129427,1.2,7,24,14,121460,14665,Female,Tier 1,Online,1,2026-03-05 14:19:15.683837
58,163063,5.2,4,0,18,98769,100706,Other,Tier 2,Store,0,2026-03-05 14:19:15.683837
68,168625,5.9,3,31,8,13165,139171,Other,Tier 3,Store,0,2026-03-05 14:19:15.683837
64,235782,6.9,9,41,1,112317,17601,Male,Tier 1,Online,1,2026-03-05 14:19:15.683837
35,102493,4.9,4,48,7,62562,12042,Other,Tier 3,Online,1,2026-03-05 14:19:15.683837
75,146706,7.5,5,18,7,107228,678,Other,Tier 3,Online,1,2026-03-05 14:19:15.683837
28,241489,7.3,6,16,14,28388,87096,Other,Tier 1,Store,0,2026-03-05 14:19:15.683837
74,27771,5.1,10,38,10,69447,25766,Female,Tier 2,Online,1,2026-03-05 14:19:15.683837
40,140607,4.1,5,40,14,44308,123720,Male,Tier 1,Store,0,2026-03-05 14:19:15.683837
65,164370,6.1,9,11,18,84833,7940,Other,Tier 3,Online,1,2026-03-05 14:19:15.683837
39,94876,6.2,1,19,10,71996,44476,Male,Tier 2,Store,0,2026-03-05 14:19:15.683837
34,244964,4.8,6,21,0,12801,106227,Female,Tier 3,Store,0,2026-03-05 14:19:15.683837
22,182071,5.5,4,44,16,147984,89284,Other,Tier 2,Store,0,2026-03-05 14:19:15.683837
61,217959,3.2,4,30,10,138369,55180,Male,Tier 3,Store,0,2026-03-05 14:19:15.683837
28,74648,7.4,3,33,13,121682,11349,Female,Tier 2,Hybrid,0,2026-03-05 14:19:15.683837
47,208740,7.4,5,22,11,53882,47694,Male,Tier 3,Store,0,2026-03-05 14:19:15.683837
32,215446,6.1,8,43,11,25503,113036,Other,Tier 3,Store,0,2026-03-05 14:19:15.683837
44,213581,7.5,4,18,3,104774,47117,Male,Tier 3,Store,0,2026-03-05 14:19:15.683837
52,249420,6.3,7,48,14,43837,17650,Other,Tier 1,Store,0,2026-03-05 14:19:15.683837
50,90783,9.2,8,1,8,52258,64846,Male,Tier 1,Store,0,2026-03-05 14:19:15.683837
37,59440,3.4,5,1,14,20355,101663,Female,Tier 3,Store,0,2026-03-05 14:19:15.683837
78,46655,6.4,10,37,1,21747,109915,Other,Tier 3,Store,0,2026-03-05 14:19:15.683837
33,58039,7.8,1,38,15,9112,56468,Other,Tier 3,Store,0,2026-03-05 14:19:15.683837
51,70255,9.0,8,36,0,58634,32688,Female,Tier 3,Hybrid,0,2026-03-05 14:19:15.683837
19,87219,7.6,10,11,15,121490,113404,Male,Tier 2,Store,0,2026-03-05 14:19:15.683837
52,201061,3.9,3,27,14,87853,107670,Male,Tier 2,Store,0,2026-03-05 14:19:15.683837
57,26244,2.7,4,10,13,43442,46075,Female,Tier 3,Store,0,2026-03-05 14:19:15.683837
73,109594,5.7,10,41,2,77173,48311,Other,Tier 3,Store,0,2026-03-05 14:19:15.683837
45,73595,6.7,7,48,5,123721,113528,Other,Tier 3,Store,0,2026-03-05 14:19:15.683837
64,185623,7.9,9,28,10,133597,121566,Male,Tier 3,Store,0,2026-03-05 14:19:15.683837
56,209302,3.8,4,20,6,71536,131329,Female,Tier 1,Store,0,2026-03-05 14:19:15.683837
23,118898,7.2,4,28,13,23017,40255,Female,Tier 3,Store,0,2026-03-05 14:19:15.683837
26,43371,1.0,6,28,9,50423,113656,Female,Tier 1,Store,0,2026-03-05 14:19:15.683837
37,215430,4.5,9,39,3,93681,34826,Male,Tier 2,Store,0,2026-03-05 14:19:15.683837
77,174950,7.7,4,41,0,138537,43936,Other,Tier 2,Store,0,2026-03-05 14:19:15.683837
18,182229,3.6,10,11,3,19100,128024,Female,Tier 3,Store,0,2026-03-05 14:19:15.683837
25,20914,3.8,8,1,14,7676,133682,Male,Tier 1,Store,0,2026-03-05 14:19:15.683837
72,229772,4.9,3,39,5,149446,148068,Other,Tier 1,Store,0,2026-03-05 14:19:15.683837
40,42180,6.4,2,37,18,24554,13660,Female,Tier 2,Online,1,2026-03-05 14:19:15.683837
20,149760,3.8,4,32,17,67368,144033,Male,Tier 2,Store,0,2026-03-05 14:19:15.683837
21,95219,5.9,4,44,9,132403,118764,Other,Tier 1,Store,0,2026-03-05 14:19:15.683837
75,93616,5.1,7,45,3,93971,72554,Other,Tier 2,Store,0,2026-03-05 14:19:15.683837
42,242561,8.3,7,9,15,85683,48099,Other,Tier 1,Store,0,2026-03-05 14:19:15.683837
64,155988,5.0,9,40,18,46022,29890,Male,Tier 3,Store,0,2026-03-05 14:19:15.683837
55,202435,6.1,10,10,10,7713,57622,Male,Tier 1,Store,0,2026-03-05 14:19:15.683837
32,110213,6.3,2,15,9,115050,39778,Other,Tier 1,Store,0,2026-03-05 14:19:15.683837
38,173432,5.2,4,7,15,139597,50635,Female,Tier 1,Store,0,2026-03-05 14:19:15.683837
52,52805,7.5,3,46,14,130358,28190,Male,Tier 3,Store,0,2026-03-05 14:19:15.683837
74,159525,8.0,3,45,16,147050,88106,Female,Tier 2,Store,0,2026-03-05 14:19:15.683837
70,141599,5.0,7,3,1,93395,92749,Male,Tier 2,Store,0,2026-03-05 14:19:15.683837
70,168775,6.6,10,43,13,127115,42261,Female,Tier 3,Hybrid,0,2026-03-05 14:19:15.683837
63,205093,4.1,6,27,7,34627,13703,Female,Tier 1,Online,1,2026-03-05 14:19:15.683837
69,89176,7.1,3,16,14,65839,29492,Female,Tier 2,Store,0,2026-03-05 14:19:15.683837
31,109799,6.5,8,17,0,39760,134083,Female,Tier 2,Store,0,2026-03-05 14:19:15.683837
53,113385,5.3,8,4,5,30081,51179,Other,Tier 1,Store,0,2026-03-05 14:19:15.683837
29,227686,6.7,7,7,19,79101,146496,Other,Tier 2,Store,0,2026-03-05 14:19:15.683837
34,103919,7.2,9,4,18,17592,86512,Female,Tier 3,Store,0,2026-03-05 14:19:15.683837
56,227144,8.5,3,34,10,142368,89490,Male,Tier 1,Store,0,2026-03-05 14:19:15.683837
26,153482,6.8,5,22,5,47327,106656,Male,Tier 3,Store,0,2026-03-05 14:19:15.683837
52,96462,7.8,6,21,18,109669,73124,Female,Tier 2,Store,0,2026-03-05 14:19:15.683837
77,194340,9.8,9,47,3,67326,132780,Female,Tier 1,Store,0,2026-03-05 14:19:15.683837
30,180320,3.9,4,1,9,123604,22516,Male,Tier 1,Store,0,2026-03-05 14:19:15.683837
32,46159,8.3,5,35,10,99740,131811,Male,Tier 3,Store,0,2026-03-05 14:19:15.683837
35,57039,4.2,9,2,7,121379,123280,Male,Tier 1,Store,0,2026-03-05 14:19:15.683837
68,247974,4.6,4,27,8,29160,2882,Female,Tier 1,Online,1,2026-03-05 14:19:15.683837
50,62800,6.0,2,43,0,102044,147420,Other,Tier 3,Store,0,2026-03-05 14:19:15.683837
23,55761,4.7,9,22,18,27595,582,Male,Tier 2,Online,1,2026-03-05 14:19:15.683837
76,109626,4.4,3,8,16,28570,61910,Male,Tier 2,Store,0,2026-03-05 14:19:15.683837
44,232175,5.9,6,18,8,123963,22326,Female,Tier 1,Store,0,2026-03-05 14:19:15.683837
40,133368,5.3,9,22,16,47997,67613,Female,Tier 2,Store,0,2026-03-05 14:19:15.683837
76,189735,4.7,3,12,11,83006,67174,Female,Tier 2,Store,0,2026-03-05 14:19:15.683837
44,95903,4.1,8,45,13,95208,134726,Female,Tier 2,Store,0,2026-03-05 14:19:15.683837
51,186484,8.9,9,8,8,66113,41321,Male,Tier 1,Store,0,2026-03-05 14:19:15.683837
73,133998,3.6,3,4,6,14392,64202,Other,Tier 1,Store,0,2026-03-05 14:19:15.683837
63,181439,5.7,3,39,15,17395,60210,Female,Tier 3,Store,0,2026-03-05 14:19:15.683837
55,151885,8.2,4,29,13,60684,73658,Male,Tier 3,Store,0,2026-03-05 14:19:15.683837
31,74894,7.6,1,22,5,51213,36475,Female,Tier 3,Store,0,2026-03-05 14:19:15.683837
53,248229,6.5,2,32,14,83999,136760,Female,Tier 1,Store,0,2026-03-05 14:19:15.683837
70,66444,4.8,1,20,12,38229,23001,Male,Tier 3,Store,0,2026-03-05 14:19:15.683837
25,180341,6.0,3,47,19,64977,134889,Other,Tier 3,Store,0,2026-03-05 14:19:15.683837
79,76748,3.8,6,12,4,34663,36524,Male,Tier 3,Store,0,2026-03-05 14:19:15.683837
52,56190,5.4,8,41,14,108519,22608,Male,Tier 3,Online,1,2026-03-05 14:19:15.683837
36,55318,5.4,5,40,17,41111,141584,Male,Tier 2,Store,0,2026-03-05 14:19:15.683837
47,183090,5.6,8,47,12,144901,24744,Female,Tier 1,Online,1,2026-03-05 14:19:15.683837
31,139078,4.4,6,40,10,49919,104708,Female,Tier 2,Store,0,2026-03-05 14:19:15.683837
76,54759,2.6,1,11,10,59321,33582,Male,Tier 3,Store,0,2026-03-05 14:19:15.683837
37,31498,8.5,3,21,11,19326,84930,Other,Tier 3,Store,0,2026-03-05 14:19:15.683837
66,40989,8.1,2,3,18,135922,8906,Other,Tier 2,Store,0,2026-03-05 14:19:15.683837
42,248782,7.7,6,8,11,41628,72361,Male,Tier 3,Store,0,2026-03-05 14:19:15.683837
57,171640,6.8,8,30,18,111955,148715,Other,Tier 2,Store,0,2026-03-05 14:19:15.683837
41,132035,6.3,6,49,18,137162,143390,Female,Tier 3,Store,0,2026-03-05 14:19:15.683837
31,81577,4.6,4,47,0,868,40806,Female,Tier 3,Store,0,2026-03-05 14:19:15.683837
43,120231,4.8,4,1,13,76241,59640,Other,Tier 1,Store,0,2026-03-05 14:19:15.683837
55,176171,8.9,9,45,16,146103,105598,Female,Tier 1,Store,0,2026-03-05 14:19:15.683837
40,104900,9.4,1,35,1,56984,49801,Other,Tier 3,Store,0,2026-03-05 14:19:15.683837
39,186711,5.6,2,10,6,120559,62901,Female,Tier 2,Store,0,2026-03-05 14:19:15.683837
65,119679,6.0,4,28,5,132985,76777,Other,Tier 1,Store,0,2026-03-05 14:19:15.683837
74,38482,7.5,3,35,19,95632,19549,Male,Tier 2,Store,0,2026-03-05 14:19:15.683837
36,84212,6.2,9,33,19,71096,131683,Male,Tier 1,Store,0,2026-03-05 14:19:15.683837
63,201333,6.3,5,46,0,20704,132466,Other,Tier 1,Store,0,2026-03-05 14:19:15.683837
68,233389,5.9,8,49,5,85019,80038,Male,Tier 2,Store,0,2026-03-05 14:19:15.683837
20,45048,4.1,4,8,14,135539,3310,Female,Tier 2,Online,1,2026-03-05 14:19:15.683837
59,149137,5.3,4,11,16,91995,61420,Female,Tier 1,Store,0,2026-03-05 14:19:15.683837
36,148108,5.7,10,20,3,39087,13611,Other,Tier 1,Online,1,2026-03-05 14:19:15.683837
26,50814,1.0,3,4,1,94107,43081,Female,Tier 1,Store,0,2026-03-05 14:19:15.683837
45,205766,6.2,9,6,15,20810,103162,Female,Tier 2,Store,0,2026-03-05 14:19:15.683837
37,162996,10.6,10,43,12,3982,39769,Female,Tier 1,Hybrid,0,2026-03-05 14:19:15.683837
62,144493,5.1,2,36,10,51160,78072,Male,Tier 3,Store,0,2026-03-05 14:19:15.683837
24,75204,6.1,3,2,10,137395,32878,Female,Tier 1,Store,0,2026-03-05 14:19:15.683837
31,47844,4.3,3,14,15,114688,28973,Female,Tier 1,Store,0,2026-03-05 14:19:15.683837
26,96943,3.8,3,18,9,21481,4405,Female,Tier 1,Online,1,2026-03-05 14:19:15.683837
76,36518,5.4,4,48,3,56002,22108,Male,Tier 1,Online,1,2026-03-05 14:19:15.683837
77,163131,7.3,5,2,18,117072,33738,Other,Tier 2,Store,0,2026-03-05 14:19:15.683837
72,38052,5.5,6,19,6,131906,55960,Other,Tier 1,Store,0,2026-03-05 14:19:15.683837
74,84803,5.3,5,14,17,25356,108983,Male,Tier 3,Store,0,2026-03-05 14:19:15.683837
77,86524,7.0,9,37,11,136776,40735,Other,Tier 2,Store,0,2026-03-05 14:19:15.683837
36,239582,6.4,7,10,9,9276,66105,Male,Tier 3,Store,0,2026-03-05 14:19:15.683837
64,104572,6.6,7,13,14,141260,103507,Male,Tier 1,Store,0,2026-03-05 14:19:15.683837
69,154752,8.4,7,3,11,149220,63794,Male,Tier 3,Store,0,2026-03-05 14:19:15.683837
31,82021,8.1,7,34,0,79178,53097,Other,Tier 3,Store,0,2026-03-05 14:19:15.683837
73,226321,9.0,2,7,9,88145,142819,Male,Tier 2,Store,0,2026-03-05 14:19:15.683837
55,35043,3.6,8,20,10,38732,35017,Male,Tier 3,Store,0,2026-03-05 14:19:15.683837
70,17419,7.7,10,34,19,37782,26198,Male,Tier 3,Online,1,2026-03-05 14:19:15.683837
78,202964,9.3,1,3,18,95905,67241,Female,Tier 2,Store,0,2026-03-05 14:19:15.683837
53,136831,2.7,6,35,14,130906,35924,Other,Tier 1,Store,0,2026-03-05 14:19:15.683837
57,116799,6.0,3,13,2,119307,133447,Male,Tier 1,Store,0,2026-03-05 14:19:15.683837
34,163212,4.9,6,43,15,31272,71930,Male,Tier 3,Store,0,2026-03-05 14:19:15.683837
47,189556,6.0,6,2,19,37467,5237,Female,Tier 2,Online,1,2026-03-05 14:19:15.683837
26,209941,8.3,8,19,15,95318,17637,Female,Tier 2,Store,0,2026-03-05 14:19:15.683837
50,191282,3.2,4,7,9,26319,125715,Other,Tier 3,Store,0,2026-03-05 14:19:15.683837
73,72600,6.5,3,13,14,33891,23195,Female,Tier 2,Store,0,2026-03-05 14:19:15.683837
69,131467,4.9,2,0,7,128856,88159,Female,Tier 3,Store,0,2026-03-05 14:19:15.683837
42,93497,8.4,6,19,1,31644,47221,Female,Tier 2,Store,0,2026-03-05 14:19:15.683837
31,123611,6.8,3,13,3,95286,132454,Male,Tier 1,Store,0,2026-03-05 14:19:15.683837
28,152559,5.7,4,27,13,27551,56566,Other,Tier 1,Store,0,2026-03-05 14:19:15.683837
70,75692,4.6,9,38,17,103653,47169,Male,Tier 1,Store,0,2026-03-05 14:19:15.683837
52,77112,11.3,7,44,2,16494,69477,Male,Tier 1,Store,0,2026-03-05 14:19:15.683837
58,177182,6.6,1,8,2,36590,110793,Other,Tier 2,Store,0,2026-03-05 14:19:15.683837
76,31360,3.2,4,22,4,124397,98199,Female,Tier 2,Store,0,2026-03-05 14:19:15.683837
31,195482,4.4,8,15,1,20969,121218,Male,Tier 1,Store,0,2026-03-05 14:19:15.683837
47,248451,6.8,10,47,5,60857,68539,Male,Tier 3,Store,0,2026-03-05 14:19:15.683837
58,236490,4.5,4,26,3,25506,98306,Male,Tier 1,Store,0,2026-03-05 14:19:15.683837
21,98038,4.8,1,39,1,65205,78930,Male,Tier 1,Store,0,2026-03-05 14:19:15.683837
76,219239,8.0,10,7,18,32264,73895,Female,Tier 2,Store,0,2026-03-05 14:19:15.683837
21,18017,7.8,2,27,14,88638,133305,Other,Tier 3,Store,0,2026-03-05 14:19:15.683837
45,101261,4.9,5,17,1,121538,47647,Female,Tier 3,Store,0,2026-03-05 14:19:15.683837
25,206196,8.3,6,33,3,101631,87063,Female,Tier 3,Store,0,2026-03-05 14:19:15.683837
19,236370,4.6,1,1,13,107530,142755,Male,Tier 3,Store,0,2026-03-05 14:19:15.683837
58,197021,9.4,5,23,11,4319,37211,Female,Tier 2,Store,0,2026-03-05 14:19:15.683837
78,204340,7.1,8,9,2,98930,131049,Male,Tier 2,Store,0,2026-03-05 14:19:15.683837
63,81320,6.6,8,48,7,64720,16636,Female,Tier 3,Online,1,2026-03-05 14:19:15.683837
39,239628,5.2,2,39,19,97799,104874,Other,Tier 1,Store,0,2026-03-05 14:19:15.683837
58,227373,4.8,9,7,9,56617,1690,Other,Tier 2,Online,1,2026-03-05 14:19:15.683837
73,46127,1.3,2,4,18,89030,104375,Female,Tier 1,Store,0,2026-03-05 14:19:15.683837
72,149268,5.4,4,2,14,12889,18140,Female,Tier 3,Store,0,2026-03-05 14:19:15.683837
33,90088,6.0,10,32,13,109923,77996,Other,Tier 2,Store,0,2026-03-05 14:19:15.683837
46,187372,2.3,4,29,18,91585,42214,Female,Tier 3,Store,0,2026-03-05 14:19:15.683837
79,195786,7.6,4,38,19,88349,33158,Female,Tier 1,Store,0,2026-03-05 14:19:15.683837
66,46921,5.7,7,6,18,80081,124547,Other,Tier 1,Store,0,2026-03-05 14:19:15.683837
65,19746,8.4,8,44,13,136232,32968,Female,Tier 1,Store,0,2026-03-05 14:19:15.683837
47,83535,4.6,8,20,5,52477,43603,Female,Tier 1,Store,0,2026-03-05 14:19:15.683837
29,80350,8.5,4,37,7,64867,33166,Female,Tier 3,Store,0,2026-03-05 14:19:15.683837
52,196417,5.1,4,12,18,94431,33344,Female,Tier 1,Store,0,2026-03-05 14:19:15.683837
28,195292,5.9,6,24,2,4081,86872,Male,Tier 2,Store,0,2026-03-05 14:19:15.683837
63,96131,6.4,9,1,2,29963,122606,Male,Tier 3,Store,0,2026-03-05 14:19:15.683837
67,37063,5.9,5,1,3,1593,47748,Male,Tier 1,Store,0,2026-03-05 14:19:15.683837
38,132116,6.6,2,1,6,88440,46695,Other,Tier 2,Store,0,2026-03-05 14:19:15.683837
38,217808,2.2,9,14,1,117137,48152,Other,Tier 1,Store,0,2026-03-05 14:19:15.683837
22,249772,5.7,9,14,12,55414,114611,Female,Tier 2,Store,0,2026-03-05 14:19:15.683837
65,103913,5.8,1,17,10,74859,58992,Female,Tier 3,Store,0,2026-03-05 14:19:15.683837
37,93946,2.0,9,4,12,147605,15752,Male,Tier 2,Store,0,2026-03-05 14:19:15.683837
54,192043,7.3,7,25,1,129117,118560,Male,Tier 3,Store,0,2026-03-05 14:19:15.683837
20,149670,4.2,1,29,3,122044,91518,Female,Tier 2,Store,0,2026-03-05 14:19:15.683837
61,25564,7.9,2,13,15,5819,137950,Male,Tier 3,Store,0,2026-03-05 14:19:15.683837
50,242506,6.2,2,4,14,47522,18437,Other,Tier 3,Store,0,2026-03-05 14:19:15.683837
70,64725,4.9,8,39,14,40622,52183,Other,Tier 3,Store,0,2026-03-05 14:19:15.683837
78,101134,8.0,1,20,2,11865,137883,Female,Tier 3,Store,0,2026-03-05 14:19:15.683837
26,120940,9.3,3,42,12,86719,55352,Other,Tier 3,Store,0,2026-03-05 14:19:15.683837
78,206012,6.1,1,7,16,29759,110549,Other,Tier 3,Store,0,2026-03-05 14:19:15.683837
26,77085,8.7,5,5,17,2593,131799,Male,Tier 3,Store,0,2026-03-05 14:19:15.683837
21,32862,5.6,4,25,15,25221,31201,Male,Tier 1,Store,0,2026-03-05 14:19:15.683837
52,25265,7.9,3,3,0,45828,67386,Male,Tier 1,Store,0,2026-03-05 14:19:15.683837
34,155777,5.3,8,29,13,136344,54364,Female,Tier 2,Store,0,2026-03-05 14:19:15.683837
51,201351,9.7,7,34,1,142354,102720,Male,Tier 2,Store,0,2026-03-05 14:19:15.683837
41,77471,8.2,4,26,5,112626,100560,Female,Tier 2,Store,0,2026-03-05 14:19:15.683837
49,106080,6.9,1,26,11,115411,114157,Female,Tier 2,Store,0,2026-03-05 14:19:15.683837
18,225906,1.0,7,43,7,28120,109630,Other,Tier 3,Store,0,2026-03-05 14:19:15.683837
25,209051,6.9,3,42,6,26408,103231,Male,Tier 3,Store,0,2026-03-05 14:19:15.683837
62,70828,3.5,5,4,17,124573,49296,Other,Tier 1,Store,0,2026-03-05 14:19:15.683837
40,244278,6.7,8,39,10,82903,1194,Female,Tier 1,Online,1,2026-03-05 14:19:15.683837
64,131884,8.6,9,10,19,37110,106702,Other,Tier 2,Store,0,2026-03-05 14:19:15.683837
57,123007,7.4,10,42,1,33613,125666,Male,Tier 2,Store,0,2026-03-05 14:19:15.683837
29,61104,7.7,10,34,10,47534,115968,Other,Tier 3,Store,0,2026-03-05 14:19:15.683837
71,55934,5.3,7,10,7,77139,4868,Male,Tier 1,Online,1,2026-03-05 14:19:15.683837
29,129420,3.0,6,37,19,91515,128155,Female,Tier 1,Store,0,2026-03-05 14:19:15.683837
63,21050,4.5,5,37,16,3608,68481,Male,Tier 3,Store,0,2026-03-05 14:19:15.683837
64,190024,5.3,5,49,12,146929,9168,Male,Tier 2,Online,1,2026-03-05 14:19:15.683837
32,232642,6.0,4,4,19,37592,82766,Male,Tier 1,Store,0,2026-03-05 14:19:15.683837
58,23484,8.5,7,36,11,144958,3403,Other,Tier 2,Online,1,2026-03-05 14:19:15.683837
36,77648,7.5,1,36,10,73880,74973,Male,Tier 3,Store,0,2026-03-05 14:19:15.683837
43,74945,10.4,3,25,12,137108,125432,Other,Tier 2,Store,0,2026-03-05 14:19:15.683837
69,199750,4.0,6,32,8,70468,9152,Female,Tier 1,Hybrid,0,2026-03-05 14:19:15.683837
46,46323,8.3,10,32,6,2352,121063,Other,Tier 3,Store,0,2026-03-05 14:19:15.683837
39,101332,7.8,1,22,9,69033,56233,Female,Tier 3,Store,0,2026-03-05 14:19:15.683837
57,109605,5.8,7,6,11,109525,44003,Male,Tier 1,Store,0,2026-03-05 14:19:15.683837
38,233435,4.1,2,31,7,114085,40956,Other,Tier 3,Store,0,2026-03-05 14:19:15.683837
68,181433,4.8,7,8,11,128690,47535,Male,Tier 3,Store,0,2026-03-05 14:19:15.683837
55,25315,4.7,4,15,11,59865,119567,Other,Tier 3,Store,0,2026-03-05 14:19:15.683837
37,62968,9.4,9,8,13,59573,133165,Male,Tier 3,Store,0,2026-03-05 14:19:15.683837
74,172591,7.7,5,43,10,108499,56373,Other,Tier 3,Store,0,2026-03-05 14:19:15.683837
46,24107,7.7,1,42,13,17839,55653,Other,Tier 3,Store,0,2026-03-05 14:19:15.683837
68,70781,6.2,4,27,13,131072,74895,Other,Tier 1,Store,0,2026-03-05 14:19:15.683837
21,18869,5.5,4,22,10,97138,143082,Female,Tier 2,Store,0,2026-03-05 14:19:15.683837
72,95983,6.7,4,11,1,62436,34848,Female,Tier 3,Store,0,2026-03-05 14:19:15.683837
24,173442,6.2,3,41,7,25227,47705,Other,Tier 1,Store,0,2026-03-05 14:19:15.683837
45,208767,5.8,3,8,6,17719,1271,Male,Tier 1,Online,1,2026-03-05 14:19:15.683837
45,206494,6.7,10,44,14,89049,116336,Other,Tier 3,Store,0,2026-03-05 14:19:15.683837
21,22971,3.9,5,11,3,90707,19059,Female,Tier 3,Online,1,2026-03-05 14:19:15.683837
39,111805,6.5,5,8,0,90273,127691,Other,Tier 2,Store,0,2026-03-05 14:19:15.683837
29,40651,5.8,2,18,2,112928,41781,Female,Tier 2,Store,0,2026-03-05 14:19:15.683837
62,71974,4.6,10,35,5,83870,104689,Male,Tier 2,Store,0,2026-03-05 14:19:15.683837
20,247365,7.3,10,32,18,130626,106033,Other,Tier 3,Store,0,2026-03-05 14:19:15.683837
39,38446,9.6,9,12,1,57923,121521,Other,Tier 2,Store,0,2026-03-05 14:19:15.683837
61,184180,8.6,3,1,14,62895,110126,Other,Tier 2,Store,0,2026-03-05 14:19:15.683837
19,221251,5.4,4,39,18,12632,79528,Other,Tier 2,Store,0,2026-03-05 14:19:15.683837
41,18823,7.3,2,43,18,50051,27659,Female,Tier 3,Store,0,2026-03-05 14:19:15.683837
51,159526,7.7,8,24,8,69729,39508,Other,Tier 2,Store,0,2026-03-05 14:19:15.683837
44,150004,6.2,7,12,18,139447,129991,Male,Tier 1,Store,0,2026-03-05 14:19:15.683837
72,156292,6.0,3,12,12,11806,148700,Female,Tier 3,Store,0,2026-03-05 14:19:15.683837
58,220162,6.7,5,32,7,15630,115527,Other,Tier 2,Store,0,2026-03-05 14:19:15.683837
18,82965,11.0,1,26,5,115862,75978,Other,Tier 1,Store,0,2026-03-05 14:19:15.683837
25,174280,6.5,6,39,9,87142,62642,Male,Tier 1,Store,0,2026-03-05 14:19:15.683837
40,219052,3.5,10,36,8,119061,35281,Other,Tier 1,Online,1,2026-03-05 14:19:15.683837
55,25510,3.9,6,18,14,74824,96537,Other,Tier 3,Store,0,2026-03-05 14:19:15.683837
23,190117,5.7,5,21,13,32416,33497,Male,Tier 2,Store,0,2026-03-05 14:19:15.683837
39,156609,3.5,9,16,1,97468,97284,Other,Tier 1,Store,0,2026-03-05 14:19:15.683837
42,218755,5.7,4,1,0,65899,56770,Other,Tier 3,Store,0,2026-03-05 14:19:15.683837
35,120935,10.5,2,11,10,87839,115462,Other,Tier 1,Store,0,2026-03-05 14:19:15.683837
34,84134,5.0,7,32,14,93834,138510,Other,Tier 1,Store,0,2026-03-05 14:19:15.683837
78,248705,3.8,5,27,14,131048,145968,Female,Tier 3,Store,0,2026-03-05 14:19:15.683837
29,87254,5.6,7,25,5,98787,23882,Other,Tier 1,Store,0,2026-03-05 14:19:15.683837
23,159854,5.8,7,24,0,135544,126503,Other,Tier 2,Store,0,2026-03-05 14:19:15.683837
43,129780,4.0,7,27,16,88392,44447,Other,Tier 3,Store,0,2026-03-05 14:19:15.683837
44,140544,3.5,3,30,2,106448,113148,Other,Tier 2,Store,0,2026-03-05 14:19:15.683837
25,80587,8.7,5,43,13,92820,138010,Male,Tier 1,Store,0,2026-03-05 14:19:15.683837
36,97238,7.0,1,30,19,14962,73496,Other,Tier 1,Store,0,2026-03-05 14:19:15.683837
77,90720,5.0,6,26,11,41745,77138,Other,Tier 1,Store,0,2026-03-05 14:19:15.683837
59,93004,3.7,4,43,19,44199,79699,Female,Tier 1,Store,0,2026-03-05 14:19:15.683837
18,37072,5.0,2,0,11,137208,62276,Male,Tier 2,Store,0,2026-03-05 14:19:15.683837
74,96015,3.5,3,34,4,124325,134598,Female,Tier 2,Store,0,2026-03-05 14:19:15.683837
46,240075,4.8,3,32,5,75897,19266,Other,Tier 2,Store,0,2026-03-05 14:19:15.683837
62,235010,10.1,1,0,19,33223,32816,Male,Tier 1,Store,0,2026-03-05 14:19:15.683837
66,87746,6.5,7,8,14,75583,52860,Male,Tier 1,Store,0,2026-03-05 14:19:15.683837
52,191774,4.8,10,32,1,89855,83113,Female,Tier 3,Store,0,2026-03-05 14:19:15.683837
57,117260,7.4,3,43,7,80128,15886,Other,Tier 2,Hybrid,0,2026-03-05 14:19:15.683837
31,152129,4.1,7,36,19,113028,75235,Female,Tier 2,Store,0,2026-03-05 14:19:15.683837
52,143259,5.2,10,46,5,53303,29558,Male,Tier 1,Store,0,2026-03-05 14:19:15.683837
65,45916,2.3,10,14,16,146761,25013,Female,Tier 1,Store,0,2026-03-05 14:19:15.683837
62,42268,8.5,9,14,17,39802,139436,Other,Tier 2,Store,0,2026-03-05 14:19:15.683837
37,190050,5.6,6,48,13,2199,15095,Female,Tier 3,Online,1,2026-03-05 14:19:15.683837
73,38259,4.4,8,28,19,115138,92199,Female,Tier 2,Store,0,2026-03-05 14:19:15.683837
66,199655,7.3,1,40,9,87366,107974,Male,Tier 1,Store,0,2026-03-05 14:19:15.683837
30,94400,3.9,8,20,12,145285,13876,Other,Tier 2,Store,0,2026-03-05 14:19:15.683837
78,49293,4.0,8,45,16,107196,91505,Male,Tier 1,Store,0,2026-03-05 14:19:15.683837
55,126581,5.2,3,17,0,135216,53847,Male,Tier 2,Store,0,2026-03-05 14:19:15.683837
66,22043,3.6,6,15,7,58823,7426,Female,Tier 1,Online,1,2026-03-05 14:19:15.683837
63,196502,4.7,6,28,15,83274,53021,Male,Tier 1,Store,0,2026-03-05 14:19:15.683837
66,122009,5.6,7,40,12,115737,8747,Male,Tier 2,Online,1,2026-03-05 14:19:15.683837
79,53893,5.8,3,26,6,68705,88128,Male,Tier 3,Store,0,2026-03-05 14:19:15.683837
25,186714,3.4,10,14,18,83624,34885,Female,Tier 1,Store,0,2026-03-05 14:19:15.683837
60,224137,5.5,1,46,7,114668,22005,Male,Tier 2,Store,0,2026-03-05 14:19:15.683837
37,176940,7.2,9,8,11,113521,116722,Male,Tier 2,Store,0,2026-03-05 14:19:15.683837
77,41309,7.5,6,27,15,93119,1698,Other,Tier 2,Online,1,2026-03-05 14:19:15.683837
50,38284,5.0,5,1,12,40802,77428,Male,Tier 2,Store,0,2026-03-05 14:19:15.683837
43,141801,5.6,2,20,17,27529,79457,Male,Tier 3,Store,0,2026-03-05 14:19:15.683837
56,128259,5.5,4,10,12,122776,67541,Male,Tier 3,Store,0,2026-03-05 14:19:15.683837
38,115804,3.2,5,31,18,84107,58530,Other,Tier 3,Store,0,2026-03-05 14:19:15.683837
70,84000,4.9,10,21,5,61437,41080,Female,Tier 1,Store,0,2026-03-05 14:19:15.683837
66,99179,7.6,4,34,11,121809,67559,Male,Tier 3,Store,0,2026-03-05 14:19:15.683837
79,208179,7.6,10,41,5,136317,25793,Other,Tier 2,Online,1,2026-03-05 14:19:15.683837
59,80049,6.8,4,40,18,127533,63376,Female,Tier 2,Store,0,2026-03-05 14:19:15.683837
60,44265,1.0,6,15,15,24740,88744,Male,Tier 1,Store,0,2026-03-05 14:19:15.683837
71,227562,4.4,4,30,13,118899,126697,Female,Tier 3,Store,0,2026-03-05 14:19:15.683837
79,38880,6.9,9,9,11,57990,95858,Female,Tier 1,Store,0,2026-03-05 14:19:15.683837
58,99579,9.4,2,39,17,89511,100043,Male,Tier 1,Store,0,2026-03-05 14:19:15.683837
26,146327,6.0,5,35,15,30567,136782,Other,Tier 2,Store,0,2026-03-05 14:19:15.683837
41,147574,6.2,3,20,16,128615,85280,Male,Tier 2,Store,0,2026-03-05 14:19:15.683837
54,216264,5.8,8,7,15,25498,830,Female,Tier 3,Hybrid,0,2026-03-05 14:19:15.683837
66,80424,3.4,3,46,10,40558,25708,Female,Tier 3,Store,0,2026-03-05 14:19:15.683837
58,221910,6.7,8,41,15,144729,85681,Male,Tier 2,Store,0,2026-03-05 14:19:15.683837
34,85966,3.0,8,43,8,94706,26519,Female,Tier 3,Store,0,2026-03-05 14:19:15.683837
41,187438,5.8,2,46,14,20980,16823,Female,Tier 1,Online,1,2026-03-05 14:19:15.683837
38,173497,6.2,10,32,17,32958,6888,Male,Tier 3,Online,1,2026-03-05 14:19:15.683837
68,198400,6.1,7,39,7,15172,112607,Female,Tier 2,Store,0,2026-03-05 14:19:15.683837
76,82396,3.4,6,21,17,134593,107765,Male,Tier 3,Store,0,2026-03-05 14:19:15.683837
56,86694,4.6,1,29,2,143626,42352,Male,Tier 1,Store,0,2026-03-05 14:19:15.683837
72,151878,7.4,2,22,4,146629,13472,Male,Tier 2,Hybrid,0,2026-03-05 14:19:15.683837
58,232346,6.1,4,14,1,89102,96039,Other,Tier 2,Store,0,2026-03-05 14:19:15.683837
56,32106,4.6,2,46,10,27909,71788,Male,Tier 1,Store,0,2026-03-05 14:19:15.683837
30,71731,3.9,5,42,18,29865,64524,Female,Tier 3,Store,0,2026-03-05 14:19:15.683837
28,90010,7.6,3,25,1,11908,142976,Male,Tier 1,Store,0,2026-03-05 14:19:15.683837
63,228605,6.1,6,15,17,24490,143336,Other,Tier 1,Store,0,2026-03-05 14:19:15.683837
36,47599,3.7,9,9,6,102733,132883,Male,Tier 1,Store,0,2026-03-05 14:19:15.683837
28,86326,5.6,10,35,15,42453,4139,Other,Tier 3,Online,1,2026-03-05 14:19:15.683837
30,90706,4.4,7,27,0,89745,26985,Other,Tier 1,Hybrid,0,2026-03-05 14:19:15.683837
63,24004,6.6,5,41,12,108986,59777,Male,Tier 1,Store,0,2026-03-05 14:19:15.683837
62,130018,8.5,1,25,2,33288,27822,Male,Tier 2,Store,0,2026-03-05 14:19:15.683837
18,197436,3.8,1,30,17,62203,27528,Other,Tier 2,Store,0,2026-03-05 14:19:15.683837
57,40792,6.3,1,17,3,103059,28308,Female,Tier 2,Store,0,2026-03-05 14:19:15.683837
61,241824,6.3,3,16,19,75211,41347,Male,Tier 2,Store,0,2026-03-05 14:19:15.683837
36,210984,1.7,7,47,16,137119,2659,Male,Tier 1,Online,1,2026-03-05 14:19:15.683837
29,69645,7.7,9,31,4,88502,41545,Male,Tier 3,Hybrid,0,2026-03-05 14:19:15.683837
25,22232,10.2,6,38,6,6443,28877,Female,Tier 1,Store,0,2026-03-05 14:19:15.683837
25,224282,6.3,7,4,8,131304,73326,Male,Tier 2,Store,0,2026-03-05 14:19:15.683837
78,69766,8.7,3,41,3,137342,108934,Male,Tier 3,Store,0,2026-03-05 14:19:15.683837
70,135601,3.5,8,28,8,84909,100067,Other,Tier 2,Store,0,2026-03-05 14:19:15.683837
62,96588,4.6,10,35,16,74233,109210,Male,Tier 2,Store,0,2026-03-05 14:19:15.683837
29,194614,6.1,6,38,9,131974,136706,Other,Tier 3,Store,0,2026-03-05 14:19:15.683837
78,20913,4.3,3,49,16,37340,61735,Male,Tier 2,Store,0,2026-03-05 14:19:15.683837
65,127406,6.1,2,10,11,110936,38557,Other,Tier 2,Store,0,2026-03-05 14:19:15.683837
50,128693,8.0,9,32,9,93061,41777,Female,Tier 3,Store,0,2026-03-05 14:19:15.683837
62,108449,4.2,7,3,10,3483,60078,Female,Tier 1,Store,0,2026-03-05 14:19:15.683837
43,25567,8.1,10,47,12,82479,26597,Female,Tier 2,Online,1,2026-03-05 14:19:15.683837
56,53379,2.2,10,32,16,106969,143250,Other,Tier 3,Store,0,2026-03-05 14:19:15.683837
45,221040,4.9,9,0,14,74805,89870,Other,Tier 1,Store,0,2026-03-05 14:19:15.683837
75,15319,5.6,4,20,4,35169,88570,Male,Tier 2,Store,0,2026-03-05 14:19:15.683837
22,105005,4.1,4,16,10,67335,137092,Male,Tier 2,Store,0,2026-03-05 14:19:15.683837
25,125990,4.9,6,33,12,95724,4404,Male,Tier 3,Hybrid,0,2026-03-05 14:19:15.683837
42,238098,8.8,2,28,5,104063,92382,Other,Tier 2,Store,0,2026-03-05 14:19:15.683837
44,232192,8.5,10,2,9,71204,25392,Female,Tier 1,Store,0,2026-03-05 14:19:15.683837
63,19791,7.4,1,48,19,66902,7301,Other,Tier 2,Online,1,2026-03-05 14:19:15.683837
40,243344,8.1,10,23,2,108378,88608,Other,Tier 2,Store,0,2026-03-05 14:19:15.683837
47,146401,4.8,3,33,2,16949,34208,Male,Tier 1,Store,0,2026-03-05 14:19:15.683837
62,220459,3.6,5,1,0,141822,148487,Other,Tier 2,Store,0,2026-03-05 14:19:15.683837
64,76032,4.4,2,30,1,25246,39040,Female,Tier 2,Store,0,2026-03-05 14:19:15.683837
40,190150,4.7,9,39,4,140527,125595,Female,Tier 3,Store,0,2026-03-05 14:19:15.683837
66,103662,4.8,1,6,13,148131,24229,Female,Tier 2,Store,0,2026-03-05 14:19:15.683837
64,36300,7.1,3,28,6,149677,139711,Female,Tier 3,Store,0,2026-03-05 14:19:15.683837
37,90700,6.6,5,10,11,68780,19476,Male,Tier 3,Online,1,2026-03-05 14:19:15.683837
35,197017,5.6,1,42,3,118913,149663,Female,Tier 3,Store,0,2026-03-05 14:19:15.683837
35,70609,5.8,4,24,17,18763,11160,Other,Tier 1,Store,0,2026-03-05 14:19:15.683837
19,206634,8.2,10,18,8,142877,43519,Male,Tier 1,Store,0,2026-03-05 14:19:15.683837
21,105045,3.4,1,10,11,133863,32565,Female,Tier 3,Store,0,2026-03-05 14:19:15.683837
47,76901,7.6,7,44,11,101500,116217,Other,Tier 3,Store,0,2026-03-05 14:19:15.683837
50,20703,1.8,1,34,4,98836,17653,Female,Tier 1,Store,0,2026-03-05 14:19:15.683837
53,238717,4.9,3,32,6,97614,115955,Female,Tier 1,Store,0,2026-03-05 14:19:15.683837
35,78115,9.0,4,4,16,84844,81774,Female,Tier 2,Store,0,2026-03-05 14:19:15.683837
54,234162,6.6,4,34,19,63725,142538,Other,Tier 1,Store,0,2026-03-05 14:19:15.683837
36,42676,5.1,7,2,18,109367,14294,Female,Tier 3,Hybrid,0,2026-03-05 14:19:15.683837
64,207782,7.8,5,30,3,110258,13794,Female,Tier 3,Hybrid,0,2026-03-05 14:19:15.683837
45,206149,7.2,8,11,0,52091,93093,Female,Tier 1,Store,0,2026-03-05 14:19:15.683837
57,136332,7.1,3,3,7,11099,106803,Male,Tier 3,Store,0,2026-03-05 14:19:15.683837
37,235412,5.6,8,31,1,113956,35076,Male,Tier 2,Hybrid,0,2026-03-05 14:19:15.683837
66,191512,7.9,9,49,0,120607,41400,Female,Tier 3,Hybrid,0,2026-03-05 14:19:15.683837
50,182995,4.7,9,49,2,141443,57853,Other,Tier 1,Store,0,2026-03-05 14:19:15.683837
29,44802,4.6,9,23,18,103477,109374,Other,Tier 3,Store,0,2026-03-05 14:19:15.683837
75,105331,9.7,1,35,13,24217,72050,Other,Tier 2,Store,0,2026-03-05 14:19:15.683837
68,208976,5.0,9,1,17,109726,107931,Female,Tier 2,Store,0,2026-03-05 14:19:15.683837
32,206234,1.9,8,4,13,38744,62098,Male,Tier 2,Store,0,2026-03-05 14:19:15.683837
58,139786,8.1,2,11,16,27318,79030,Other,Tier 3,Store,0,2026-03-05 14:19:15.683837
56,80169,8.7,3,24,9,27708,67218,Other,Tier 3,Store,0,2026-03-05 14:19:15.683837
19,83147,5.5,7,40,19,26084,14628,Female,Tier 2,Online,1,2026-03-05 14:19:15.683837
46,37075,1.8,3,23,6,130734,52436,Female,Tier 2,Store,0,2026-03-05 14:19:15.683837
58,97015,5.9,2,24,10,42984,80778,Other,Tier 2,Store,0,2026-03-05 14:19:15.683837
27,220788,10.1,4,43,8,64108,5090,Other,Tier 2,Online,1,2026-03-05 14:19:15.683837
19,24304,6.4,9,44,0,38847,86027,Female,Tier 3,Store,0,2026-03-05 14:19:15.683837
68,144851,7.5,2,44,17,100754,96307,Female,Tier 1,Store,0,2026-03-05 14:19:15.683837
28,135729,7.7,1,17,16,20395,44329,Female,Tier 1,Store,0,2026-03-05 14:19:15.683837
30,74622,7.9,10,19,18,85901,44347,Male,Tier 3,Store,0,2026-03-05 14:19:15.683837
27,69215,9.7,7,32,9,2574,64048,Female,Tier 2,Store,0,2026-03-05 14:19:15.683837
31,226218,8.2,1,28,0,108910,4972,Male,Tier 3,Online,1,2026-03-05 14:19:15.683837
35,88973,5.8,6,28,0,33858,120452,Female,Tier 2,Store,0,2026-03-05 14:19:15.683837
68,123654,3.8,5,21,6,44519,10057,Male,Tier 2,Online,1,2026-03-05 14:19:15.683837
71,158593,6.9,8,11,17,64383,116424,Female,Tier 1,Store,0,2026-03-05 14:19:15.683837
26,39028,5.6,3,33,10,130672,19704,Other,Tier 2,Hybrid,0,2026-03-05 14:19:15.683837
74,54328,7.4,3,3,12,65342,88729,Female,Tier 2,Store,0,2026-03-05 14:19:15.683837
56,42301,4.3,1,4,8,31584,122878,Other,Tier 3,Store,0,2026-03-05 14:19:15.683837
45,53015,5.4,4,9,16,19529,94679,Male,Tier 3,Store,0,2026-03-05 14:19:15.683837
20,233348,6.0,10,21,10,145566,123436,Female,Tier 2,Store,0,2026-03-05 14:19:15.683837
37,51845,4.1,10,24,0,104614,15419,Female,Tier 1,Online,1,2026-03-05 14:19:15.683837
23,101818,6.1,6,0,19,102862,13972,Other,Tier 3,Store,0,2026-03-05 14:19:15.683837
44,91394,7.6,5,9,15,94716,20467,Other,Tier 3,Store,0,2026-03-05 14:19:15.683837
70,190231,9.8,7,14,18,143709,60451,Male,Tier 2,Store,0,2026-03-05 14:19:15.683837
19,58714,4.5,10,39,10,100144,8907,Other,Tier 1,Online,1,2026-03-05 14:19:15.683837
46,95722,7.8,1,30,13,144611,62567,Other,Tier 3,Store,0,2026-03-05 14:19:15.683837
55,245793,2.0,3,16,11,147024,66187,Male,Tier 1,Store,0,2026-03-05 14:19:15.683837
20,242802,6.0,4,11,7,35335,76870,Female,Tier 2,Store,0,2026-03-05 14:19:15.683837
33,40230,6.1,6,4,14,90266,134038,Other,Tier 3,Store,0,2026-03-05 14:19:15.683837
47,107554,7.6,4,37,0,58692,90250,Other,Tier 1,Store,0,2026-03-05 14:19:15.683837
57,64262,5.0,7,47,5,129993,26601,Male,Tier 3,Hybrid,0,2026-03-05 14:19:15.683837
19,236273,6.5,10,38,11,149939,4642,Female,Tier 3,Online,1,2026-03-05 14:19:15.683837
34,56722,8.2,10,8,8,5465,31717,Male,Tier 2,Online,1,2026-03-05 14:19:15.683837
58,192431,3.7,3,16,17,127548,120140,Male,Tier 2,Store,0,2026-03-05 14:19:15.683837
79,77796,2.1,8,28,7,37711,33638,Other,Tier 3,Store,0,2026-03-05 14:19:15.683837
29,186231,8.2,7,41,19,108042,133418,Male,Tier 1,Store,0,2026-03-05 14:19:15.683837
52,102052,4.0,3,16,18,146826,39133,Male,Tier 2,Store,0,2026-03-05 14:19:15.683837
60,115808,6.9,9,45,4,26387,116383,Female,Tier 2,Store,0,2026-03-05 14:19:15.683837
18,236281,9.9,10,13,19,55579,146308,Other,Tier 3,Store,0,2026-03-05 14:19:15.683837
72,151311,7.7,5,19,11,26777,51818,Male,Tier 3,Store,0,2026-03-05 14:19:15.683837
62,106951,4.1,2,46,18,44495,33548,Female,Tier 3,Store,0,2026-03-05 14:19:15.683837
32,65886,3.1,9,26,4,123872,119173,Female,Tier 1,Store,0,2026-03-05 14:19:15.683837
43,118424,4.4,8,38,1,130087,73554,Female,Tier 1,Store,0,2026-03-05 14:19:15.683837
54,173267,6.3,8,47,3,47008,22363,Male,Tier 3,Online,1,2026-03-05 14:19:15.683837
38,119697,5.5,1,19,4,87494,22370,Male,Tier 3,Store,0,2026-03-05 14:19:15.683837
79,240931,8.7,4,22,6,54177,64191,Male,Tier 3,Store,0,2026-03-05 14:19:15.683837
66,246572,7.3,7,8,11,5541,83482,Female,Tier 3,Store,0,2026-03-05 14:19:15.683837
48,247842,4.5,6,48,8,65446,103844,Other,Tier 3,Store,0,2026-03-05 14:19:15.683837
42,111299,7.7,9,18,10,21194,10690,Female,Tier 2,Online,1,2026-03-05 14:19:15.683837
40,180746,9.0,8,31,13,99129,71125,Female,Tier 2,Store,0,2026-03-05 14:19:15.683837
41,164177,5.4,9,11,13,44422,134657,Female,Tier 1,Store,0,2026-03-05 14:19:15.683837
74,175811,7.0,4,1,6,18999,93922,Male,Tier 2,Store,0,2026-03-05 14:19:15.683837
55,178041,4.3,8,35,2,13834,138806,Other,Tier 3,Store,0,2026-03-05 14:19:15.683837
45,29497,5.7,6,20,2,72468,90821,Male,Tier 1,Store,0,2026-03-05 14:19:15.683837
38,147888,4.2,9,39,3,138303,42864,Other,Tier 1,Store,0,2026-03-05 14:19:15.683837
71,133915,8.5,10,42,6,138967,134072,Female,Tier 3,Store,0,2026-03-05 14:19:15.683837
60,107019,5.0,1,10,8,114727,149492,Other,Tier 1,Store,0,2026-03-05 14:19:15.683837
35,205326,6.9,6,27,0,76880,53358,Male,Tier 3,Store,0,2026-03-05 14:19:15.683837
53,124017,7.3,10,11,3,111610,4978,Male,Tier 1,Online,1,2026-03-05 14:19:15.683837
52,233767,12.0,10,4,2,94238,136599,Male,Tier 3,Store,0,2026-03-05 14:19:15.683837
62,84385,5.5,2,49,5,22633,111320,Other,Tier 3,Store,0,2026-03-05 14:19:15.683837
72,233220,4.4,3,14,5,60829,63148,Female,Tier 2,Store,0,2026-03-05 14:19:15.683837
26,120153,5.9,9,31,10,114925,92510,Female,Tier 1,Store,0,2026-03-05 14:19:15.683837
70,48826,4.3,5,16,3,21937,48241,Other,Tier 3,Store,0,2026-03-05 14:19:15.683837
55,125034,5.0,5,40,3,143623,35103,Male,Tier 1,Store,0,2026-03-05 14:19:15.683837
75,209437,7.5,1,35,12,77761,92413,Male,Tier 1,Store,0,2026-03-05 14:19:15.683837
47,99242,4.7,10,13,16,133610,7126,Female,Tier 3,Online,1,2026-03-05 14:19:15.683837
77,138066,7.1,2,40,10,104220,67627,Other,Tier 3,Store,0,2026-03-05 14:19:15.683837
61,65100,7.2,9,8,2,10570,38788,Female,Tier 2,Store,0,2026-03-05 14:19:15.683837
51,236171,6.5,7,16,2,57306,24894,Male,Tier 2,Store,0,2026-03-05 14:19:15.683837
49,140170,7.3,4,43,11,3570,47308,Other,Tier 2,Store,0,2026-03-05 14:19:15.683837
20,150431,5.4,7,6,14,105405,28387,Other,Tier 3,Store,0,2026-03-05 14:19:15.683837
20,111205,2.0,10,31,15,1968,145192,Male,Tier 3,Store,0,2026-03-05 14:19:15.683837
45,27809,6.1,2,43,7,112429,103166,Male,Tier 2,Store,0,2026-03-05 14:19:15.683837
61,79450,6.2,5,43,13,84134,144840,Other,Tier 1,Store,0,2026-03-05 14:19:15.683837
32,53428,5.3,9,5,5,138480,21901,Other,Tier 3,Hybrid,0,2026-03-05 14:19:15.683837
58,241062,7.3,2,15,4,25038,811,Male,Tier 1,Online,1,2026-03-05 14:19:15.683837
40,87790,7.5,3,1,19,23392,29420,Other,Tier 3,Store,0,2026-03-05 14:19:15.683837
57,126126,6.4,5,9,18,70704,44883,Female,Tier 3,Store,0,2026-03-05 14:19:15.683837
28,105321,6.2,5,3,6,70784,98281,Male,Tier 1,Store,0,2026-03-05 14:19:15.683837
65,17093,8.4,8,4,0,103200,45757,Female,Tier 3,Store,0,2026-03-05 14:19:15.683837
49,59498,3.9,7,36,1,122122,91078,Other,Tier 2,Store,0,2026-03-05 14:19:15.683837
75,131251,5.3,3,38,7,121324,8441,Other,Tier 1,Online,1,2026-03-05 14:19:15.683837
76,55985,8.0,5,25,3,128235,65212,Other,Tier 2,Store,0,2026-03-05 14:19:15.683837
74,47009,7.1,8,29,14,88445,85082,Male,Tier 2,Store,0,2026-03-05 14:19:15.683837
71,228166,5.5,5,1,13,136275,19436,Male,Tier 1,Store,0,2026-03-05 14:19:15.683837
53,143515,6.8,2,17,5,83488,7746,Female,Tier 3,Online,1,2026-03-05 14:19:15.683837
77,32718,4.9,10,6,16,45686,16234,Other,Tier 2,Store,0,2026-03-05 14:19:15.683837
50,31705,6.3,2,45,5,13917,43444,Female,Tier 1,Store,0,2026-03-05 14:19:15.683837
41,102618,7.4,1,46,11,99224,149180,Female,Tier 1,Store,0,2026-03-05 14:19:15.683837
56,77598,8.6,6,22,16,80635,81841,Female,Tier 3,Store,0,2026-03-05 14:19:15.683837
51,92878,7.3,1,19,7,83444,104101,Other,Tier 2,Store,0,2026-03-05 14:19:15.683837
73,27239,8.7,8,14,0,111050,62349,Other,Tier 2,Store,0,2026-03-05 14:19:15.683837
45,61622,3.1,1,27,4,20916,43404,Male,Tier 3,Store,0,2026-03-05 14:19:15.683837
54,61665,1.6,8,45,9,90641,147347,Female,Tier 1,Store,0,2026-03-05 14:19:15.683837
24,47274,1.6,6,2,3,4978,121583,Female,Tier 1,Store,0,2026-03-05 14:19:15.683837
21,157491,8.2,9,2,2,124271,109464,Male,Tier 3,Store,0,2026-03-05 14:19:15.683837
54,123368,7.2,3,11,14,92231,60704,Female,Tier 3,Store,0,2026-03-05 14:19:15.683837
73,161075,4.6,7,33,4,137743,145072,Female,Tier 1,Store,0,2026-03-05 14:19:15.683837
18,176938,5.2,2,35,15,107596,26772,Male,Tier 3,Store,0,2026-03-05 14:19:15.683837
18,168060,6.7,5,7,14,112298,138712,Female,Tier 1,Store,0,2026-03-05 14:19:15.683837
64,201966,4.6,1,8,15,43522,109159,Male,Tier 3,Store,0,2026-03-05 14:19:15.683837
37,123563,4.4,5,34,8,45652,11416,Female,Tier 2,Online,1,2026-03-05 14:19:15.683837
36,236516,4.7,8,23,15,142467,90058,Other,Tier 3,Store,0,2026-03-05 14:19:15.683837
46,151746,4.5,10,23,17,106850,103785,Male,Tier 2,Store,0,2026-03-05 14:19:15.683837
27,216610,6.1,3,34,15,54643,63050,Other,Tier 1,Store,0,2026-03-05 14:19:15.683837
77,108103,9.3,6,10,3,44109,46343,Male,Tier 2,Store,0,2026-03-05 14:19:15.683837
35,81446,4.0,4,5,16,29520,14724,Female,Tier 3,Store,0,2026-03-05 14:19:15.683837
45,44072,5.9,8,24,10,104840,117274,Female,Tier 2,Store,0,2026-03-05 14:19:15.683837
52,48717,6.9,2,0,14,25938,96370,Female,Tier 1,Store,0,2026-03-05 14:19:15.683837
60,233417,7.1,5,8,17,53882,37892,Female,Tier 3,Store,0,2026-03-05 14:19:15.683837
64,172723,5.0,6,11,3,20653,5801,Female,Tier 2,Online,1,2026-03-05 14:19:15.683837
48,132202,7.2,8,12,14,122474,39821,Female,Tier 1,Store,0,2026-03-05 14:19:15.683837
44,190363,6.8,2,28,1,40974,12192,Female,Tier 3,Online,1,2026-03-05 14:19:15.683837
79,137389,5.1,9,45,6,133463,96678,Male,Tier 2,Store,0,2026-03-05 14:19:15.683837
28,124525,3.3,7,31,11,85650,127485,Male,Tier 3,Store,0,2026-03-05 14:19:15.683837
66,209422,3.7,10,30,16,37340,136704,Female,Tier 2,Store,0,2026-03-05 14:19:15.683837
66,228092,7.5,4,25,8,107349,59802,Other,Tier 2,Store,0,2026-03-05 14:19:15.683837
55,19646,8.9,10,39,9,13614,23397,Other,Tier 2,Hybrid,0,2026-03-05 14:19:15.683837
22,54713,6.0,2,23,1,33170,71192,Female,Tier 1,Store,0,2026-03-05 14:19:15.683837
25,82936,8.8,8,14,6,134328,40361,Female,Tier 3,Store,0,2026-03-05 14:19:15.683837
51,190403,5.9,2,41,17,61841,6195,Other,Tier 1,Online,1,2026-03-05 14:19:15.683837
65,37185,3.7,2,5,5,102460,82702,Other,Tier 3,Store,0,2026-03-05 14:19:15.683837
69,99263,5.6,9,28,18,81238,49217,Female,Tier 2,Store,0,2026-03-05 14:19:15.683837
73,244728,9.0,4,30,16,91961,22382,Other,Tier 3,Hybrid,0,2026-03-05 14:19:15.683837
29,67107,4.8,7,15,12,22899,138638,Female,Tier 1,Store,0,2026-03-05 14:19:15.683837
55,212626,5.7,10,9,3,52585,145353,Other,Tier 2,Store,0,2026-03-05 14:19:15.683837
18,32563,8.4,4,44,14,46176,20055,Female,Tier 1,Online,1,2026-03-05 14:19:15.683837
48,85729,8.2,5,39,1,143968,40082,Other,Tier 2,Store,0,2026-03-05 14:19:15.683837
21,30701,6.6,1,3,0,57013,76730,Male,Tier 3,Store,0,2026-03-05 14:19:15.683837
66,215144,7.1,10,28,15,29742,119652,Male,Tier 3,Store,0,2026-03-05 14:19:15.683837
62,194289,8.1,1,7,7,30021,37378,Male,Tier 2,Store,0,2026-03-05 14:19:15.683837
67,190682,6.6,10,39,6,129771,59806,Male,Tier 2,Store,0,2026-03-05 14:19:15.683837
22,230494,8.6,10,10,4,37028,53182,Female,Tier 2,Store,0,2026-03-05 14:19:15.683837
47,248195,7.3,3,0,19,595,89672,Female,Tier 1,Store,0,2026-03-05 14:19:15.683837
73,196203,5.7,6,42,1,93652,68212,Female,Tier 1,Store,0,2026-03-05 14:19:15.683837
41,143331,6.9,1,36,4,120918,136138,Male,Tier 2,Store,0,2026-03-05 14:19:15.683837
76,175482,5.2,4,22,9,9513,93680,Female,Tier 3,Store,0,2026-03-05 14:19:15.683837
20,114280,4.1,9,29,13,69740,25872,Other,Tier 3,Online,1,2026-03-05 14:19:15.683837
28,204787,3.7,2,14,1,6189,54385,Male,Tier 1,Store,0,2026-03-05 14:19:15.683837
62,53665,5.6,2,28,18,76954,49999,Male,Tier 3,Store,0,2026-03-05 14:19:15.683837
21,30957,6.6,2,23,4,127020,127341,Other,Tier 1,Store,0,2026-03-05 14:19:15.683837
43,194199,9.6,10,8,4,79701,30874,Female,Tier 3,Store,0,2026-03-05 14:19:15.683837
44,209661,6.8,10,42,4,27064,54779,Other,Tier 3,Store,0,2026-03-05 14:19:15.683837
63,61008,6.4,7,10,5,17858,118311,Other,Tier 2,Store,0,2026-03-05 14:19:15.683837
71,76920,5.8,7,14,16,32651,37258,Other,Tier 2,Store,0,2026-03-05 14:19:15.683837
60,178947,5.3,6,43,13,44618,58053,Male,Tier 2,Store,0,2026-03-05 14:19:15.683837
44,128828,6.3,2,45,3,142449,128679,Other,Tier 2,Store,0,2026-03-05 14:19:15.683837
59,138852,5.4,5,37,17,139201,93383,Female,Tier 3,Store,0,2026-03-05 14:19:15.683837
68,147698,5.4,6,47,17,91343,96379,Male,Tier 2,Store,0,2026-03-05 14:19:15.683837
67,105815,7.6,6,25,10,91706,94869,Male,Tier 1,Store,0,2026-03-05 14:19:15.683837
23,209894,4.2,10,44,16,136506,148422,Female,Tier 1,Store,0,2026-03-05 14:19:15.683837
76,217837,5.5,6,36,13,99691,143843,Male,Tier 2,Store,0,2026-03-05 14:19:15.683837
78,218485,4.6,6,23,5,67902,53444,Female,Tier 2,Store,0,2026-03-05 14:19:15.683837
32,179714,6.2,1,21,18,16046,107947,Male,Tier 1,Store,0,2026-03-05 14:19:15.683837
70,53311,7.7,4,17,17,16974,125797,Male,Tier 2,Store,0,2026-03-05 14:19:15.683837
47,47356,6.7,1,8,7,36519,104627,Male,Tier 3,Store,0,2026-03-05 14:19:15.683837
59,18809,5.6,3,28,4,93563,78670,Male,Tier 3,Store,0,2026-03-05 14:19:15.683837
54,189443,7.9,2,31,15,113044,47173,Female,Tier 3,Store,0,2026-03-05 14:19:15.683837
75,49875,7.8,2,11,12,19544,85108,Other,Tier 1,Store,0,2026-03-05 14:19:15.683837
78,24465,6.1,6,40,14,102581,133191,Other,Tier 3,Store,0,2026-03-05 14:19:15.683837
54,212167,9.2,1,16,0,104681,119863,Other,Tier 1,Store,0,2026-03-05 14:19:15.683837
59,88844,6.8,4,24,0,130871,4763,Other,Tier 1,Online,1,2026-03-05 14:19:15.683837
77,211322,6.8,9,13,1,65302,143760,Other,Tier 2,Store,0,2026-03-05 14:19:15.683837
54,101889,3.6,3,24,18,70102,101240,Male,Tier 3,Store,0,2026-03-05 14:19:15.683837
52,30250,2.6,8,26,1,63014,64151,Other,Tier 3,Store,0,2026-03-05 14:19:15.683837
40,61023,6.1,9,12,15,17941,106681,Other,Tier 1,Store,0,2026-03-05 14:19:15.683837
23,116350,8.0,2,36,1,84508,149871,Female,Tier 2,Store,0,2026-03-05 14:19:15.683837
21,192696,6.7,5,9,6,117511,19392,Male,Tier 3,Store,0,2026-03-05 14:19:15.683837
35,31427,7.9,6,8,0,105541,33860,Other,Tier 1,Store,0,2026-03-05 14:19:15.683837
77,179348,5.2,5,12,0,118874,109201,Other,Tier 1,Store,0,2026-03-05 14:19:15.683837
26,86643,6.2,6,6,17,38542,70125,Other,Tier 3,Store,0,2026-03-05 14:19:15.683837
66,225084,6.0,5,13,17,138603,43967,Male,Tier 2,Store,0,2026-03-05 14:19:15.683837
46,149511,2.4,7,35,15,82492,59794,Male,Tier 1,Store,0,2026-03-05 14:19:15.683837
30,231920,9.6,5,39,0,93884,65924,Other,Tier 1,Store,0,2026-03-05 14:19:15.683837
76,233403,8.4,5,4,11,146464,26030,Male,Tier 3,Store,0,2026-03-05 14:19:15.683837
64,93672,7.9,7,12,10,101741,10930,Male,Tier 3,Online,1,2026-03-05 14:19:15.683837
79,225775,8.6,3,19,8,90193,32635,Male,Tier 2,Store,0,2026-03-05 14:19:15.683837
69,32300,5.1,10,27,9,128193,127628,Male,Tier 1,Store,0,2026-03-05 14:19:15.683837
34,75289,7.6,7,14,10,90580,132990,Female,Tier 1,Store,0,2026-03-05 14:19:15.683837
62,163254,5.1,8,38,12,149134,79245,Male,Tier 3,Store,0,2026-03-05 14:19:15.683837
49,216579,6.3,5,20,11,36288,87441,Other,Tier 3,Store,0,2026-03-05 14:19:15.683837
65,196984,2.5,4,16,5,4560,65713,Other,Tier 3,Store,0,2026-03-05 14:19:15.683837
39,172981,5.7,2,5,13,124147,141437,Male,Tier 1,Store,0,2026-03-05 14:19:15.683837
21,34659,2.9,5,45,5,32698,5581,Female,Tier 3,Online,1,2026-03-05 14:19:15.683837
22,177475,3.5,6,45,11,95744,51383,Other,Tier 1,Store,0,2026-03-05 14:19:15.683837
54,179658,5.9,9,24,17,103528,138584,Other,Tier 3,Store,0,2026-03-05 14:19:15.683837
58,25360,4.6,6,9,19,99778,19971,Other,Tier 1,Store,0,2026-03-05 14:19:15.683837
66,36424,6.7,6,13,10,48006,84800,Female,Tier 3,Store,0,2026-03-05 14:19:15.683837
30,113035,9.3,6,18,1,72365,29941,Female,Tier 2,Hybrid,0,2026-03-05 14:19:15.683837
51,63791,4.8,8,10,11,637,87502,Female,Tier 1,Store,0,2026-03-05 14:19:15.683837
62,149137,5.5,6,31,14,58828,148248,Other,Tier 2,Store,0,2026-03-05 14:19:15.683837
39,214867,7.3,1,9,5,6694,28888,Male,Tier 2,Store,0,2026-03-05 14:19:15.683837
70,27300,4.7,1,46,4,48037,129828,Female,Tier 3,Store,0,2026-03-05 14:19:15.683837
76,48370,4.6,10,33,14,87882,109820,Other,Tier 1,Store,0,2026-03-05 14:19:15.683837
40,215903,5.1,2,43,10,26290,66705,Male,Tier 3,Store,0,2026-03-05 14:19:15.683837
68,42209,7.8,1,28,14,133478,137258,Male,Tier 3,Store,0,2026-03-05 14:19:15.683837
20,247903,2.5,3,28,18,107715,5381,Male,Tier 1,Store,0,2026-03-05 14:19:15.683837
59,35927,4.3,3,21,0,80681,117403,Female,Tier 3,Store,0,2026-03-05 14:19:15.683837
51,49579,9.1,4,49,4,12374,136473,Female,Tier 1,Store,0,2026-03-05 14:19:15.683837
49,24032,1.0,6,13,3,27305,23082,Male,Tier 1,Store,0,2026-03-05 14:19:15.683837
62,108254,5.7,10,1,8,137992,145139,Other,Tier 2,Store,0,2026-03-05 14:19:15.683837
68,93413,9.1,7,11,5,44404,127432,Other,Tier 3,Store,0,2026-03-05 14:19:15.683837
75,186803,9.8,9,21,10,50223,140818,Female,Tier 1,Store,0,2026-03-05 14:19:15.683837
66,128528,7.6,8,0,2,85514,98860,Male,Tier 2,Store,0,2026-03-05 14:19:15.683837
38,238274,8.3,6,49,8,56937,49867,Female,Tier 1,Store,0,2026-03-05 14:19:15.683837
63,199839,4.1,9,11,10,25152,10561,Other,Tier 1,Hybrid,0,2026-03-05 14:19:15.683837
61,138916,4.3,4,11,8,42048,90687,Other,Tier 2,Store,0,2026-03-05 14:19:15.683837
38,87302,9.4,6,3,0,86081,27301,Other,Tier 1,Store,0,2026-03-05 14:19:15.683837
61,196026,5.5,7,16,12,38465,27012,Other,Tier 3,Store,0,2026-03-05 14:19:15.683837
28,234437,2.2,2,47,0,96895,69579,Male,Tier 2,Store,0,2026-03-05 14:19:15.683837
56,100757,6.8,1,18,17,4233,13469,Other,Tier 3,Store,0,2026-03-05 14:19:15.683837
21,171174,5.6,10,0,10,49441,100458,Male,Tier 3,Store,0,2026-03-05 14:19:15.683837
68,180505,6.2,8,16,14,139592,34253,Male,Tier 1,Store,0,2026-03-05 14:19:15.683837
18,30932,1.2,8,33,15,68963,124170,Male,Tier 2,Store,0,2026-03-05 14:19:15.683837
45,40714,1.0,7,42,0,29922,113592,Other,Tier 3,Store,0,2026-03-05 14:19:15.683837
41,72803,6.6,9,6,10,87953,145843,Other,Tier 2,Store,0,2026-03-05 14:19:15.683837
78,185815,5.4,9,32,5,31440,38939,Female,Tier 2,Store,0,2026-03-05 14:19:15.683837
52,148624,5.1,3,5,11,59099,47565,Other,Tier 2,Store,0,2026-03-05 14:19:15.683837
30,71627,6.8,1,5,18,147212,83148,Female,Tier 1,Store,0,2026-03-05 14:19:15.683837
64,192059,4.4,9,31,0,140861,88645,Other,Tier 2,Store,0,2026-03-05 14:19:15.683837
51,94810,5.5,1,27,1,110165,77327,Other,Tier 1,Store,0,2026-03-05 14:19:15.683837
28,60380,5.1,1,36,19,144362,103087,Female,Tier 1,Store,0,2026-03-05 14:19:15.683837
53,175322,7.8,5,28,11,64555,134543,Male,Tier 3,Store,0,2026-03-05 14:19:15.683837
68,214416,2.2,2,42,0,48887,78731,Male,Tier 3,Store,0,2026-03-05 14:19:15.683837
78,79686,4.7,2,29,6,25797,128345,Other,Tier 3,Store,0,2026-03-05 14:19:15.683837
34,135321,8.2,5,21,9,28742,115850,Male,Tier 1,Store,0,2026-03-05 14:19:15.683837
52,60028,4.3,7,4,15,64595,9157,Male,Tier 3,Online,1,2026-03-05 14:19:15.683837
77,161367,6.2,6,28,14,81408,115029,Male,Tier 2,Store,0,2026-03-05 14:19:15.683837
35,128141,9.3,5,1,8,28412,26032,Female,Tier 3,Store,0,2026-03-05 14:19:15.683837
57,70248,6.3,3,9,13,121175,40054,Male,Tier 2,Store,0,2026-03-05 14:19:15.683837
39,226277,10.3,9,45,3,108237,4442,Female,Tier 1,Online,1,2026-03-05 14:19:15.683837
74,25523,8.8,8,19,5,36143,48528,Other,Tier 2,Store,0,2026-03-05 14:19:15.683837
41,60530,4.7,3,17,14,136369,104265,Female,Tier 3,Store,0,2026-03-05 14:19:15.683837
75,28769,3.5,7,44,7,100049,142414,Female,Tier 3,Store,0,2026-03-05 14:19:15.683837
36,209114,4.8,3,34,9,86676,104795,Male,Tier 2,Store,0,2026-03-05 14:19:15.683837
54,127035,6.8,6,35,6,124884,59087,Other,Tier 3,Store,0,2026-03-05 14:19:15.683837
56,190717,6.7,3,17,16,139569,84373,Male,Tier 1,Store,0,2026-03-05 14:19:15.683837
38,236815,7.3,8,11,12,11966,31822,Other,Tier 1,Store,0,2026-03-05 14:19:15.683837
25,208214,4.1,3,49,7,36188,6280,Female,Tier 2,Online,1,2026-03-05 14:19:15.683837
45,246832,4.4,5,45,10,60618,110338,Other,Tier 3,Store,0,2026-03-05 14:19:15.683837
22,171629,7.1,3,24,0,146766,42496,Other,Tier 3,Store,0,2026-03-05 14:19:15.683837
34,249799,10.0,8,35,5,86295,104727,Male,Tier 2,Store,0,2026-03-05 14:19:15.683837
54,94782,3.8,10,41,5,30757,72702,Male,Tier 3,Store,0,2026-03-05 14:19:15.683837
53,93382,5.9,9,40,8,65569,70980,Female,Tier 1,Store,0,2026-03-05 14:19:15.683837
71,183157,5.3,6,19,1,147759,86765,Male,Tier 1,Store,0,2026-03-05 14:19:15.683837
36,196780,6.3,10,47,16,50275,78382,Male,Tier 3,Store,0,2026-03-05 14:19:15.683837
44,197429,3.6,4,10,1,149513,135013,Male,Tier 1,Store,0,2026-03-05 14:19:15.683837
70,125939,6.2,10,19,6,10031,24615,Male,Tier 3,Online,1,2026-03-05 14:19:15.683837
51,159542,8.4,4,32,18,144789,64046,Male,Tier 2,Store,0,2026-03-05 14:19:15.683837
28,93712,2.8,5,9,19,122556,83713,Other,Tier 1,Store,0,2026-03-05 14:19:15.683837
71,133643,8.0,3,24,2,7285,83478,Other,Tier 2,Store,0,2026-03-05 14:19:15.683837
62,122417,3.6,4,9,10,17267,66550,Female,Tier 2,Store,0,2026-03-05 14:19:15.683837
64,225154,6.5,4,23,12,41384,6323,Other,Tier 3,Hybrid,0,2026-03-05 14:19:15.683837
29,152877,7.0,1,40,15,41328,56658,Female,Tier 1,Store,0,2026-03-05 14:19:15.683837
71,228396,6.8,1,32,8,101391,75748,Other,Tier 2,Store,0,2026-03-05 14:19:15.683837
38,143256,5.3,9,33,18,142128,97818,Female,Tier 2,Store,0,2026-03-05 14:19:15.683837
71,240956,7.3,3,14,11,70116,109528,Other,Tier 1,Store,0,2026-03-05 14:19:15.683837
28,208100,3.5,5,39,15,47391,56019,Female,Tier 3,Store,0,2026-03-05 14:19:15.683837
56,196844,7.8,2,23,5,31932,90938,Male,Tier 1,Store,0,2026-03-05 14:19:15.683837
45,198176,5.1,1,14,4,135856,30028,Male,Tier 2,Store,0,2026-03-05 14:19:15.683837
22,219688,6.6,7,48,4,9198,61064,Female,Tier 1,Store,0,2026-03-05 14:19:15.683837
34,116422,5.3,10,9,10,85216,28035,Male,Tier 3,Store,0,2026-03-05 14:19:15.683837
73,104300,9.1,9,4,13,133648,120613,Male,Tier 3,Store,0,2026-03-05 14:19:15.683837
37,21630,6.9,4,21,13,61219,24093,Other,Tier 3,Store,0,2026-03-05 14:19:15.683837
58,139474,7.3,4,36,8,60686,136778,Female,Tier 3,Store,0,2026-03-05 14:19:15.683837
63,113869,7.6,3,30,7,83795,86906,Other,Tier 2,Store,0,2026-03-05 14:19:15.683837
75,30701,5.5,3,22,10,106997,116783,Other,Tier 2,Store,0,2026-03-05 14:19:15.683837
29,160931,6.6,2,10,9,30367,120481,Female,Tier 3,Store,0,2026-03-05 14:19:15.683837
23,167255,6.3,3,9,18,113084,74425,Male,Tier 2,Store,0,2026-03-05 14:19:15.683837
34,186510,7.3,5,34,19,31059,57332,Other,Tier 3,Store,0,2026-03-05 14:19:15.683837
68,112285,5.1,8,21,15,104359,64854,Male,Tier 2,Store,0,2026-03-05 14:19:15.683837
36,132556,4.6,8,40,4,105271,67004,Other,Tier 1,Store,0,2026-03-05 14:19:15.683837
43,243495,8.4,5,21,5,95523,125143,Male,Tier 2,Store,0,2026-03-05 14:19:15.683837
65,188316,7.6,1,36,10,91266,47728,Male,Tier 1,Store,0,2026-03-05 14:19:15.683837
61,220384,4.3,10,26,10,72536,54034,Other,Tier 2,Store,0,2026-03-05 14:19:15.683837
61,30021,9.8,2,0,15,129700,32152,Male,Tier 3,Store,0,2026-03-05 14:19:15.683837
69,215935,4.9,8,4,7,63714,43470,Male,Tier 2,Store,0,2026-03-05 14:19:15.683837
49,201637,6.2,10,10,18,50686,85353,Male,Tier 2,Store,0,2026-03-05 14:19:15.683837
23,194115,8.3,9,32,0,65572,55041,Other,Tier 2,Store,0,2026-03-05 14:19:15.683837
72,219222,8.3,7,15,8,82032,4043,Male,Tier 1,Online,1,2026-03-05 14:19:15.683837
75,79361,4.6,9,39,13,86141,20790,Other,Tier 2,Online,1,2026-03-05 14:19:15.683837
53,147317,7.0,9,29,19,15747,111464,Female,Tier 2,Store,0,2026-03-05 14:19:15.683837
55,187083,5.4,6,27,2,68810,113801,Male,Tier 2,Store,0,2026-03-05 14:19:15.683837
28,25355,6.8,6,28,4,137726,55698,Other,Tier 3,Store,0,2026-03-05 14:19:15.683837
50,113841,5.7,7,15,1,116664,73390,Male,Tier 2,Store,0,2026-03-05 14:19:15.683837
79,194764,5.2,1,0,17,107585,108486,Other,Tier 3,Store,0,2026-03-05 14:19:15.683837
41,195076,4.1,9,7,12,71901,146835,Male,Tier 2,Store,0,2026-03-05 14:19:15.683837
40,175786,8.4,1,3,3,47050,123569,Male,Tier 3,Store,0,2026-03-05 14:19:15.683837
32,32198,4.5,8,35,16,83922,111103,Other,Tier 2,Store,0,2026-03-05 14:19:15.683837
44,81951,8.9,10,17,13,73344,142073,Other,Tier 3,Store,0,2026-03-05 14:19:15.683837
28,147724,5.4,2,18,11,119307,34323,Male,Tier 1,Store,0,2026-03-05 14:19:15.683837
74,189697,7.0,10,35,9,75813,11899,Other,Tier 2,Online,1,2026-03-05 14:19:15.683837
68,232054,9.1,7,8,14,19895,51606,Other,Tier 3,Store,0,2026-03-05 14:19:15.683837
67,33740,5.1,5,25,6,79290,139586,Male,Tier 3,Store,0,2026-03-05 14:19:15.683837
34,18810,6.9,8,1,2,61807,55598,Male,Tier 3,Store,0,2026-03-05 14:19:15.683837
68,138743,7.0,10,2,19,51241,40956,Female,Tier 1,Store,0,2026-03-05 14:19:15.683837
70,162641,4.7,7,27,10,127328,142366,Male,Tier 3,Store,0,2026-03-05 14:19:15.683837
31,114855,6.4,8,44,12,90188,65526,Other,Tier 3,Store,0,2026-03-05 14:19:15.683837
44,225192,7.5,2,19,2,55215,47676,Female,Tier 1,Store,0,2026-03-05 14:19:15.683837
35,41783,9.4,10,18,12,34090,132790,Other,Tier 1,Store,0,2026-03-05 14:19:15.683837
45,136701,5.2,9,18,7,57476,70629,Other,Tier 2,Store,0,2026-03-05 14:19:15.683837
68,245137,6.7,6,40,8,12027,111046,Male,Tier 2,Store,0,2026-03-05 14:19:15.683837
64,93047,5.7,6,36,6,105824,132791,Male,Tier 3,Store,0,2026-03-05 14:19:15.683837
64,24471,6.4,6,14,7,137715,64505,Other,Tier 1,Store,0,2026-03-05 14:19:15.683837
21,125771,4.8,1,40,13,87769,63708,Female,Tier 1,Store,0,2026-03-05 14:19:15.683837
24,21163,5.7,7,5,17,119023,12117,Other,Tier 2,Online,1,2026-03-05 14:19:15.683837
62,209159,9.0,2,41,9,91026,46268,Male,Tier 3,Store,0,2026-03-05 14:19:15.683837
52,77071,6.3,2,0,2,131158,51948,Other,Tier 2,Store,0,2026-03-05 14:19:15.683837
65,31065,6.2,5,12,15,58674,88591,Female,Tier 3,Store,0,2026-03-05 14:19:15.683837
26,137323,4.3,6,48,14,118355,83659,Female,Tier 3,Store,0,2026-03-05 14:19:15.683837
25,132969,8.2,1,45,12,14148,41865,Female,Tier 3,Store,0,2026-03-05 14:19:15.683837
69,98456,7.7,1,2,3,72109,79537,Female,Tier 3,Store,0,2026-03-05 14:19:15.683837
62,194420,6.3,1,44,15,96032,19416,Female,Tier 2,Store,0,2026-03-05 14:19:15.683837
34,34154,9.8,7,7,17,128586,138126,Female,Tier 2,Store,0,2026-03-05 14:19:15.683837
34,120703,4.9,1,22,18,1014,90984,Female,Tier 3,Store,0,2026-03-05 14:19:15.683837
66,35229,3.9,9,27,15,28864,47759,Male,Tier 2,Store,0,2026-03-05 14:19:15.683837
50,67587,5.8,3,32,11,91541,144249,Male,Tier 1,Store,0,2026-03-05 14:19:15.683837
49,64713,4.3,10,33,1,87562,73999,Male,Tier 3,Store,0,2026-03-05 14:19:15.683837
25,173069,6.5,2,33,7,127460,102708,Male,Tier 2,Store,0,2026-03-05 14:19:15.683837
36,36101,6.1,6,24,10,46029,131910,Female,Tier 1,Store,0,2026-03-05 14:19:15.683837
55,55391,8.3,2,40,11,95915,19589,Male,Tier 3,Hybrid,0,2026-03-05 14:19:15.683837
20,221935,5.1,5,0,5,144254,103129,Other,Tier 2,Store,0,2026-03-05 14:19:15.683837
76,87723,6.7,5,42,15,43126,107895,Other,Tier 1,Store,0,2026-03-05 14:19:15.683837
22,241293,6.4,9,6,4,46949,1617,Female,Tier 1,Online,1,2026-03-05 14:19:15.683837
30,205477,7.7,4,37,9,47610,88772,Other,Tier 1,Store,0,2026-03-05 14:19:15.683837
64,181020,3.7,8,27,4,63769,108427,Female,Tier 3,Store,0,2026-03-05 14:19:15.683837
63,115264,4.2,7,16,17,30007,24063,Other,Tier 3,Store,0,2026-03-05 14:19:15.683837
78,199103,4.8,7,37,1,60586,83902,Other,Tier 2,Store,0,2026-03-05 14:19:15.683837
48,52921,3.8,1,47,13,24016,71386,Other,Tier 3,Store,0,2026-03-05 14:19:15.683837
72,218643,7.2,6,29,6,80636,29651,Other,Tier 1,Store,0,2026-03-05 14:19:15.683837
33,223079,7.2,6,0,7,97476,14524,Male,Tier 1,Store,0,2026-03-05 14:19:15.683837
67,43460,8.2,10,27,3,138237,52094,Female,Tier 1,Store,0,2026-03-05 14:19:15.683837
49,167143,5.7,8,35,4,48416,106179,Female,Tier 3,Store,0,2026-03-05 14:19:15.683837
39,212190,5.1,6,17,16,4068,98173,Male,Tier 1,Store,0,2026-03-05 14:19:15.683837
46,194354,4.1,8,1,5,58795,72578,Other,Tier 3,Store,0,2026-03-05 14:19:15.683837
39,106725,8.6,6,32,0,26339,95536,Other,Tier 1,Store,0,2026-03-05 14:19:15.683837
60,73445,5.6,8,6,2,77125,83154,Female,Tier 2,Store,0,2026-03-05 14:19:15.683837
20,227139,4.5,5,47,9,62019,78214,Male,Tier 1,Store,0,2026-03-05 14:19:15.683837
71,97208,7.5,9,44,12,134600,2480,Female,Tier 3,Online,1,2026-03-05 14:19:15.683837
27,200888,5.3,4,49,18,46103,35807,Other,Tier 1,Store,0,2026-03-05 14:19:15.683837
59,121283,3.9,6,38,13,89205,45654,Other,Tier 3,Store,0,2026-03-05 14:19:15.683837
79,100779,4.3,2,17,10,62224,33975,Male,Tier 2,Store,0,2026-03-05 14:19:15.683837
38,18060,6.2,3,6,17,3082,19010,Male,Tier 3,Store,0,2026-03-05 14:19:15.683837
33,140806,3.9,4,3,10,54239,18922,Male,Tier 3,Store,0,2026-03-05 14:19:15.683837
29,28731,5.8,3,16,14,33971,96436,Other,Tier 3,Store,0,2026-03-05 14:19:15.683837
19,92830,4.3,7,18,3,108094,146281,Other,Tier 1,Store,0,2026-03-05 14:19:15.683837
58,130871,4.1,9,4,10,39031,22249,Female,Tier 2,Store,0,2026-03-05 14:19:15.683837
41,35719,5.0,6,38,5,102717,48499,Male,Tier 2,Store,0,2026-03-05 14:19:15.683837
52,193114,6.3,3,37,17,98952,126293,Female,Tier 2,Store,0,2026-03-05 14:19:15.683837
73,64116,6.6,9,36,11,47227,132050,Female,Tier 3,Store,0,2026-03-05 14:19:15.683837
47,41325,7.8,1,12,15,12117,69445,Female,Tier 2,Store,0,2026-03-05 14:19:15.683837
74,168669,4.4,5,11,19,144848,74691,Male,Tier 1,Store,0,2026-03-05 14:19:15.683837
47,213511,8.8,10,36,15,49128,141646,Female,Tier 1,Store,0,2026-03-05 14:19:15.683837
64,29551,11.4,10,3,17,134042,127494,Other,Tier 1,Store,0,2026-03-05 14:19:15.683837
52,108287,5.2,5,24,13,119261,43239,Other,Tier 2,Store,0,2026-03-05 14:19:15.683837
36,39278,2.5,2,30,16,80296,1474,Female,Tier 1,Store,0,2026-03-05 14:19:15.683837
67,237261,2.5,5,39,14,65304,68940,Male,Tier 1,Store,0,2026-03-05 14:19:15.683837
25,30141,5.0,1,14,9,14240,9889,Male,Tier 1,Store,0,2026-03-05 14:19:15.683837
43,82913,4.6,1,27,6,104851,31180,Female,Tier 1,Store,0,2026-03-05 14:19:15.683837
66,48615,6.0,4,10,4,89897,80018,Male,Tier 2,Store,0,2026-03-05 14:19:15.683837
57,137058,7.0,6,28,10,63378,142439,Male,Tier 1,Store,0,2026-03-05 14:19:15.683837
24,208823,3.4,2,4,2,126337,9780,Other,Tier 3,Hybrid,0,2026-03-05 14:19:15.683837
47,127684,5.7,5,42,16,114944,8632,Other,Tier 1,Online,1,2026-03-05 14:19:15.683837
24,42452,5.0,10,41,18,46407,133830,Female,Tier 3,Store,0,2026-03-05 14:19:15.683837
20,168797,10.1,5,1,8,112630,90537,Male,Tier 1,Store,0,2026-03-05 14:19:15.683837
18,65391,3.2,3,19,3,109589,26464,Male,Tier 1,Store,0,2026-03-05 14:19:15.683837
53,135288,4.5,4,21,14,134653,94465,Other,Tier 2,Store,0,2026-03-05 14:19:15.683837
42,221132,6.1,2,39,8,70102,23363,Other,Tier 2,Store,0,2026-03-05 14:19:15.683837
54,128535,4.5,7,26,15,87514,130553,Male,Tier 3,Store,0,2026-03-05 14:19:15.683837
18,157770,8.3,3,20,16,67952,8121,Other,Tier 1,Hybrid,0,2026-03-05 14:19:15.683837
32,101711,4.0,6,19,17,80223,104495,Other,Tier 1,Store,0,2026-03-05 14:19:15.683837
54,92850,4.2,9,31,4,109403,116024,Female,Tier 3,Store,0,2026-03-05 14:19:15.683837
30,124733,8.4,7,35,4,118417,56790,Female,Tier 3,Store,0,2026-03-05 14:19:15.683837
57,17365,3.6,4,47,8,104181,117314,Other,Tier 2,Store,0,2026-03-05 14:19:15.683837
25,243625,7.7,2,45,9,21706,87549,Male,Tier 3,Store,0,2026-03-05 14:19:15.683837
22,112662,5.1,7,2,12,59008,105490,Male,Tier 3,Store,0,2026-03-05 14:19:15.683837
77,58372,4.8,8,7,16,5965,19055,Female,Tier 3,Store,0,2026-03-05 14:19:15.683837
26,59134,5.0,3,29,12,122120,132281,Female,Tier 3,Store,0,2026-03-05 14:19:15.683837
18,52823,3.8,7,3,6,67130,91348,Other,Tier 1,Store,0,2026-03-05 14:19:15.683837
53,86158,7.8,1,6,19,120430,127022,Male,Tier 3,Store,0,2026-03-05 14:19:15.683837
52,111076,6.3,8,23,2,57419,49329,Male,Tier 1,Store,0,2026-03-05 14:19:15.683837
19,148021,7.8,7,8,0,70062,71836,Other,Tier 3,Store,0,2026-03-05 14:19:15.683837
57,64396,8.4,6,33,9,78146,72935,Male,Tier 2,Store,0,2026-03-05 14:19:15.683837
40,123336,7.1,3,34,14,36919,37262,Female,Tier 3,Store,0,2026-03-05 14:19:15.683837
26,46912,3.1,4,8,12,76810,48466,Female,Tier 3,Store,0,2026-03-05 14:19:15.683837
51,71947,4.1,8,38,16,132940,16371,Male,Tier 3,Store,0,2026-03-05 14:19:15.683837
63,243769,7.7,1,14,17,115289,99934,Female,Tier 3,Store,0,2026-03-05 14:19:15.683837
31,59387,6.1,2,48,9,21756,51988,Female,Tier 3,Store,0,2026-03-05 14:19:15.683837
21,210037,7.3,1,11,19,81024,52419,Other,Tier 2,Store,0,2026-03-05 14:19:15.683837
47,31508,5.8,4,3,8,52120,86462,Male,Tier 2,Store,0,2026-03-05 14:19:15.683837
48,60592,5.1,6,16,0,25912,56437,Female,Tier 3,Store,0,2026-03-05 14:19:15.683837
55,124249,7.3,5,8,11,146436,118966,Male,Tier 3,Store,0,2026-03-05 14:19:15.683837
28,16919,2.5,6,30,10,82886,119367,Other,Tier 3,Store,0,2026-03-05 14:19:15.683837
52,57595,5.4,2,29,10,77577,114677,Female,Tier 1,Store,0,2026-03-05 14:19:15.683837
25,155689,6.1,5,37,14,3187,146378,Other,Tier 1,Store,0,2026-03-05 14:19:15.683837
20,221340,6.4,1,17,19,29541,92212,Male,Tier 3,Store,0,2026-03-05 14:19:15.683837
31,48298,3.4,6,20,13,56329,58386,Female,Tier 3,Store,0,2026-03-05 14:19:15.683837
77,153001,3.5,4,16,8,130946,106584,Female,Tier 2,Store,0,2026-03-05 14:19:15.683837
30,248725,5.2,10,34,1,119153,131464,Other,Tier 1,Store,0,2026-03-05 14:19:15.683837
62,29456,5.9,9,16,1,18008,91163,Male,Tier 3,Store,0,2026-03-05 14:19:15.683837
49,124599,9.1,3,16,15,128259,72462,Male,Tier 3,Store,0,2026-03-05 14:19:15.683837
51,101676,4.2,3,24,5,8724,125016,Male,Tier 1,Store,0,2026-03-05 14:19:15.683837
62,98721,5.0,9,12,12,22038,138695,Other,Tier 2,Store,0,2026-03-05 14:19:15.683837
78,52924,9.2,4,23,5,11972,53019,Male,Tier 3,Store,0,2026-03-05 14:19:15.683837
36,39240,8.1,7,14,0,1348,118871,Female,Tier 2,Store,0,2026-03-05 14:19:15.683837
76,102381,3.8,10,20,12,41179,2848,Female,Tier 3,Online,1,2026-03-05 14:19:15.683837
55,24228,7.4,2,11,1,84682,14761,Male,Tier 1,Online,1,2026-03-05 14:19:15.683837
33,36686,7.7,1,13,0,106613,127943,Other,Tier 2,Store,0,2026-03-05 14:19:15.683837
19,26920,6.4,10,46,0,126220,76900,Female,Tier 2,Store,0,2026-03-05 14:19:15.683837
57,22432,3.7,1,45,10,13321,74803,Male,Tier 2,Store,0,2026-03-05 14:19:15.683837
34,209647,4.8,6,27,15,78918,102167,Other,Tier 1,Store,0,2026-03-05 14:19:15.683837
72,125507,4.7,4,24,8,110769,119540,Other,Tier 3,Store,0,2026-03-05 14:19:15.683837
51,145509,7.1,2,27,6,42881,5283,Other,Tier 3,Hybrid,0,2026-03-05 14:19:15.683837
59,86725,5.1,7,30,13,114427,108637,Other,Tier 3,Store,0,2026-03-05 14:19:15.683837
77,239647,5.5,8,35,4,8389,64109,Female,Tier 1,Store,0,2026-03-05 14:19:15.683837
33,179982,4.8,7,15,18,123193,34107,Female,Tier 1,Store,0,2026-03-05 14:19:15.683837
55,136764,2.9,10,39,16,19788,6709,Male,Tier 3,Online,1,2026-03-05 14:19:15.683837
77,176298,11.2,9,28,7,136624,41951,Female,Tier 1,Store,0,2026-03-05 14:19:15.683837
19,219222,6.8,1,10,3,143970,116362,Other,Tier 2,Store,0,2026-03-05 14:19:15.683837
19,74099,8.9,10,25,1,29673,8496,Female,Tier 1,Online,1,2026-03-05 14:19:15.683837
43,127557,3.8,6,26,19,38314,21094,Female,Tier 2,Store,0,2026-03-05 14:19:15.683837
30,101760,9.0,8,29,12,32914,74568,Female,Tier 1,Store,0,2026-03-05 14:19:15.683837
73,33013,5.2,9,36,19,140500,63510,Male,Tier 2,Store,0,2026-03-05 14:19:15.683837
64,36446,7.1,8,2,5,103039,61620,Male,Tier 2,Store,0,2026-03-05 14:19:15.683837
48,120209,8.0,6,9,17,94839,103001,Male,Tier 1,Store,0,2026-03-05 14:19:15.683837
77,249265,9.0,8,31,4,149229,59042,Male,Tier 2,Store,0,2026-03-05 14:19:15.683837
51,216447,5.9,8,4,11,146014,44580,Female,Tier 2,Store,0,2026-03-05 14:19:15.683837
56,208581,4.0,1,8,18,29789,15733,Female,Tier 1,Store,0,2026-03-05 14:19:15.683837
20,117261,6.0,8,25,19,121019,140163,Other,Tier 1,Store,0,2026-03-05 14:19:15.683837
25,110739,7.2,7,34,18,140010,55507,Male,Tier 3,Store,0,2026-03-05 14:19:15.683837
40,15557,4.9,8,4,14,25376,110160,Other,Tier 1,Store,0,2026-03-05 14:19:15.683837
31,176738,5.2,8,15,6,30510,65656,Other,Tier 1,Store,0,2026-03-05 14:19:15.683837
73,183461,2.9,10,12,18,68118,34559,Male,Tier 3,Store,0,2026-03-05 14:19:15.683837
79,193772,4.0,10,29,2,132006,61778,Other,Tier 1,Store,0,2026-03-05 14:19:15.683837
72,145878,6.9,6,10,0,31358,42192,Male,Tier 3,Store,0,2026-03-05 14:19:15.683837
44,114143,7.8,9,29,9,101321,140112,Other,Tier 1,Store,0,2026-03-05 14:19:15.683837
71,39578,8.2,3,48,3,37182,75965,Male,Tier 1,Store,0,2026-03-05 14:19:15.683837
46,89779,10.6,10,20,15,139691,148263,Other,Tier 3,Store,0,2026-03-05 14:19:15.683837
56,155668,9.0,1,3,11,25409,23795,Other,Tier 2,Store,0,2026-03-05 14:19:15.683837
70,72500,5.7,9,16,9,79108,19854,Female,Tier 3,Hybrid,0,2026-03-05 14:19:15.683837
56,87534,4.1,10,32,2,103856,140020,Male,Tier 2,Store,0,2026-03-05 14:19:15.683837
18,25129,5.5,10,30,7,8260,93580,Other,Tier 1,Store,0,2026-03-05 14:19:15.683837
34,209466,4.9,2,5,4,7896,96870,Other,Tier 2,Store,0,2026-03-05 14:19:15.683837
58,212118,6.3,3,32,15,11302,71589,Female,Tier 1,Store,0,2026-03-05 14:19:15.683837
47,26596,7.8,4,38,3,21787,115788,Female,Tier 1,Store,0,2026-03-05 14:19:15.683837
70,80355,7.0,8,42,15,145340,132922,Male,Tier 3,Store,0,2026-03-05 14:19:15.683837
30,27974,9.2,9,41,2,89320,123767,Female,Tier 1,Store,0,2026-03-05 14:19:15.683837
38,212745,6.8,3,49,3,43792,116089,Female,Tier 3,Store,0,2026-03-05 14:19:15.683837
36,127004,3.4,2,26,15,59758,113024,Female,Tier 2,Store,0,2026-03-05 14:19:15.683837
70,141794,4.9,2,24,4,97699,63592,Male,Tier 1,Store,0,2026-03-05 14:19:15.683837
36,239505,6.8,9,41,17,134569,25991,Other,Tier 3,Store,0,2026-03-05 14:19:15.683837
74,85202,6.5,8,18,19,59039,86117,Female,Tier 2,Store,0,2026-03-05 14:19:15.683837
42,89442,8.6,2,1,7,107688,13760,Other,Tier 1,Hybrid,0,2026-03-05 14:19:15.683837
39,167890,6.0,8,0,7,85455,23033,Female,Tier 1,Store,0,2026-03-05 14:19:15.683837
48,189318,5.6,4,13,6,10481,31804,Female,Tier 3,Store,0,2026-03-05 14:19:15.683837
34,70598,2.9,6,43,9,74926,28241,Female,Tier 2,Online,1,2026-03-05 14:19:15.683837
72,148726,4.4,5,14,1,44288,6577,Other,Tier 1,Online,1,2026-03-05 14:19:15.683837
40,48758,6.6,5,21,19,147203,43790,Male,Tier 1,Store,0,2026-03-05 14:19:15.683837
49,39204,6.4,10,16,5,67871,95356,Female,Tier 3,Store,0,2026-03-05 14:19:15.683837
79,142309,7.2,10,49,14,102138,122429,Female,Tier 2,Store,0,2026-03-05 14:19:15.683837
27,181000,6.9,7,40,13,95736,73753,Other,Tier 1,Store,0,2026-03-05 14:19:15.683837
27,199681,5.8,8,31,7,84730,31092,Male,Tier 3,Online,1,2026-03-05 14:19:15.683837
53,45552,4.0,5,32,8,48645,79222,Male,Tier 1,Store,0,2026-03-05 14:19:15.683837
25,156408,6.0,4,0,4,148662,110101,Female,Tier 1,Store,0,2026-03-05 14:19:15.683837
71,62037,5.9,2,40,4,37760,135444,Male,Tier 2,Store,0,2026-03-05 14:19:15.683837
69,162278,8.7,5,18,8,85824,50211,Other,Tier 3,Store,0,2026-03-05 14:19:15.683837
37,49831,8.7,8,37,6,94884,124409,Female,Tier 2,Store,0,2026-03-05 14:19:15.683837
49,58563,5.0,1,49,7,34563,42654,Other,Tier 2,Store,0,2026-03-05 14:19:15.683837
67,33361,4.8,6,34,14,146246,35136,Other,Tier 1,Store,0,2026-03-05 14:19:15.683837
31,56335,3.3,2,3,2,62219,60084,Female,Tier 3,Store,0,2026-03-05 14:19:15.683837
67,89469,5.7,2,10,16,53032,14113,Male,Tier 2,Store,0,2026-03-05 14:19:15.683837
45,40816,5.1,8,48,18,35996,15279,Other,Tier 3,Online,1,2026-03-05 14:19:15.683837
63,161691,11.2,6,2,17,23812,90492,Other,Tier 1,Store,0,2026-03-05 14:19:15.683837
69,249295,3.8,6,1,9,33742,125641,Other,Tier 3,Store,0,2026-03-05 14:19:15.683837
70,107479,6.1,6,35,1,7701,86181,Other,Tier 2,Store,0,2026-03-05 14:19:15.683837
41,41819,4.7,9,22,1,116387,8546,Female,Tier 3,Online,1,2026-03-05 14:19:15.683837
32,157813,6.0,3,10,16,6044,78760,Other,Tier 3,Store,0,2026-03-05 14:19:15.683837
39,137330,5.3,2,34,14,129029,93450,Other,Tier 3,Store,0,2026-03-05 14:19:15.683837
47,23798,7.6,5,28,15,149223,129134,Other,Tier 3,Store,0,2026-03-05 14:19:15.683837
21,171215,6.9,6,6,5,75507,87685,Other,Tier 1,Store,0,2026-03-05 14:19:15.683837
30,64695,7.6,9,18,19,78352,143743,Other,Tier 2,Store,0,2026-03-05 14:19:15.683837
76,178819,4.5,9,5,1,51286,144481,Other,Tier 3,Store,0,2026-03-05 14:19:15.683837
40,245259,8.2,2,24,14,7694,136455,Male,Tier 3,Store,0,2026-03-05 14:19:15.683837
25,144544,5.0,9,15,17,47866,54086,Female,Tier 3,Store,0,2026-03-05 14:19:15.683837
35,167254,3.2,9,22,7,77801,62122,Female,Tier 1,Store,0,2026-03-05 14:19:15.683837
29,24415,5.6,6,10,3,134821,148661,Male,Tier 2,Store,0,2026-03-05 14:19:15.683837
72,157157,6.2,1,32,4,62050,122615,Male,Tier 1,Store,0,2026-03-05 14:19:15.683837
48,161080,3.5,8,7,7,76898,128149,Other,Tier 2,Store,0,2026-03-05 14:19:15.683837
31,102638,7.7,8,35,16,91880,50792,Other,Tier 3,Store,0,2026-03-05 14:19:15.683837
51,33452,4.4,8,49,5,106392,138585,Male,Tier 3,Store,0,2026-03-05 14:19:15.683837
35,210147,4.3,8,24,14,25833,96442,Male,Tier 1,Store,0,2026-03-05 14:19:15.683837
73,154192,6.0,10,34,0,49285,64784,Male,Tier 1,Store,0,2026-03-05 14:19:15.683837
51,210457,7.7,5,12,10,25488,132635,Female,Tier 2,Store,0,2026-03-05 14:19:15.683837
28,219428,3.6,2,5,5,1704,59333,Female,Tier 3,Store,0,2026-03-05 14:19:15.683837
58,125205,7.9,9,34,5,129485,74077,Male,Tier 2,Store,0,2026-03-05 14:19:15.683837
29,33170,1.7,6,45,19,55824,40877,Male,Tier 1,Store,0,2026-03-05 14:19:15.683837
66,31259,6.7,3,38,19,1481,32412,Other,Tier 2,Store,0,2026-03-05 14:19:15.683837
32,37099,3.7,1,49,17,113155,60341,Other,Tier 1,Store,0,2026-03-05 14:19:15.683837
74,155721,4.4,5,3,17,141302,8380,Male,Tier 1,Store,0,2026-03-05 14:19:15.683837
48,144394,9.5,4,44,6,20234,108762,Other,Tier 3,Store,0,2026-03-05 14:19:15.683837
66,241863,4.0,4,42,15,93716,64633,Male,Tier 1,Store,0,2026-03-05 14:19:15.683837
75,74258,5.9,9,41,18,41366,121907,Male,Tier 1,Store,0,2026-03-05 14:19:15.683837
46,187109,3.9,6,15,11,46977,142736,Other,Tier 2,Store,0,2026-03-05 14:19:15.683837
43,26805,7.5,8,10,17,108580,140801,Other,Tier 1,Store,0,2026-03-05 14:19:15.683837
35,58147,6.8,9,23,3,118053,58658,Other,Tier 3,Store,0,2026-03-05 14:19:15.683837
49,89280,7.1,1,13,1,37133,59626,Other,Tier 2,Store,0,2026-03-05 14:19:15.683837
39,192125,8.3,7,39,8,8893,11364,Female,Tier 2,Online,1,2026-03-05 14:19:15.683837
55,121777,5.3,7,7,6,11039,46981,Other,Tier 2,Store,0,2026-03-05 14:19:15.683837
34,112841,8.1,9,29,11,130232,115261,Male,Tier 2,Store,0,2026-03-05 14:19:15.683837
40,237465,9.0,1,30,4,75878,29550,Female,Tier 3,Hybrid,0,2026-03-05 14:19:15.683837
41,139726,6.6,2,5,11,59781,66797,Female,Tier 3,Store,0,2026-03-05 14:19:15.683837
67,143359,3.8,6,23,15,81620,68130,Other,Tier 3,Store,0,2026-03-05 14:19:15.683837
25,91215,3.6,4,0,18,111225,20665,Other,Tier 1,Store,0,2026-03-05 14:19:15.683837
58,127909,6.9,5,37,11,3439,129379,Female,Tier 1,Store,0,2026-03-05 14:19:15.683837
23,110365,3.8,5,45,0,121090,110576,Other,Tier 2,Store,0,2026-03-05 14:19:15.683837
22,25985,3.3,10,20,0,51510,110911,Male,Tier 3,Store,0,2026-03-05 14:19:15.683837
61,239895,7.8,1,5,18,112256,57817,Female,Tier 3,Store,0,2026-03-05 14:19:15.683837
74,27391,5.1,1,14,19,27193,97151,Female,Tier 2,Store,0,2026-03-05 14:19:15.683837
46,19861,10.8,7,31,11,96090,15423,Male,Tier 2,Online,1,2026-03-05 14:19:15.683837
45,209654,4.7,3,17,4,129810,37516,Female,Tier 1,Store,0,2026-03-05 14:19:15.683837
28,198000,5.0,5,46,8,64998,128523,Male,Tier 1,Store,0,2026-03-05 14:19:15.683837
74,49364,6.7,8,31,11,13703,14996,Other,Tier 2,Online,1,2026-03-05 14:19:15.683837
18,97399,6.4,5,11,1,41442,32588,Male,Tier 1,Store,0,2026-03-05 14:19:15.683837
60,243107,5.8,10,10,12,45471,125543,Male,Tier 3,Store,0,2026-03-05 14:19:15.683837
36,239402,5.8,9,33,3,81246,73765,Female,Tier 1,Store,0,2026-03-05 14:19:15.683837
26,57923,12.0,4,1,18,120812,83640,Other,Tier 3,Store,0,2026-03-05 14:19:15.683837
44,153991,9.3,7,43,7,22512,64607,Male,Tier 3,Store,0,2026-03-05 14:19:15.683837
51,201968,7.7,8,21,12,11498,113253,Other,Tier 2,Store,0,2026-03-05 14:19:15.683837
61,100818,3.5,7,20,0,139946,68834,Other,Tier 3,Store,0,2026-03-05 14:19:15.683837
21,193468,5.9,4,5,16,109215,76467,Male,Tier 3,Store,0,2026-03-05 14:19:15.683837
53,180912,7.3,8,5,16,44203,127317,Other,Tier 2,Store,0,2026-03-05 14:19:15.683837
35,188327,7.5,10,11,3,30835,102572,Other,Tier 2,Store,0,2026-03-05 14:19:15.683837
32,86160,8.6,10,3,7,41008,42249,Female,Tier 1,Store,0,2026-03-05 14:19:15.683837
68,143165,4.7,10,6,19,127826,143905,Male,Tier 1,Store,0,2026-03-05 14:19:15.683837
30,245314,5.9,4,11,4,148076,33465,Male,Tier 1,Store,0,2026-03-05 14:19:15.683837
36,154248,4.5,10,29,15,62937,125908,Male,Tier 1,Store,0,2026-03-05 14:19:15.683837
66,48529,8.7,8,8,1,86466,6029,Male,Tier 1,Online,1,2026-03-05 14:19:15.683837
23,202478,7.4,8,6,8,88831,100274,Other,Tier 1,Store,0,2026-03-05 14:19:15.683837
65,159013,5.0,4,47,12,110361,86745,Female,Tier 1,Store,0,2026-03-05 14:19:15.683837
73,16669,6.4,5,46,18,147322,45303,Female,Tier 3,Store,0,2026-03-05 14:19:15.683837
29,231854,6.1,5,21,8,149392,148687,Female,Tier 1,Store,0,2026-03-05 14:19:15.683837
68,132373,4.2,5,26,2,46194,52638,Male,Tier 1,Store,0,2026-03-05 14:19:15.683837
54,59859,7.9,3,34,0,11795,101831,Other,Tier 2,Store,0,2026-03-05 14:19:15.683837
34,70786,6.2,2,37,17,51931,124774,Male,Tier 3,Store,0,2026-03-05 14:19:15.683837
75,197155,4.9,1,23,14,2109,34795,Female,Tier 1,Store,0,2026-03-05 14:19:15.683837
40,186148,4.2,3,13,0,60805,41613,Other,Tier 2,Store,0,2026-03-05 14:19:15.683837
43,35323,7.7,9,39,14,124848,57635,Other,Tier 2,Store,0,2026-03-05 14:19:15.683837
46,245502,6.5,7,35,17,132503,95078,Male,Tier 3,Store,0,2026-03-05 14:19:15.683837
50,21021,4.6,2,12,18,133759,103049,Other,Tier 3,Store,0,2026-03-05 14:19:15.683837
77,54807,5.0,8,36,19,121005,16275,Male,Tier 1,Hybrid,0,2026-03-05 14:19:15.683837
44,143305,6.0,8,49,18,71649,124929,Male,Tier 2,Store,0,2026-03-05 14:19:15.683837
42,65355,6.1,7,10,19,95804,147956,Male,Tier 2,Store,0,2026-03-05 14:19:15.683837
73,248511,6.4,6,31,12,13110,116062,Other,Tier 1,Store,0,2026-03-05 14:19:15.683837
72,128415,2.5,2,4,4,67179,49423,Other,Tier 1,Store,0,2026-03-05 14:19:15.683837
27,190804,6.2,4,16,4,52850,93860,Male,Tier 2,Store,0,2026-03-05 14:19:15.683837
64,23711,3.6,1,1,10,69337,129646,Female,Tier 2,Store,0,2026-03-05 14:19:15.683837
40,209151,8.8,7,31,9,15438,117911,Male,Tier 1,Store,0,2026-03-05 14:19:15.683837
38,22904,8.1,2,22,5,18045,133907,Other,Tier 2,Store,0,2026-03-05 14:19:15.683837
38,79033,8.3,6,4,5,51549,44426,Female,Tier 1,Store,0,2026-03-05 14:19:15.683837
60,246659,1.1,9,39,12,57477,99526,Male,Tier 2,Store,0,2026-03-05 14:19:15.683837
30,101478,5.4,5,37,5,78693,37610,Female,Tier 3,Store,0,2026-03-05 14:19:15.683837
54,135035,5.8,5,7,6,135703,103329,Other,Tier 2,Store,0,2026-03-05 14:19:15.683837
50,235859,7.1,4,26,7,140472,26468,Male,Tier 1,Store,0,2026-03-05 14:19:15.683837
41,201168,7.8,1,1,9,127679,118693,Male,Tier 1,Store,0,2026-03-05 14:19:15.683837
61,236666,8.6,4,39,10,26523,70941,Other,Tier 3,Store,0,2026-03-05 14:19:15.683837
28,246853,1.4,9,6,4,143620,69221,Male,Tier 3,Store,0,2026-03-05 14:19:15.683837
34,18093,4.4,9,39,7,33534,74251,Female,Tier 3,Store,0,2026-03-05 14:19:15.683837
21,39918,6.1,7,49,0,116257,50041,Other,Tier 3,Store,0,2026-03-05 14:19:15.683837
64,218815,7.7,4,21,6,146902,134726,Female,Tier 3,Store,0,2026-03-05 14:19:15.683837
42,208708,7.6,9,6,17,135218,52326,Other,Tier 3,Store,0,2026-03-05 14:19:15.683837
47,204878,6.9,5,46,11,97252,98374,Other,Tier 3,Store,0,2026-03-05 14:19:15.683837
26,155466,4.7,10,8,18,89495,3174,Other,Tier 1,Online,1,2026-03-05 14:19:15.683837
38,139501,5.0,2,45,7,121222,78399,Male,Tier 3,Store,0,2026-03-05 14:19:15.683837
37,107510,4.7,9,44,2,90303,139923,Female,Tier 1,Store,0,2026-03-05 14:19:15.683837
36,108708,4.0,6,34,9,65820,111221,Female,Tier 1,Store,0,2026-03-05 14:19:15.683837
36,112819,4.0,5,37,13,43345,149386,Other,Tier 2,Store,0,2026-03-05 14:19:15.683837
29,159352,3.8,10,23,18,63601,146618,Male,Tier 1,Store,0,2026-03-05 14:19:15.683837
54,51303,6.7,8,35,18,139160,93767,Male,Tier 3,Store,0,2026-03-05 14:19:15.683837
59,42453,6.2,2,17,8,122045,69544,Male,Tier 1,Store,0,2026-03-05 14:19:15.683837
34,123886,4.1,5,42,4,8966,147972,Female,Tier 1,Store,0,2026-03-05 14:19:15.683837
54,75695,2.6,10,25,6,119768,130023,Other,Tier 2,Store,0,2026-03-05 14:19:15.683837
71,214521,5.3,8,38,12,2120,54363,Male,Tier 3,Store,0,2026-03-05 14:19:15.683837
65,171837,9.0,4,14,17,50625,144714,Other,Tier 1,Store,0,2026-03-05 14:19:15.683837
56,148412,6.0,10,21,12,66838,116673,Other,Tier 1,Store,0,2026-03-05 14:19:15.683837
45,237787,7.6,10,24,6,64677,127457,Other,Tier 3,Store,0,2026-03-05 14:19:15.683837
58,239481,6.4,9,42,7,47771,79796,Female,Tier 3,Store,0,2026-03-05 14:19:15.683837
52,53057,5.9,7,24,3,23898,18785,Male,Tier 3,Online,1,2026-03-05 14:19:15.683837
64,146669,3.1,7,40,16,37221,4036,Other,Tier 1,Online,1,2026-03-05 14:19:15.683837
65,204060,5.2,9,24,9,68652,14017,Female,Tier 3,Online,1,2026-03-05 14:19:15.683837
35,109655,4.9,3,37,3,59337,54052,Female,Tier 1,Store,0,2026-03-05 14:19:15.683837
31,30025,9.0,3,24,4,40726,30405,Other,Tier 2,Hybrid,0,2026-03-05 14:19:15.683837
52,22145,6.4,10,6,4,57414,29334,Other,Tier 1,Online,1,2026-03-05 14:19:15.683837
61,116206,8.6,7,39,17,88118,75645,Male,Tier 3,Store,0,2026-03-05 14:19:15.683837
58,201869,8.3,2,43,1,92753,5406,Male,Tier 1,Online,1,2026-03-05 14:19:15.683837
77,56723,4.3,10,23,10,15209,74947,Female,Tier 2,Store,0,2026-03-05 14:19:15.683837
24,88230,6.0,3,18,0,143604,105963,Male,Tier 2,Store,0,2026-03-05 14:19:15.683837
58,150902,9.4,6,21,6,31058,2597,Other,Tier 1,Online,1,2026-03-05 14:19:15.683837
30,170002,7.1,9,45,11,63601,104015,Other,Tier 3,Store,0,2026-03-05 14:19:15.683837
35,169824,7.0,4,22,7,14890,108992,Other,Tier 3,Store,0,2026-03-05 14:19:15.683837
54,123138,7.8,5,19,11,137819,5012,Female,Tier 2,Online,1,2026-03-05 14:19:15.683837
30,222097,7.0,6,19,14,130697,36118,Male,Tier 3,Store,0,2026-03-05 14:19:15.683837
53,244300,7.1,3,6,13,37641,138634,Male,Tier 3,Store,0,2026-03-05 14:19:15.683837
48,227376,6.6,2,33,19,142174,50538,Male,Tier 3,Store,0,2026-03-05 14:19:15.683837
19,77040,5.3,4,10,0,148404,145658,Male,Tier 3,Store,0,2026-03-05 14:19:15.683837
33,123668,3.9,6,42,2,51469,6658,Female,Tier 3,Online,1,2026-03-05 14:19:15.683837
26,213768,2.3,4,7,0,21928,77464,Male,Tier 3,Store,0,2026-03-05 14:19:15.683837
26,210720,5.3,8,37,10,147811,68399,Female,Tier 2,Store,0,2026-03-05 14:19:15.683837
55,70030,6.9,9,10,8,139379,27045,Other,Tier 3,Store,0,2026-03-05 14:19:15.683837
28,71815,6.5,8,42,3,126167,3168,Other,Tier 3,Online,1,2026-03-05 14:19:15.683837
71,231741,7.3,7,24,7,129340,135936,Female,Tier 1,Store,0,2026-03-05 14:19:15.683837
73,127789,5.7,2,30,16,110589,27270,Other,Tier 1,Store,0,2026-03-05 14:19:15.683837
39,181762,11.4,10,36,13,14453,97251,Other,Tier 2,Store,0,2026-03-05 14:19:15.683837
50,234478,10.1,2,25,19,18637,39716,Other,Tier 2,Store,0,2026-03-05 14:19:15.683837
53,236104,3.0,10,9,15,100665,28426,Female,Tier 2,Store,0,2026-03-05 14:19:15.683837
62,72923,7.3,5,32,19,111521,118314,Male,Tier 2,Store,0,2026-03-05 14:19:15.683837
40,182644,7.9,4,6,1,17231,33154,Other,Tier 2,Store,0,2026-03-05 14:19:15.683837
62,200102,1.8,4,35,7,122061,126973,Female,Tier 1,Store,0,2026-03-05 14:19:15.683837
62,82904,6.3,4,44,14,25282,50791,Male,Tier 1,Store,0,2026-03-05 14:19:15.683837
51,248308,7.0,7,19,3,49647,55980,Male,Tier 2,Store,0,2026-03-05 14:19:15.683837
26,175275,6.0,3,14,14,27779,94263,Other,Tier 3,Store,0,2026-03-05 14:19:15.683837
41,92088,6.8,2,15,0,112039,18039,Other,Tier 2,Online,1,2026-03-05 14:19:15.683837
25,20608,6.2,5,34,12,1106,59583,Male,Tier 1,Store,0,2026-03-05 14:19:15.683837
24,60667,7.4,6,20,6,130015,35476,Other,Tier 1,Store,0,2026-03-05 14:19:15.683837
53,70547,9.1,8,34,15,5735,81647,Female,Tier 1,Store,0,2026-03-05 14:19:15.683837
35,168557,7.5,3,39,3,90977,70983,Other,Tier 1,Store,0,2026-03-05 14:19:15.683837
20,155934,8.4,4,47,2,103845,58859,Other,Tier 2,Store,0,2026-03-05 14:19:15.683837
45,143391,3.9,4,33,11,784,1035,Female,Tier 2,Online,1,2026-03-05 14:19:15.683837
23,249907,10.1,4,38,17,149449,76417,Female,Tier 2,Store,0,2026-03-05 14:19:15.683837
61,90948,6.6,7,0,13,20266,49240,Other,Tier 1,Store,0,2026-03-05 14:19:15.683837
61,232962,5.2,4,8,0,136090,10652,Male,Tier 3,Online,1,2026-03-05 14:19:15.683837
38,86880,6.8,7,40,6,39084,56968,Other,Tier 1,Store,0,2026-03-05 14:19:15.683837
45,72560,4.9,4,29,18,5638,60691,Other,Tier 1,Store,0,2026-03-05 14:19:15.683837
57,130063,6.3,10,20,2,53413,121896,Female,Tier 3,Store,0,2026-03-05 14:19:15.683837
71,229601,6.6,8,17,14,33779,43481,Male,Tier 1,Store,0,2026-03-05 14:19:15.683837
71,109218,4.6,5,21,18,134386,58347,Male,Tier 3,Store,0,2026-03-05 14:19:15.683837
18,129462,6.3,2,43,8,89502,3146,Male,Tier 1,Online,1,2026-03-05 14:19:15.683837
53,174487,4.6,9,25,17,137771,66768,Female,Tier 1,Store,0,2026-03-05 14:19:15.683837
38,210595,4.6,9,11,0,73192,47809,Male,Tier 3,Store,0,2026-03-05 14:19:15.683837
77,165395,4.0,1,30,6,7448,130186,Other,Tier 3,Store,0,2026-03-05 14:19:15.683837
60,199286,5.3,5,36,14,84164,45464,Male,Tier 2,Store,0,2026-03-05 14:19:15.683837
52,32997,4.9,3,42,6,57851,20344,Female,Tier 1,Store,0,2026-03-05 14:19:15.683837
30,136266,6.9,10,35,8,4547,43549,Other,Tier 3,Store,0,2026-03-05 14:19:15.683837
74,203075,8.2,5,47,15,124728,134331,Female,Tier 1,Store,0,2026-03-05 14:19:15.683837
66,18679,7.3,4,43,18,3211,146415,Other,Tier 2,Store,0,2026-03-05 14:19:15.683837
71,241097,7.9,3,1,11,37958,58443,Female,Tier 1,Store,0,2026-03-05 14:19:15.683837
71,55308,7.8,7,36,17,79414,124812,Male,Tier 3,Store,0,2026-03-05 14:19:15.683837
27,221096,4.1,5,39,15,35835,75553,Other,Tier 3,Store,0,2026-03-05 14:19:15.683837
70,185914,5.3,1,15,4,120333,125198,Other,Tier 3,Store,0,2026-03-05 14:19:15.683837
61,211480,9.6,4,49,1,33825,41555,Female,Tier 1,Hybrid,0,2026-03-05 14:19:15.683837
64,215604,4.9,1,22,15,129234,120239,Female,Tier 2,Store,0,2026-03-05 14:19:15.683837
70,200010,9.7,3,34,5,79430,113151,Male,Tier 2,Store,0,2026-03-05 14:19:15.683837
27,20695,5.2,10,5,7,139938,7267,Other,Tier 2,Online,1,2026-03-05 14:19:15.683837
63,241812,1.9,10,35,18,30240,138874,Female,Tier 3,Store,0,2026-03-05 14:19:15.683837
30,73499,5.5,5,21,0,17865,82299,Other,Tier 3,Store,0,2026-03-05 14:19:15.683837
54,38382,7.7,6,10,4,108432,68129,Female,Tier 3,Store,0,2026-03-05 14:19:15.683837
55,29235,9.3,1,33,18,140448,25776,Male,Tier 3,Store,0,2026-03-05 14:19:15.683837
41,208295,3.0,10,20,6,101573,136547,Other,Tier 2,Store,0,2026-03-05 14:19:15.683837
19,148438,7.7,9,12,9,83498,78875,Male,Tier 2,Store,0,2026-03-05 14:19:15.683837
39,173539,7.8,9,44,15,137679,69909,Male,Tier 1,Store,0,2026-03-05 14:19:15.683837
34,205388,8.6,1,17,12,137944,65294,Female,Tier 1,Store,0,2026-03-05 14:19:15.683837
53,127468,1.0,7,44,6,140954,140158,Male,Tier 3,Store,0,2026-03-05 14:19:15.683837
31,21764,9.3,4,43,4,131611,23540,Other,Tier 2,Online,1,2026-03-05 14:19:15.683837
27,236968,6.9,2,29,17,23342,29320,Female,Tier 1,Store,0,2026-03-05 14:19:15.683837
52,128831,6.9,2,40,9,43747,113854,Other,Tier 2,Store,0,2026-03-05 14:19:15.683837
42,76836,8.1,6,23,7,25384,34871,Other,Tier 2,Store,0,2026-03-05 14:19:15.683837
20,46923,2.0,6,0,3,15114,127093,Other,Tier 3,Store,0,2026-03-05 14:19:15.683837
64,110711,8.0,5,36,0,38117,94671,Male,Tier 1,Store,0,2026-03-05 14:19:15.683837
55,31292,10.7,3,27,12,146450,39209,Male,Tier 2,Store,0,2026-03-05 14:19:15.683837
34,139913,3.3,7,3,9,82937,130428,Male,Tier 2,Store,0,2026-03-05 14:19:15.683837
29,147686,5.9,3,3,11,7338,13278,Other,Tier 3,Store,0,2026-03-05 14:19:15.683837
71,35939,6.1,7,13,19,51935,45181,Male,Tier 2,Store,0,2026-03-05 14:19:15.683837
69,33800,6.7,2,10,1,18537,15862,Female,Tier 1,Online,1,2026-03-05 14:19:15.683837
41,71440,6.9,8,22,5,120651,70778,Other,Tier 1,Store,0,2026-03-05 14:19:15.683837
46,169318,4.7,2,45,9,19682,98563,Female,Tier 1,Store,0,2026-03-05 14:19:15.683837
60,142521,6.1,2,11,9,69307,105987,Male,Tier 3,Store,0,2026-03-05 14:19:15.683837
42,198877,9.5,4,47,2,99409,117583,Male,Tier 2,Store,0,2026-03-05 14:19:15.683837
53,136327,6.8,10,46,5,54127,68453,Female,Tier 1,Store,0,2026-03-05 14:19:15.683837
75,64648,6.7,1,41,14,59601,122032,Female,Tier 3,Store,0,2026-03-05 14:19:15.683837
77,130192,4.6,7,3,11,22261,13011,Male,Tier 3,Store,0,2026-03-05 14:19:15.683837
43,202923,8.7,2,0,8,82408,101961,Male,Tier 2,Store,0,2026-03-05 14:19:15.683837
55,177760,5.6,6,39,3,12869,121007,Male,Tier 2,Store,0,2026-03-05 14:19:15.683837
18,108498,1.9,5,9,5,31296,139439,Other,Tier 1,Store,0,2026-03-05 14:19:15.683837
37,44764,6.8,5,6,17,19862,79980,Other,Tier 1,Store,0,2026-03-05 14:19:15.683837
72,47470,7.4,4,1,5,74669,78171,Female,Tier 2,Store,0,2026-03-05 14:19:15.683837
45,184573,5.4,5,22,0,82295,126611,Female,Tier 3,Store,0,2026-03-05 14:19:15.683837
33,72207,1.5,9,33,11,87803,82156,Female,Tier 2,Store,0,2026-03-05 14:19:15.683837
64,77157,3.8,1,11,2,144262,107083,Male,Tier 1,Store,0,2026-03-05 14:19:15.683837
34,149288,5.8,2,11,11,83373,10363,Female,Tier 2,Store,0,2026-03-05 14:19:15.683837
57,168144,5.2,7,44,2,5302,138949,Other,Tier 1,Store,0,2026-03-05 14:19:15.683837
45,108778,6.9,9,15,9,136541,111839,Female,Tier 2,Store,0,2026-03-05 14:19:15.683837
75,145016,7.2,3,7,5,62359,54844,Female,Tier 1,Store,0,2026-03-05 14:19:15.683837
29,139288,5.1,6,41,16,62042,108917,Female,Tier 2,Store,0,2026-03-05 14:19:15.683837
44,183204,3.2,5,5,0,85038,3046,Male,Tier 2,Online,1,2026-03-05 14:19:15.683837
71,125573,8.9,9,14,1,82902,139503,Female,Tier 3,Store,0,2026-03-05 14:19:15.683837
70,135730,7.1,9,48,18,12520,73854,Male,Tier 2,Store,0,2026-03-05 14:19:15.683837
59,163933,7.3,10,10,19,46078,129223,Male,Tier 2,Store,0,2026-03-05 14:19:15.683837
76,79186,6.8,3,29,5,107297,111456,Other,Tier 3,Store,0,2026-03-05 14:19:15.683837
64,19960,8.2,10,9,9,77391,89845,Female,Tier 1,Store,0,2026-03-05 14:19:15.683837
47,33781,5.2,10,22,9,5690,44690,Female,Tier 1,Store,0,2026-03-05 14:19:15.683837
58,46126,7.7,2,17,17,32212,119510,Other,Tier 2,Store,0,2026-03-05 14:19:15.683837
51,168650,7.3,10,8,7,134447,17661,Other,Tier 1,Store,0,2026-03-05 14:19:15.683837
54,121034,7.3,4,8,19,147090,77764,Other,Tier 1,Store,0,2026-03-05 14:19:15.683837
23,32883,3.6,9,49,6,76956,29742,Other,Tier 1,Online,1,2026-03-05 14:19:15.683837
24,44782,6.3,3,5,9,62285,147557,Other,Tier 3,Store,0,2026-03-05 14:19:15.683837
49,71387,6.8,4,15,0,36524,70424,Male,Tier 1,Store,0,2026-03-05 14:19:15.683837
49,163051,9.6,2,11,14,33317,68969,Male,Tier 2,Store,0,2026-03-05 14:19:15.683837
70,48746,6.2,1,1,9,38242,11766,Female,Tier 3,Store,0,2026-03-05 14:19:15.683837
42,81266,8.2,5,16,2,73000,86424,Female,Tier 3,Store,0,2026-03-05 14:19:15.683837
50,15056,3.0,4,25,8,84713,143626,Other,Tier 2,Store,0,2026-03-05 14:19:15.683837
72,46457,4.6,10,8,12,58013,83191,Other,Tier 3,Store,0,2026-03-05 14:19:15.683837
75,148315,6.9,2,4,5,51857,76179,Male,Tier 3,Store,0,2026-03-05 14:19:15.683837
24,201103,6.9,6,27,18,101616,32864,Other,Tier 1,Store,0,2026-03-05 14:19:15.683837
69,147773,4.6,5,29,1,147506,136069,Male,Tier 2,Store,0,2026-03-05 14:19:15.683837
74,202453,7.9,1,16,11,97817,29300,Male,Tier 3,Store,0,2026-03-05 14:19:15.683837
79,196510,5.7,10,46,10,145773,135754,Male,Tier 2,Store,0,2026-03-05 14:19:15.683837
29,88839,5.6,3,38,12,124429,24927,Other,Tier 1,Store,0,2026-03-05 14:19:15.683837
33,95636,5.8,4,18,2,88010,99703,Female,Tier 2,Store,0,2026-03-05 14:19:15.683837
33,122697,8.7,1,5,16,51578,108085,Other,Tier 1,Store,0,2026-03-05 14:19:15.683837
60,81483,8.2,8,3,8,5490,51011,Female,Tier 2,Store,0,2026-03-05 14:19:15.683837
70,35505,9.8,3,43,14,119376,4956,Other,Tier 3,Online,1,2026-03-05 14:19:15.683837
53,152625,7.1,5,37,14,76767,52405,Female,Tier 1,Store,0,2026-03-05 14:19:15.683837
30,48525,9.9,3,13,3,82823,16167,Male,Tier 3,Online,1,2026-03-05 14:19:15.683837
24,226474,6.5,4,15,13,66494,115479,Male,Tier 2,Store,0,2026-03-05 14:19:15.683837
53,111008,5.7,9,36,13,82553,37178,Female,Tier 1,Store,0,2026-03-05 14:19:15.683837
64,59348,5.1,3,31,13,144583,116610,Other,Tier 3,Store,0,2026-03-05 14:19:15.683837
68,217259,5.6,8,30,17,38053,114122,Other,Tier 2,Store,0,2026-03-05 14:19:15.683837
26,22273,5.7,6,4,2,138961,8395,Male,Tier 2,Online,1,2026-03-05 14:19:15.683837
49,79236,4.6,6,16,5,93603,73085,Male,Tier 2,Store,0,2026-03-05 14:19:15.683837
28,221641,4.8,1,3,7,122347,138778,Other,Tier 1,Store,0,2026-03-05 14:19:15.683837
25,149607,7.2,7,42,18,122772,61950,Other,Tier 3,Store,0,2026-03-05 14:19:15.683837
50,164749,5.0,4,23,1,120278,8596,Other,Tier 3,Store,0,2026-03-05 14:19:15.683837
40,229096,2.6,8,5,4,135593,117625,Other,Tier 1,Store,0,2026-03-05 14:19:15.683837
42,122157,2.5,9,29,8,61069,77790,Other,Tier 3,Store,0,2026-03-05 14:19:15.683837
73,15908,1.8,2,43,10,38503,128165,Male,Tier 1,Store,0,2026-03-05 14:19:15.683837
25,216225,3.2,8,10,15,81111,108483,Female,Tier 3,Store,0,2026-03-05 14:19:15.683837
62,123352,3.6,8,26,19,90217,77220,Female,Tier 2,Store,0,2026-03-05 14:19:15.683837
39,110967,4.1,6,8,1,18500,114031,Female,Tier 3,Store,0,2026-03-05 14:19:15.683837
76,103989,6.6,3,23,6,32559,69128,Female,Tier 1,Store,0,2026-03-05 14:19:15.683837
21,50079,3.5,5,19,4,103561,65335,Female,Tier 2,Store,0,2026-03-05 14:19:15.683837
57,227628,4.2,2,12,0,59661,17762,Other,Tier 1,Store,0,2026-03-05 14:19:15.683837
20,126889,2.3,6,27,3,112764,25422,Female,Tier 3,Store,0,2026-03-05 14:19:15.683837
46,64323,4.7,3,46,8,111124,100463,Male,Tier 3,Store,0,2026-03-05 14:19:15.683837
58,191392,7.4,4,30,14,60463,34834,Other,Tier 1,Store,0,2026-03-05 14:19:15.683837
46,238170,6.0,9,31,17,14510,20697,Other,Tier 1,Store,0,2026-03-05 14:19:15.683837
51,104909,6.2,10,34,9,46470,118397,Male,Tier 3,Store,0,2026-03-05 14:19:15.683837
51,61105,6.0,5,36,10,73711,146186,Female,Tier 3,Store,0,2026-03-05 14:19:15.683837
45,176236,3.4,7,18,16,8328,71686,Male,Tier 3,Store,0,2026-03-05 14:19:15.683837
30,147957,5.2,9,46,17,33278,68893,Other,Tier 1,Store,0,2026-03-05 14:19:15.683837
32,203891,6.4,5,6,11,94374,59801,Female,Tier 3,Store,0,2026-03-05 14:19:15.683837
77,16049,7.9,1,2,12,98683,116508,Female,Tier 1,Store,0,2026-03-05 14:19:15.683837
40,68281,6.7,2,39,17,32290,55473,Female,Tier 1,Store,0,2026-03-05 14:19:15.683837
61,58271,7.8,3,29,16,49916,54111,Male,Tier 3,Store,0,2026-03-05 14:19:15.683837
43,81697,3.8,3,30,9,149723,101061,Male,Tier 1,Store,0,2026-03-05 14:19:15.683837
21,212423,3.0,1,44,14,77469,16313,Other,Tier 1,Store,0,2026-03-05 14:19:15.683837
43,51534,2.5,9,47,19,132724,9470,Male,Tier 2,Store,0,2026-03-05 14:19:15.683837
57,108034,7.6,9,39,7,31180,126371,Male,Tier 1,Store,0,2026-03-05 14:19:15.683837
26,73097,3.1,4,8,10,21091,68725,Other,Tier 1,Store,0,2026-03-05 14:19:15.683837
72,199885,8.1,9,33,17,139457,112074,Female,Tier 1,Store,0,2026-03-05 14:19:15.683837
22,40037,5.1,4,21,3,129084,138560,Other,Tier 1,Store,0,2026-03-05 14:19:15.683837
73,182079,9.3,8,26,18,136149,110535,Other,Tier 3,Store,0,2026-03-05 14:19:15.683837
49,225550,5.1,3,26,1,48644,136715,Male,Tier 1,Store,0,2026-03-05 14:19:15.683837
37,42278,5.2,9,32,19,1686,32142,Other,Tier 3,Store,0,2026-03-05 14:19:15.683837
67,154344,6.1,4,44,2,44633,101365,Male,Tier 3,Store,0,2026-03-05 14:19:15.683837
28,203255,5.2,8,44,15,92518,52390,Female,Tier 3,Store,0,2026-03-05 14:19:15.683837
32,114173,6.8,2,42,0,86195,108907,Male,Tier 1,Store,0,2026-03-05 14:19:15.683837
49,53294,3.9,7,41,16,136802,120636,Female,Tier 3,Store,0,2026-03-05 14:19:15.683837
45,88277,6.4,2,5,11,2965,36331,Other,Tier 2,Store,0,2026-03-05 14:19:15.683837
39,208581,4.5,5,47,18,39654,45488,Other,Tier 2,Store,0,2026-03-05 14:19:15.683837
58,19694,5.6,9,26,9,88939,93445,Male,Tier 2,Store,0,2026-03-05 14:19:15.683837
34,241914,3.2,5,31,19,25764,2664,Female,Tier 1,Online,1,2026-03-05 14:19:15.683837
76,73150,7.7,4,37,12,128441,1206,Male,Tier 2,Online,1,2026-03-05 14:19:15.683837
43,82470,5.3,8,21,13,106329,142646,Female,Tier 2,Store,0,2026-03-05 14:19:15.683837
61,36556,7.8,5,12,15,6840,9861,Other,Tier 1,Hybrid,0,2026-03-05 14:19:15.683837
24,210543,4.5,9,31,0,59133,9174,Female,Tier 1,Online,1,2026-03-05 14:19:15.683837
59,195927,6.0,9,26,17,70545,73519,Other,Tier 3,Store,0,2026-03-05 14:19:15.683837
74,64086,7.9,2,43,2,100159,26109,Male,Tier 3,Store,0,2026-03-05 14:19:15.683837
43,164979,3.6,10,39,13,111003,68699,Female,Tier 2,Store,0,2026-03-05 14:19:15.683837
42,217767,4.2,9,29,16,135247,95547,Female,Tier 3,Store,0,2026-03-05 14:19:15.683837
27,194559,7.6,8,34,13,87464,35176,Other,Tier 3,Store,0,2026-03-05 14:19:15.683837
76,175230,8.7,10,12,7,62087,51244,Other,Tier 1,Store,0,2026-03-05 14:19:15.683837
62,166365,6.0,7,0,11,49678,98944,Other,Tier 3,Store,0,2026-03-05 14:19:15.683837
36,191833,4.1,6,41,13,111293,42970,Male,Tier 1,Store,0,2026-03-05 14:19:15.683837
28,114468,5.4,4,26,1,97102,15878,Other,Tier 1,Online,1,2026-03-05 14:19:15.683837
30,48387,9.9,7,21,5,5013,865,Other,Tier 3,Online,1,2026-03-05 14:19:15.683837
70,186822,3.3,6,46,11,133981,138778,Female,Tier 2,Store,0,2026-03-05 14:19:15.683837
25,83602,7.1,8,42,3,57226,41316,Male,Tier 2,Store,0,2026-03-05 14:19:15.683837
57,167328,6.3,1,47,3,116389,132674,Female,Tier 1,Store,0,2026-03-05 14:19:15.683837
21,246713,3.7,3,23,15,35851,72110,Male,Tier 2,Store,0,2026-03-05 14:19:15.683837
64,151666,5.4,8,22,19,37362,49918,Other,Tier 3,Store,0,2026-03-05 14:19:15.683837
48,17460,2.4,2,34,15,70207,144980,Female,Tier 3,Store,0,2026-03-05 14:19:15.683837
45,87356,6.6,9,8,7,123989,91011,Female,Tier 1,Store,0,2026-03-05 14:19:15.683837
28,69698,6.9,2,26,2,47060,9588,Female,Tier 3,Online,1,2026-03-05 14:19:15.683837
60,116746,3.3,9,6,7,46933,13193,Female,Tier 3,Hybrid,0,2026-03-05 14:19:15.683837
18,31191,7.1,7,23,12,23263,51497,Male,Tier 3,Store,0,2026-03-05 14:19:15.683837
66,99631,4.7,4,15,6,53502,149638,Other,Tier 2,Store,0,2026-03-05 14:19:15.683837
64,25529,4.5,3,22,1,49264,29290,Other,Tier 3,Store,0,2026-03-05 14:19:15.683837
69,47175,4.0,8,6,4,79887,69427,Female,Tier 3,Store,0,2026-03-05 14:19:15.683837
55,32675,7.3,10,39,13,127570,33845,Female,Tier 2,Store,0,2026-03-05 14:19:15.683837
41,189230,2.7,7,21,4,140258,65027,Male,Tier 1,Store,0,2026-03-05 14:19:15.683837
71,61798,2.8,10,28,3,97965,5530,Male,Tier 3,Online,1,2026-03-05 14:19:15.683837
77,85910,4.8,1,19,16,118518,44936,Female,Tier 1,Store,0,2026-03-05 14:19:15.683837
74,145400,4.9,7,36,19,90441,14624,Male,Tier 3,Hybrid,0,2026-03-05 14:19:15.683837
64,172048,7.3,1,5,0,125145,48497,Other,Tier 2,Store,0,2026-03-05 14:19:15.683837
48,209188,5.8,1,30,15,88164,149917,Male,Tier 1,Store,0,2026-03-05 14:19:15.683837
58,93678,5.8,5,26,10,22676,53194,Other,Tier 1,Store,0,2026-03-05 14:19:15.683837
63,77821,2.8,10,40,10,108821,124159,Other,Tier 1,Store,0,2026-03-05 14:19:15.683837
67,27204,5.5,5,36,16,36689,47210,Female,Tier 1,Store,0,2026-03-05 14:19:15.683837
43,201737,1.2,2,8,3,105136,68651,Male,Tier 3,Store,0,2026-03-05 14:19:15.683837
66,22394,6.5,7,24,15,35894,123827,Other,Tier 1,Store,0,2026-03-05 14:19:15.683837
67,79814,7.4,3,41,11,101155,114933,Female,Tier 2,Store,0,2026-03-05 14:19:15.683837
22,48593,4.4,1,37,4,134126,117834,Female,Tier 1,Store,0,2026-03-05 14:19:15.683837
37,188036,6.8,7,32,12,141556,81142,Male,Tier 2,Store,0,2026-03-05 14:19:15.683837
69,223260,5.1,4,12,12,35209,105616,Male,Tier 3,Store,0,2026-03-05 14:19:15.683837
58,130064,8.5,4,36,2,95597,11785,Female,Tier 3,Online,1,2026-03-05 14:19:15.683837
28,245348,6.5,3,26,8,55889,120833,Other,Tier 2,Store,0,2026-03-05 14:19:15.683837
73,68365,3.9,7,18,17,67229,42047,Female,Tier 2,Store,0,2026-03-05 14:19:15.683837
71,146515,8.3,2,15,17,9747,47555,Female,Tier 1,Store,0,2026-03-05 14:19:15.683837
50,235511,7.7,7,46,14,149977,75936,Other,Tier 1,Store,0,2026-03-05 14:19:15.683837
67,245130,5.2,10,13,14,46558,27283,Other,Tier 3,Hybrid,0,2026-03-05 14:19:15.683837
55,174252,7.0,8,45,6,44649,146039,Male,Tier 2,Store,0,2026-03-05 14:19:15.683837
44,194863,7.0,2,3,8,7573,149356,Male,Tier 3,Store,0,2026-03-05 14:19:15.683837
51,232727,5.1,8,38,15,137598,6488,Male,Tier 3,Online,1,2026-03-05 14:19:15.683837
32,221971,6.1,7,21,1,133857,40073,Other,Tier 1,Store,0,2026-03-05 14:19:15.683837
49,189737,6.5,10,46,19,74690,133127,Female,Tier 1,Store,0,2026-03-05 14:19:15.683837
78,118700,4.6,8,36,12,120345,13307,Male,Tier 1,Hybrid,0,2026-03-05 14:19:15.683837
75,112077,8.7,3,0,3,132785,42766,Male,Tier 3,Store,0,2026-03-05 14:19:15.683837
38,149537,2.0,6,20,13,105701,25678,Male,Tier 1,Store,0,2026-03-05 14:19:15.683837
63,83247,7.4,1,49,8,57700,95303,Male,Tier 3,Store,0,2026-03-05 14:19:15.683837
22,197631,3.6,7,29,13,70407,91325,Male,Tier 2,Store,0,2026-03-05 14:19:15.683837
23,171270,5.5,4,26,10,138096,24903,Other,Tier 2,Store,0,2026-03-05 14:19:15.683837
55,69740,2.8,4,45,19,28723,25652,Other,Tier 2,Store,0,2026-03-05 14:19:15.683837
79,168560,3.4,9,33,12,130667,106188,Male,Tier 3,Store,0,2026-03-05 14:19:15.683837
39,184587,5.8,7,28,16,139989,134719,Other,Tier 1,Store,0,2026-03-05 14:19:15.683837
79,235216,6.1,8,3,4,118290,134013,Male,Tier 2,Store,0,2026-03-05 14:19:15.683837
35,42898,8.1,6,6,3,133456,63024,Male,Tier 1,Store,0,2026-03-05 14:19:15.683837
31,147991,5.2,2,32,12,48652,48086,Female,Tier 2,Store,0,2026-03-05 14:19:15.683837
27,196142,7.2,3,11,11,134123,79930,Female,Tier 3,Store,0,2026-03-05 14:19:15.683837
63,77613,6.0,4,32,2,148670,131311,Other,Tier 2,Store,0,2026-03-05 14:19:15.683837
30,111707,7.2,2,45,3,29785,97919,Male,Tier 3,Store,0,2026-03-05 14:19:15.683837
48,126777,3.8,1,23,16,125608,110395,Female,Tier 3,Store,0,2026-03-05 14:19:15.683837
47,232207,6.2,9,37,17,129746,7296,Other,Tier 1,Online,1,2026-03-05 14:19:15.683837
20,228573,6.7,10,0,14,125545,27979,Female,Tier 1,Store,0,2026-03-05 14:19:15.683837
47,62003,5.0,2,33,6,135436,73106,Female,Tier 3,Store,0,2026-03-05 14:19:15.683837
23,63478,6.8,5,16,8,10713,145130,Female,Tier 1,Store,0,2026-03-05 14:19:15.683837
46,160506,7.0,7,39,13,83533,131955,Other,Tier 3,Store,0,2026-03-05 14:19:15.683837
25,192318,5.0,2,49,9,89953,135378,Female,Tier 1,Store,0,2026-03-05 14:19:15.683837
61,182721,7.6,6,21,9,52104,86096,Female,Tier 1,Store,0,2026-03-05 14:19:15.683837
62,74030,1.4,10,48,18,69834,125695,Male,Tier 2,Store,0,2026-03-05 14:19:15.683837
60,199133,2.2,8,47,12,92503,43704,Other,Tier 1,Store,0,2026-03-05 14:19:15.683837
61,148071,3.9,7,26,2,57127,27122,Female,Tier 3,Store,0,2026-03-05 14:19:15.683837
50,160921,6.6,6,14,15,89647,108288,Male,Tier 3,Store,0,2026-03-05 14:19:15.683837
34,222511,4.5,8,14,10,123243,15226,Male,Tier 1,Online,1,2026-03-05 14:19:15.683837
65,67800,3.3,2,22,3,79696,102573,Female,Tier 1,Store,0,2026-03-05 14:19:15.683837
28,20445,5.8,4,11,2,41486,148522,Female,Tier 2,Store,0,2026-03-05 14:19:15.683837
30,247004,6.2,4,26,1,93697,140361,Female,Tier 3,Store,0,2026-03-05 14:19:15.683837
67,164112,4.7,7,48,14,46827,65189,Female,Tier 1,Store,0,2026-03-05 14:19:15.683837
28,210387,3.6,7,49,0,7985,91243,Male,Tier 3,Store,0,2026-03-05 14:19:15.683837
48,15246,6.0,3,39,0,88731,78334,Other,Tier 2,Store,0,2026-03-05 14:19:15.683837
45,46153,7.6,4,8,0,103162,89084,Female,Tier 3,Store,0,2026-03-05 14:19:15.683837
61,20212,3.6,1,46,9,101959,133995,Male,Tier 2,Store,0,2026-03-05 14:19:15.683837
23,149411,9.2,8,44,0,92319,57598,Other,Tier 1,Store,0,2026-03-05 14:19:15.683837
58,234750,4.9,4,28,15,146158,39790,Other,Tier 1,Store,0,2026-03-05 14:19:15.683837
33,71238,4.7,5,36,4,126781,79546,Female,Tier 3,Store,0,2026-03-05 14:19:15.683837
21,165466,6.3,5,20,19,130393,659,Other,Tier 3,Hybrid,0,2026-03-05 14:19:15.683837
52,68871,6.2,1,0,17,4480,112904,Male,Tier 1,Store,0,2026-03-05 14:19:15.683837
77,115672,1.5,1,11,2,64576,74064,Female,Tier 2,Store,0,2026-03-05 14:19:15.683837
65,223794,5.8,7,0,7,103611,31499,Male,Tier 3,Store,0,2026-03-05 14:19:15.683837
73,49607,7.2,1,26,14,137042,32108,Other,Tier 1,Store,0,2026-03-05 14:19:15.683837
76,67055,8.1,9,23,2,8580,119840,Female,Tier 3,Store,0,2026-03-05 14:19:15.683837
43,119509,5.8,6,23,18,32867,16590,Male,Tier 2,Store,0,2026-03-05 14:19:15.683837
79,150467,5.3,1,48,1,63753,71293,Female,Tier 2,Store,0,2026-03-05 14:19:15.683837
74,142378,7.4,1,33,11,6264,24668,Female,Tier 1,Store,0,2026-03-05 14:19:15.683837
29,161362,9.6,5,38,17,76740,93549,Female,Tier 1,Store,0,2026-03-05 14:19:15.683837
28,102687,6.2,3,34,9,80697,42614,Other,Tier 3,Store,0,2026-03-05 14:19:15.683837
54,80078,5.6,8,49,9,46504,62857,Male,Tier 2,Store,0,2026-03-05 14:19:15.683837
42,149763,8.5,8,45,12,82488,113693,Other,Tier 1,Store,0,2026-03-05 14:19:15.683837
35,153542,3.7,10,9,11,67474,39969,Female,Tier 1,Store,0,2026-03-05 14:19:15.683837
36,149913,6.1,8,23,6,124254,8695,Male,Tier 2,Hybrid,0,2026-03-05 14:19:15.683837
40,117652,10.8,6,26,15,21665,91957,Male,Tier 3,Store,0,2026-03-05 14:19:15.683837
72,78197,6.9,5,6,8,54186,141991,Male,Tier 2,Store,0,2026-03-05 14:19:15.683837
55,70773,7.5,5,13,4,126641,83147,Male,Tier 2,Store,0,2026-03-05 14:19:15.683837
71,163848,5.3,6,34,3,11009,9334,Other,Tier 2,Online,1,2026-03-05 14:19:15.683837
35,217668,7.2,6,42,8,68741,87722,Female,Tier 1,Store,0,2026-03-05 14:19:15.683837
43,133943,8.4,10,14,17,25520,35389,Female,Tier 3,Store,0,2026-03-05 14:19:15.683837
23,42584,3.0,9,43,13,76855,17341,Female,Tier 2,Hybrid,0,2026-03-05 14:19:15.683837
21,150372,5.8,7,31,0,124187,127614,Female,Tier 2,Store,0,2026-03-05 14:19:15.683837
61,18338,6.7,6,36,5,56423,44769,Female,Tier 1,Store,0,2026-03-05 14:19:15.683837
68,77601,5.9,10,8,5,112471,6486,Female,Tier 3,Online,1,2026-03-05 14:19:15.683837
46,151559,5.0,7,38,13,133101,25102,Female,Tier 1,Online,1,2026-03-05 14:19:15.683837
76,51282,8.8,3,46,15,70297,90861,Female,Tier 3,Store,0,2026-03-05 14:19:15.683837
78,241137,6.4,2,32,5,147228,15286,Female,Tier 3,Online,1,2026-03-05 14:19:15.683837
51,130447,4.6,10,32,19,119414,144330,Male,Tier 2,Store,0,2026-03-05 14:19:15.683837
34,110798,8.0,7,37,10,30682,106696,Female,Tier 3,Store,0,2026-03-05 14:19:15.683837
60,145963,8.8,3,31,13,110095,10208,Female,Tier 3,Online,1,2026-03-05 14:19:15.683837
60,222888,8.3,4,20,8,3863,103496,Female,Tier 1,Store,0,2026-03-05 14:19:15.683837
70,123611,5.2,2,4,6,8048,33002,Other,Tier 2,Store,0,2026-03-05 14:19:15.683837
33,174876,5.3,5,42,7,75159,55629,Other,Tier 3,Store,0,2026-03-05 14:19:15.683837
19,155987,3.9,5,10,11,137528,26210,Female,Tier 1,Store,0,2026-03-05 14:19:15.683837
51,26158,6.5,10,28,9,1306,122337,Female,Tier 2,Store,0,2026-03-05 14:19:15.683837
72,220229,8.2,10,45,10,65409,20667,Other,Tier 3,Hybrid,0,2026-03-05 14:19:15.683837
25,25547,7.1,1,7,19,121199,142802,Female,Tier 2,Store,0,2026-03-05 14:19:15.683837
30,103713,9.5,4,26,5,90457,85189,Other,Tier 3,Store,0,2026-03-05 14:19:15.683837
59,17459,2.1,3,45,11,91904,60863,Other,Tier 2,Store,0,2026-03-05 14:19:15.683837
25,174840,6.3,7,40,12,54203,98925,Male,Tier 2,Store,0,2026-03-05 14:19:15.683837
47,78146,7.7,5,42,6,100651,93074,Other,Tier 1,Store,0,2026-03-05 14:19:15.683837
49,118577,4.8,6,42,8,120348,8241,Male,Tier 3,Online,1,2026-03-05 14:19:15.683837
53,196942,3.7,2,47,2,66470,94171,Other,Tier 1,Store,0,2026-03-05 14:19:15.683837
64,122761,3.6,1,11,2,67392,109014,Other,Tier 2,Store,0,2026-03-05 14:19:15.683837
47,118727,6.2,3,6,15,18180,141216,Male,Tier 1,Store,0,2026-03-05 14:19:15.683837
18,65460,3.5,10,34,17,93425,124515,Other,Tier 3,Store,0,2026-03-05 14:19:15.683837
60,97970,8.9,3,43,12,25648,127815,Male,Tier 2,Store,0,2026-03-05 14:19:15.683837
56,206889,7.0,10,5,8,119523,91664,Other,Tier 2,Store,0,2026-03-05 14:19:15.683837
34,184319,5.6,7,18,5,69887,51781,Female,Tier 3,Store,0,2026-03-05 14:19:15.683837
76,30419,5.8,7,35,14,101915,109656,Male,Tier 2,Store,0,2026-03-05 14:19:15.683837
37,246625,8.2,10,41,8,136814,75453,Male,Tier 2,Store,0,2026-03-05 14:19:15.683837
41,50577,8.7,6,39,17,43154,98872,Female,Tier 3,Store,0,2026-03-05 14:19:15.683837
67,17921,4.1,4,41,19,44999,59925,Female,Tier 1,Store,0,2026-03-05 14:19:15.683837
39,150748,4.5,8,15,12,5058,103259,Female,Tier 1,Store,0,2026-03-05 14:19:15.683837
46,232033,5.3,10,10,0,39297,63174,Female,Tier 3,Store,0,2026-03-05 14:19:15.683837
39,246793,4.8,2,35,5,73084,55489,Male,Tier 1,Store,0,2026-03-05 14:19:15.683837
61,195756,2.4,7,27,18,142577,79693,Other,Tier 3,Store,0,2026-03-05 14:19:15.683837
26,159535,4.4,1,44,0,42438,52041,Female,Tier 3,Store,0,2026-03-05 14:19:15.683837
54,171546,4.6,8,22,11,37834,42453,Other,Tier 3,Store,0,2026-03-05 14:19:15.683837
27,55935,3.6,5,34,15,71519,37027,Other,Tier 2,Store,0,2026-03-05 14:19:15.683837
53,140534,6.9,6,34,3,25362,31090,Female,Tier 3,Store,0,2026-03-05 14:19:15.683837
54,213077,5.7,6,16,3,14613,85493,Male,Tier 1,Store,0,2026-03-05 14:19:15.683837
45,204668,7.2,1,38,9,39447,94154,Other,Tier 1,Store,0,2026-03-05 14:19:15.683837
45,87828,4.0,7,42,13,134991,109767,Other,Tier 1,Store,0,2026-03-05 14:19:15.683837
59,138649,7.3,3,3,19,91980,69468,Female,Tier 1,Store,0,2026-03-05 14:19:15.683837
60,237017,6.3,2,47,17,142082,60220,Other,Tier 3,Store,0,2026-03-05 14:19:15.683837
38,104062,4.9,7,6,2,25313,91262,Other,Tier 2,Store,0,2026-03-05 14:19:15.683837
41,70152,9.2,10,47,5,80326,67868,Male,Tier 2,Store,0,2026-03-05 14:19:15.683837
59,235073,6.2,9,17,17,145502,109305,Female,Tier 3,Store,0,2026-03-05 14:19:15.683837
77,111491,4.9,4,43,8,119752,110810,Other,Tier 3,Store,0,2026-03-05 14:19:15.683837
57,238393,6.6,7,22,12,40085,138369,Other,Tier 3,Store,0,2026-03-05 14:19:15.683837
19,101569,4.1,5,27,18,4805,98085,Female,Tier 3,Store,0,2026-03-05 14:19:15.683837
72,87467,5.6,10,40,9,2937,81370,Other,Tier 3,Store,0,2026-03-05 14:19:15.683837
25,198648,10.1,10,41,15,119768,27424,Female,Tier 2,Online,1,2026-03-05 14:19:15.683837
65,212699,2.5,7,35,18,24075,52835,Other,Tier 2,Store,0,2026-03-05 14:19:15.683837
44,171844,4.9,1,37,5,57582,128063,Other,Tier 2,Store,0,2026-03-05 14:19:15.683837
39,162435,5.7,10,18,1,8952,110933,Male,Tier 2,Store,0,2026-03-05 14:19:15.683837
54,174562,5.3,9,49,15,115300,93466,Female,Tier 2,Store,0,2026-03-05 14:19:15.683837
44,205076,5.0,6,43,19,90257,63654,Female,Tier 2,Store,0,2026-03-05 14:19:15.683837
74,137537,9.4,8,49,13,135175,1713,Male,Tier 3,Online,1,2026-03-05 14:19:15.683837
46,68806,4.9,9,20,0,78900,65213,Female,Tier 1,Store,0,2026-03-05 14:19:15.683837
20,146332,6.8,1,34,3,4995,46668,Other,Tier 2,Store,0,2026-03-05 14:19:15.683837
61,90992,4.8,5,49,4,128957,108647,Female,Tier 2,Store,0,2026-03-05 14:19:15.683837
30,37320,6.8,7,1,9,7676,25780,Other,Tier 1,Store,0,2026-03-05 14:19:15.683837
62,93971,7.9,8,16,17,98966,68813,Female,Tier 2,Store,0,2026-03-05 14:19:15.683837
27,188217,5.9,3,10,8,76756,6295,Male,Tier 1,Online,1,2026-03-05 14:19:15.683837
53,209760,4.9,8,12,6,30181,37888,Male,Tier 3,Store,0,2026-03-05 14:19:15.683837
26,63581,5.8,5,40,3,65649,128262,Other,Tier 2,Store,0,2026-03-05 14:19:15.683837
71,238633,7.1,1,27,14,66600,42072,Other,Tier 3,Store,0,2026-03-05 14:19:15.683837
73,108645,7.7,4,16,16,109989,115946,Other,Tier 1,Store,0,2026-03-05 14:19:15.683837
72,35754,6.5,2,44,4,10416,29995,Male,Tier 3,Store,0,2026-03-05 14:19:15.683837
44,84837,5.8,5,23,10,116185,54480,Female,Tier 2,Store,0,2026-03-05 14:19:15.683837
51,153279,8.6,4,44,5,46287,80454,Female,Tier 2,Store,0,2026-03-05 14:19:15.683837
68,173992,4.7,2,33,4,5471,92543,Male,Tier 2,Store,0,2026-03-05 14:19:15.683837
18,233811,5.2,7,48,12,40070,86859,Female,Tier 2,Store,0,2026-03-05 14:19:15.683837
49,138746,9.6,2,36,5,92192,142170,Other,Tier 3,Store,0,2026-03-05 14:19:15.683837
42,129780,5.8,2,13,14,70477,142641,Female,Tier 3,Store,0,2026-03-05 14:19:15.683837
46,102081,7.3,4,48,12,57228,22793,Other,Tier 1,Store,0,2026-03-05 14:19:15.683837
24,39016,4.2,5,5,12,15023,51802,Other,Tier 2,Store,0,2026-03-05 14:19:15.683837
66,242706,8.0,10,40,9,146804,23878,Other,Tier 1,Online,1,2026-03-05 14:19:15.683837
20,75522,3.7,3,43,1,84134,77539,Other,Tier 1,Store,0,2026-03-05 14:19:15.683837
37,135896,3.6,9,21,1,12771,139493,Female,Tier 3,Store,0,2026-03-05 14:19:15.683837
37,220164,7.8,10,19,8,8913,8341,Female,Tier 3,Online,1,2026-03-05 14:19:15.683837
70,200140,5.3,6,22,19,68663,88794,Male,Tier 1,Store,0,2026-03-05 14:19:15.683837
47,127099,5.5,8,43,9,48809,98644,Other,Tier 2,Store,0,2026-03-05 14:19:15.683837
52,166174,6.9,5,31,10,132190,134583,Other,Tier 2,Store,0,2026-03-05 14:19:15.683837
52,119429,5.4,8,21,7,125752,68559,Male,Tier 2,Store,0,2026-03-05 14:19:15.683837
66,16924,3.9,10,38,17,84535,14605,Female,Tier 2,Online,1,2026-03-05 14:19:15.683837
56,100015,4.9,6,49,1,110735,104580,Other,Tier 2,Store,0,2026-03-05 14:19:15.683837
44,119987,4.1,7,22,3,37706,59795,Female,Tier 3,Store,0,2026-03-05 14:19:15.683837
43,69333,8.3,2,19,17,26347,5919,Other,Tier 1,Hybrid,0,2026-03-05 14:19:15.683837
31,230530,8.4,6,36,15,2869,106805,Male,Tier 2,Store,0,2026-03-05 14:19:15.683837
34,230268,4.3,5,42,1,101583,79199,Other,Tier 3,Store,0,2026-03-05 14:19:15.683837
35,192171,6.9,8,45,6,148957,77540,Other,Tier 3,Store,0,2026-03-05 14:19:15.683837
62,203418,5.5,5,38,3,87377,133837,Female,Tier 2,Store,0,2026-03-05 14:19:15.683837
69,141372,8.9,7,42,4,135792,23503,Other,Tier 1,Hybrid,0,2026-03-05 14:19:15.683837
46,221553,10.7,4,33,17,114140,83912,Female,Tier 1,Store,0,2026-03-05 14:19:15.683837
37,196134,7.5,2,16,9,148420,105187,Other,Tier 2,Store,0,2026-03-05 14:19:15.683837
70,146378,5.0,3,14,8,62219,143578,Male,Tier 1,Store,0,2026-03-05 14:19:15.683837
44,103495,3.7,10,20,15,7897,129686,Male,Tier 2,Store,0,2026-03-05 14:19:15.683837
35,84767,6.5,4,0,18,25431,5869,Female,Tier 3,Online,1,2026-03-05 14:19:15.683837
21,119332,5.7,3,44,16,74317,121875,Female,Tier 1,Store,0,2026-03-05 14:19:15.683837
18,158279,3.1,7,37,3,100312,74677,Male,Tier 2,Store,0,2026-03-05 14:19:15.683837
67,54426,6.2,5,33,0,127558,14465,Other,Tier 2,Online,1,2026-03-05 14:19:15.683837
18,21336,10.2,3,28,5,148584,62649,Other,Tier 3,Store,0,2026-03-05 14:19:15.683837
75,127200,7.6,3,1,15,74116,94453,Female,Tier 3,Store,0,2026-03-05 14:19:15.683837
43,221238,3.7,9,19,12,17370,91274,Male,Tier 3,Store,0,2026-03-05 14:19:15.683837
62,32256,6.0,9,41,3,111331,26536,Female,Tier 2,Hybrid,0,2026-03-05 14:19:15.683837
37,245517,6.7,5,49,19,100768,112489,Female,Tier 2,Store,0,2026-03-05 14:19:15.683837
69,195889,7.0,2,43,8,138747,30341,Male,Tier 3,Store,0,2026-03-05 14:19:15.683837
40,48719,2.7,10,12,3,12273,105632,Male,Tier 3,Store,0,2026-03-05 14:19:15.683837
27,57017,5.8,5,7,4,120371,58089,Male,Tier 1,Store,0,2026-03-05 14:19:15.683837
76,60704,6.5,4,22,3,27117,66215,Male,Tier 3,Store,0,2026-03-05 14:19:15.683837
28,45013,5.6,6,47,10,63795,30922,Male,Tier 2,Store,0,2026-03-05 14:19:15.683837
58,94991,2.1,10,10,16,25444,50741,Female,Tier 1,Store,0,2026-03-05 14:19:15.683837
58,85258,5.7,6,22,6,21229,78339,Male,Tier 1,Store,0,2026-03-05 14:19:15.683837
22,93348,7.6,6,35,8,67597,26535,Female,Tier 1,Hybrid,0,2026-03-05 14:19:15.683837
75,241884,4.9,7,27,16,5123,35557,Female,Tier 2,Store,0,2026-03-05 14:19:15.683837
18,182848,5.1,2,16,18,10339,73183,Male,Tier 1,Store,0,2026-03-05 14:19:15.683837
34,25060,8.8,4,7,12,108573,54409,Male,Tier 3,Store,0,2026-03-05 14:19:15.683837
39,224664,5.6,9,0,3,46100,114782,Male,Tier 3,Store,0,2026-03-05 14:19:15.683837
51,152727,6.2,5,28,8,140676,123931,Male,Tier 2,Store,0,2026-03-05 14:19:15.683837
73,234182,2.3,1,2,10,42359,135115,Other,Tier 2,Store,0,2026-03-05 14:19:15.683837
62,64923,3.9,6,12,12,2612,5260,Other,Tier 3,Hybrid,0,2026-03-05 14:19:15.683837
58,93563,10.4,5,32,15,56289,26780,Male,Tier 2,Store,0,2026-03-05 14:19:15.683837
46,150102,9.3,2,22,9,41767,117759,Female,Tier 2,Store,0,2026-03-05 14:19:15.683837
21,104779,6.9,3,22,3,37492,63962,Male,Tier 1,Store,0,2026-03-05 14:19:15.683837
22,179361,1.4,3,33,2,50500,633,Male,Tier 1,Online,1,2026-03-05 14:19:15.683837
28,165811,3.3,7,25,6,25175,65761,Female,Tier 2,Store,0,2026-03-05 14:19:15.683837
73,114704,3.3,5,4,11,98670,6007,Other,Tier 1,Online,1,2026-03-05 14:19:15.683837
68,144157,3.3,9,7,17,60751,74537,Other,Tier 2,Store,0,2026-03-05 14:19:15.683837
38,125234,5.2,1,16,4,13185,5429,Other,Tier 2,Store,0,2026-03-05 14:19:15.683837
52,76687,7.6,3,24,16,52384,60912,Female,Tier 1,Store,0,2026-03-05 14:19:15.683837
29,51491,4.7,10,22,4,77449,39787,Female,Tier 2,Store,0,2026-03-05 14:19:15.683837
43,241621,5.4,8,27,19,141079,87022,Other,Tier 3,Store,0,2026-03-05 14:19:15.683837
68,87115,5.4,3,33,11,139875,17737,Female,Tier 1,Hybrid,0,2026-03-05 14:19:15.683837
36,132935,7.8,3,7,15,80723,96522,Other,Tier 1,Store,0,2026-03-05 14:19:15.683837
62,98778,7.8,8,42,15,106306,118080,Female,Tier 2,Store,0,2026-03-05 14:19:15.683837
77,150853,6.3,10,18,6,77009,22277,Male,Tier 1,Online,1,2026-03-05 14:19:15.683837
24,35448,8.6,3,12,19,85761,120058,Female,Tier 1,Store,0,2026-03-05 14:19:15.683837
64,66550,5.2,2,25,12,80385,78491,Male,Tier 2,Store,0,2026-03-05 14:19:15.683837
72,64294,9.5,3,38,4,126788,22583,Male,Tier 1,Online,1,2026-03-05 14:19:15.683837
24,36446,4.8,2,5,18,54801,87239,Female,Tier 1,Store,0,2026-03-05 14:19:15.683837
43,91579,2.1,8,12,19,66601,66401,Other,Tier 1,Store,0,2026-03-05 14:19:15.683837
57,231461,3.5,5,48,15,51861,6383,Other,Tier 3,Online,1,2026-03-05 14:19:15.683837
22,129679,3.3,3,22,9,68056,128317,Male,Tier 3,Store,0,2026-03-05 14:19:15.683837
38,100615,4.5,8,35,11,14012,118202,Female,Tier 2,Store,0,2026-03-05 14:19:15.683837
31,32101,8.3,8,42,5,50141,133786,Male,Tier 2,Store,0,2026-03-05 14:19:15.683837
21,212250,5.1,4,16,18,22356,28062,Other,Tier 1,Store,0,2026-03-05 14:19:15.683837
40,43016,3.3,9,0,1,36174,78831,Female,Tier 1,Store,0,2026-03-05 14:19:15.683837
59,165004,3.1,1,42,7,8810,91148,Other,Tier 2,Store,0,2026-03-05 14:19:15.683837
37,190725,5.9,7,12,19,34347,139590,Female,Tier 3,Store,0,2026-03-05 14:19:15.683837
32,105481,9.0,5,27,8,91096,74655,Male,Tier 1,Store,0,2026-03-05 14:19:15.683837
67,67802,6.4,7,13,2,35196,20315,Male,Tier 2,Hybrid,0,2026-03-05 14:19:15.683837
69,22549,7.9,10,47,6,27629,86130,Other,Tier 2,Store,0,2026-03-05 14:19:15.683837
62,225005,6.8,8,13,2,46067,58439,Male,Tier 2,Store,0,2026-03-05 14:19:15.683837
46,171434,2.9,3,6,10,72260,136688,Male,Tier 1,Store,0,2026-03-05 14:19:15.683837
25,62842,7.2,3,36,11,133985,55633,Male,Tier 3,Store,0,2026-03-05 14:19:15.683837
58,61539,3.7,1,40,12,59662,124303,Other,Tier 2,Store,0,2026-03-05 14:19:15.683837
65,48717,5.2,5,42,3,122970,40090,Male,Tier 2,Store,0,2026-03-05 14:19:15.683837
36,200668,4.6,8,17,1,54904,90864,Female,Tier 3,Store,0,2026-03-05 14:19:15.683837
65,169088,5.8,1,40,5,124390,89188,Female,Tier 2,Store,0,2026-03-05 14:19:15.683837
56,201272,5.5,2,8,11,56414,113888,Other,Tier 1,Store,0,2026-03-05 14:19:15.683837
63,226340,5.2,2,37,9,9497,133467,Other,Tier 1,Store,0,2026-03-05 14:19:15.683837
45,206359,5.4,10,19,19,29469,19981,Female,Tier 2,Store,0,2026-03-05 14:19:15.683837
63,130042,6.5,2,20,3,55499,23540,Female,Tier 2,Store,0,2026-03-05 14:19:15.683837
74,142922,5.4,5,37,16,101189,60704,Other,Tier 2,Store,0,2026-03-05 14:19:15.683837
44,107447,5.7,10,35,11,15928,129025,Other,Tier 2,Store,0,2026-03-05 14:19:15.683837
21,98402,10.0,7,24,18,4535,85320,Other,Tier 1,Store,0,2026-03-05 14:19:15.683837
75,57607,8.1,3,42,14,59657,18612,Female,Tier 1,Online,1,2026-03-05 14:19:15.683837
32,173693,5.0,1,1,1,109654,43905,Male,Tier 1,Store,0,2026-03-05 14:19:15.683837
52,27823,6.2,9,43,6,142945,97405,Other,Tier 1,Store,0,2026-03-05 14:19:15.683837
54,44986,6.1,9,29,18,60704,39595,Other,Tier 3,Store,0,2026-03-05 14:19:15.683837
18,136682,6.2,4,7,7,33913,91597,Female,Tier 1,Store,0,2026-03-05 14:19:15.683837
20,79325,6.0,5,24,17,133175,142952,Female,Tier 2,Store,0,2026-03-05 14:19:15.683837
64,142925,6.2,4,29,13,87018,123254,Male,Tier 3,Store,0,2026-03-05 14:19:15.683837
41,72771,5.5,8,29,7,18260,26700,Female,Tier 2,Store,0,2026-03-05 14:19:15.683837
44,69973,4.8,1,12,5,109030,64037,Male,Tier 1,Store,0,2026-03-05 14:19:15.683837
57,160762,5.2,4,30,2,68256,2315,Other,Tier 3,Online,1,2026-03-05 14:19:15.683837
78,54107,2.5,4,31,11,99029,131366,Male,Tier 1,Store,0,2026-03-05 14:19:15.683837
53,72888,7.4,3,35,0,85698,42297,Male,Tier 2,Store,0,2026-03-05 14:19:15.683837
51,25956,7.0,4,40,16,11591,42037,Other,Tier 1,Store,0,2026-03-05 14:19:15.683837
46,101839,10.0,7,28,4,3757,126801,Male,Tier 2,Store,0,2026-03-05 14:19:15.683837
41,202299,3.6,5,47,11,121218,149351,Other,Tier 3,Store,0,2026-03-05 14:19:15.683837
41,182605,5.2,3,33,17,44477,97749,Other,Tier 2,Store,0,2026-03-05 14:19:15.683837
59,241282,8.3,6,18,12,128957,111431,Other,Tier 1,Store,0,2026-03-05 14:19:15.683837
21,202306,6.7,10,25,8,72750,16696,Female,Tier 2,Online,1,2026-03-05 14:19:15.683837
20,116131,9.3,9,4,2,109184,118914,Female,Tier 1,Store,0,2026-03-05 14:19:15.683837
51,82594,9.0,3,19,3,137794,83477,Female,Tier 1,Store,0,2026-03-05 14:19:15.683837
74,202973,1.1,2,13,9,24101,146526,Other,Tier 2,Store,0,2026-03-05 14:19:15.683837
66,26519,6.5,9,42,9,3222,33335,Other,Tier 3,Online,1,2026-03-05 14:19:15.683837
40,177187,6.5,5,28,1,52802,6152,Other,Tier 2,Online,1,2026-03-05 14:19:15.683837
70,212338,6.0,10,2,17,92802,18194,Other,Tier 1,Online,1,2026-03-05 14:19:15.683837
73,16832,5.1,5,19,2,37631,79785,Male,Tier 1,Store,0,2026-03-05 14:19:15.683837
69,187440,9.1,7,24,10,140492,98253,Female,Tier 2,Store,0,2026-03-05 14:19:15.683837
40,234497,5.9,2,40,4,124529,22597,Female,Tier 2,Hybrid,0,2026-03-05 14:19:15.683837
62,128922,1.0,10,4,14,146680,104581,Female,Tier 3,Store,0,2026-03-05 14:19:15.683837
22,120474,5.1,5,28,16,64274,75374,Other,Tier 3,Store,0,2026-03-05 14:19:15.683837
48,84715,10.1,8,49,1,77202,105773,Male,Tier 3,Store,0,2026-03-05 14:19:15.683837
79,86835,3.8,8,40,4,46351,48804,Other,Tier 2,Store,0,2026-03-05 14:19:15.683837
70,88366,8.4,10,40,16,24896,113184,Other,Tier 1,Store,0,2026-03-05 14:19:15.683837
79,52570,8.1,7,1,10,72144,21339,Male,Tier 1,Online,1,2026-03-05 14:19:15.683837
58,234049,5.5,5,5,9,14107,20334,Other,Tier 3,Online,1,2026-03-05 14:19:15.683837
74,152687,6.4,4,35,18,59663,82358,Male,Tier 3,Store,0,2026-03-05 14:19:15.683837
78,218370,5.9,2,0,5,49175,121631,Male,Tier 2,Store,0,2026-03-05 14:19:15.683837
74,53311,4.9,2,30,9,45670,105140,Other,Tier 3,Store,0,2026-03-05 14:19:15.683837
77,105245,4.7,3,26,10,79725,30880,Other,Tier 1,Store,0,2026-03-05 14:19:15.683837
71,118187,8.8,3,44,6,96358,11927,Other,Tier 2,Online,1,2026-03-05 14:19:15.683837
23,38434,5.7,7,36,15,40998,29850,Female,Tier 2,Store,0,2026-03-05 14:19:15.683837
54,101879,4.5,6,45,12,119836,107581,Female,Tier 2,Store,0,2026-03-05 14:19:15.683837
74,30739,7.1,1,45,10,75560,142826,Other,Tier 2,Store,0,2026-03-05 14:19:15.683837
27,81202,6.9,6,18,2,122595,96018,Male,Tier 2,Store,0,2026-03-05 14:19:15.683837
57,113580,3.0,5,0,7,7005,43259,Female,Tier 2,Store,0,2026-03-05 14:19:15.683837
24,239491,4.7,6,30,3,56386,40069,Other,Tier 2,Store,0,2026-03-05 14:19:15.683837
56,94599,2.6,8,17,6,144292,101636,Male,Tier 2,Store,0,2026-03-05 14:19:15.683837
55,179721,11.1,1,6,9,61586,75546,Other,Tier 1,Store,0,2026-03-05 14:19:15.683837
38,246436,5.3,6,48,11,101831,107118,Male,Tier 3,Store,0,2026-03-05 14:19:15.683837
78,193517,4.6,4,31,10,14233,56120,Female,Tier 1,Store,0,2026-03-05 14:19:15.683837
37,131770,5.0,9,34,4,143003,9479,Female,Tier 2,Online,1,2026-03-05 14:19:15.683837
20,54470,4.5,10,31,4,100753,83229,Male,Tier 1,Store,0,2026-03-05 14:19:15.683837
68,89965,5.6,8,0,18,101819,37203,Female,Tier 1,Store,0,2026-03-05 14:19:15.683837
39,140332,8.5,7,32,14,30219,94063,Male,Tier 2,Store,0,2026-03-05 14:19:15.683837
64,194693,6.2,3,11,6,52616,129365,Female,Tier 1,Store,0,2026-03-05 14:19:15.683837
21,144681,3.2,9,44,3,119975,65880,Other,Tier 2,Store,0,2026-03-05 14:19:15.683837
45,178998,3.7,3,23,6,19824,73614,Male,Tier 2,Store,0,2026-03-05 14:19:15.683837
29,129300,6.3,6,3,6,18492,63290,Female,Tier 2,Store,0,2026-03-05 14:19:15.683837
55,52997,4.3,2,14,9,131373,77571,Male,Tier 3,Store,0,2026-03-05 14:19:15.683837
68,206012,5.6,8,31,3,115905,115375,Female,Tier 3,Store,0,2026-03-05 14:19:15.683837
53,186796,11.3,1,23,17,91431,49780,Female,Tier 3,Store,0,2026-03-05 14:19:15.683837
64,112805,4.0,1,22,5,119175,82374,Female,Tier 1,Store,0,2026-03-05 14:19:15.683837
58,177776,3.1,8,24,0,89554,88500,Other,Tier 3,Store,0,2026-03-05 14:19:15.683837
22,137202,4.5,9,48,1,7167,23251,Female,Tier 3,Online,1,2026-03-05 14:19:15.683837
30,174463,2.4,10,25,2,37963,69501,Female,Tier 2,Store,0,2026-03-05 14:19:15.683837
40,209363,8.6,9,20,6,102779,125018,Male,Tier 1,Store,0,2026-03-05 14:19:15.683837
75,235795,3.7,8,5,1,81627,44588,Other,Tier 2,Store,0,2026-03-05 14:19:15.683837
67,17526,4.1,10,21,13,108423,1810,Other,Tier 3,Online,1,2026-03-05 14:19:15.683837
47,170758,3.3,8,44,4,145558,51592,Other,Tier 2,Store,0,2026-03-05 14:19:15.683837
79,88339,2.6,4,38,4,116238,58330,Male,Tier 1,Store,0,2026-03-05 14:19:15.683837
54,244276,5.9,8,36,15,42473,25712,Female,Tier 3,Hybrid,0,2026-03-05 14:19:15.683837
42,21574,4.5,7,10,14,69989,8781,Female,Tier 3,Online,1,2026-03-05 14:19:15.683837
65,23733,2.4,9,36,15,107222,24817,Male,Tier 2,Store,0,2026-03-05 14:19:15.683837
44,65290,5.3,10,29,8,28321,112728,Female,Tier 2,Store,0,2026-03-05 14:19:15.683837
68,87793,6.7,8,30,7,54860,133509,Female,Tier 3,Store,0,2026-03-05 14:19:15.683837
31,51051,5.1,10,32,1,58620,22561,Female,Tier 1,Online,1,2026-03-05 14:19:15.683837
74,30909,7.2,2,44,9,10676,131540,Female,Tier 3,Store,0,2026-03-05 14:19:15.683837
79,235754,9.4,8,11,17,144505,8305,Other,Tier 2,Online,1,2026-03-05 14:19:15.683837
65,92338,7.6,8,26,17,69701,114494,Female,Tier 1,Store,0,2026-03-05 14:19:15.683837
76,88432,6.4,10,13,18,124568,54765,Male,Tier 1,Store,0,2026-03-05 14:19:15.683837
64,43133,7.6,10,0,4,114371,107350,Female,Tier 2,Store,0,2026-03-05 14:19:15.683837
71,197643,10.5,9,44,0,138686,67499,Other,Tier 3,Store,0,2026-03-05 14:19:15.683837
53,94062,3.1,3,49,10,112709,41718,Other,Tier 2,Store,0,2026-03-05 14:19:15.683837
56,196980,7.3,8,48,10,30752,68230,Female,Tier 3,Store,0,2026-03-05 14:19:15.683837
33,157350,4.0,8,7,2,102126,106295,Other,Tier 2,Store,0,2026-03-05 14:19:15.683837
73,126546,6.5,10,7,2,105952,81238,Female,Tier 3,Store,0,2026-03-05 14:19:15.683837
39,66458,3.4,4,39,15,19008,97430,Other,Tier 3,Store,0,2026-03-05 14:19:15.683837
38,210337,7.5,5,28,19,94238,102176,Female,Tier 1,Store,0,2026-03-05 14:19:15.683837
71,202854,6.6,2,25,14,113706,43390,Female,Tier 3,Store,0,2026-03-05 14:19:15.683837
38,70415,9.0,6,25,12,114132,91078,Male,Tier 2,Store,0,2026-03-05 14:19:15.683837
25,237159,5.5,10,48,9,114361,129633,Female,Tier 1,Store,0,2026-03-05 14:19:15.683837
66,69160,5.4,9,19,18,24016,99495,Other,Tier 3,Store,0,2026-03-05 14:19:15.683837
33,69399,5.4,3,43,9,12370,121415,Other,Tier 3,Store,0,2026-03-05 14:19:15.683837
76,40298,10.9,6,42,15,110101,59848,Male,Tier 1,Store,0,2026-03-05 14:19:15.683837
72,246946,7.3,8,48,5,118623,134846,Female,Tier 3,Store,0,2026-03-05 14:19:15.683837
48,168263,8.7,2,6,4,2913,77955,Other,Tier 2,Store,0,2026-03-05 14:19:15.683837
59,203036,7.4,10,31,14,2094,79209,Other,Tier 2,Store,0,2026-03-05 14:19:15.683837
27,179164,7.8,1,41,16,26353,48872,Female,Tier 1,Store,0,2026-03-05 14:19:15.683837
49,104407,3.0,6,48,3,93867,143162,Male,Tier 3,Store,0,2026-03-05 14:19:15.683837
76,221329,4.9,3,17,7,45610,33912,Male,Tier 2,Store,0,2026-03-05 14:19:15.683837
51,77513,4.8,2,21,11,97991,28123,Other,Tier 2,Store,0,2026-03-05 14:19:15.683837
79,66097,6.1,10,28,12,53953,116231,Female,Tier 2,Store,0,2026-03-05 14:19:15.683837
26,176351,5.8,8,31,8,67357,35150,Other,Tier 3,Store,0,2026-03-05 14:19:15.683837
34,160476,2.8,9,48,14,88195,99033,Female,Tier 2,Store,0,2026-03-05 14:19:15.683837
28,216094,6.1,7,19,10,66187,46756,Female,Tier 1,Store,0,2026-03-05 14:19:15.683837
49,50198,2.0,9,30,14,39188,99458,Male,Tier 3,Store,0,2026-03-05 14:19:15.683837
27,240295,7.6,7,42,14,147136,78882,Female,Tier 2,Store,0,2026-03-05 14:19:15.683837
39,64997,6.2,3,40,3,126493,87705,Other,Tier 1,Store,0,2026-03-05 14:19:15.683837
74,224764,8.5,1,7,15,83539,31102,Female,Tier 3,Store,0,2026-03-05 14:19:15.683837
34,146639,6.4,1,42,9,111577,24576,Other,Tier 2,Hybrid,0,2026-03-05 14:19:15.683837
21,207104,5.1,5,35,1,103136,131431,Male,Tier 1,Store,0,2026-03-05 14:19:15.683837
65,17179,2.8,9,7,11,75612,42871,Other,Tier 1,Store,0,2026-03-05 14:19:15.683837
69,17019,5.2,10,8,7,57731,25059,Female,Tier 1,Store,0,2026-03-05 14:19:15.683837
64,96455,4.4,6,13,16,23705,15395,Female,Tier 1,Hybrid,0,2026-03-05 14:19:15.683837
42,231311,6.7,2,45,4,68972,76246,Other,Tier 1,Store,0,2026-03-05 14:19:15.683837
76,164776,5.2,6,32,18,59509,90806,Other,Tier 1,Store,0,2026-03-05 14:19:15.683837
38,164102,7.2,4,14,10,68393,68698,Male,Tier 3,Store,0,2026-03-05 14:19:15.683837
54,141883,8.7,9,29,16,68608,130336,Female,Tier 2,Store,0,2026-03-05 14:19:15.683837
55,84445,3.2,10,29,5,15927,65388,Other,Tier 2,Store,0,2026-03-05 14:19:15.683837
66,88551,6.0,3,39,11,73703,114855,Female,Tier 3,Store,0,2026-03-05 14:19:15.683837
18,18420,5.9,7,30,6,95314,132027,Other,Tier 1,Store,0,2026-03-05 14:19:15.683837
42,74875,6.6,10,4,15,79263,3149,Other,Tier 3,Online,1,2026-03-05 14:19:15.683837
68,193725,7.4,8,18,2,119183,36262,Female,Tier 1,Store,0,2026-03-05 14:19:15.683837
53,31740,9.2,2,47,11,79696,49249,Male,Tier 1,Store,0,2026-03-05 14:19:15.683837
34,80263,3.8,10,41,7,80957,75604,Male,Tier 2,Store,0,2026-03-05 14:19:15.683837
58,120789,2.9,7,10,2,84238,137702,Other,Tier 2,Store,0,2026-03-05 14:19:15.683837
41,241936,6.4,5,36,14,53978,93292,Other,Tier 1,Store,0,2026-03-05 14:19:15.683837
19,210631,6.9,1,9,5,91126,46869,Male,Tier 3,Store,0,2026-03-05 14:19:15.683837
57,34465,7.4,7,47,7,32847,24784,Other,Tier 3,Online,1,2026-03-05 14:19:15.683837
32,197504,4.5,10,35,11,34032,57670,Male,Tier 3,Store,0,2026-03-05 14:19:15.683837
49,19131,2.8,8,32,12,6022,30732,Male,Tier 3,Store,0,2026-03-05 14:19:15.683837
56,25652,8.4,1,23,16,74002,110926,Other,Tier 2,Store,0,2026-03-05 14:19:15.683837
76,211045,7.0,4,14,16,108584,109402,Female,Tier 1,Store,0,2026-03-05 14:19:15.683837
23,233115,5.2,4,28,13,116655,43650,Female,Tier 2,Store,0,2026-03-05 14:19:15.683837
18,193219,1.7,5,38,15,123722,104836,Female,Tier 1,Store,0,2026-03-05 14:19:15.683837
64,62671,4.7,5,26,10,117997,83444,Other,Tier 1,Store,0,2026-03-05 14:19:15.683837
40,104342,7.4,4,19,5,133794,73082,Female,Tier 3,Store,0,2026-03-05 14:19:15.683837
75,34171,6.9,1,35,9,23366,145948,Male,Tier 2,Store,0,2026-03-05 14:19:15.683837
56,232201,3.2,9,13,6,48008,22086,Other,Tier 1,Store,0,2026-03-05 14:19:15.683837
78,201764,7.2,5,36,8,85435,122032,Female,Tier 3,Store,0,2026-03-05 14:19:15.683837
79,73541,5.8,1,48,9,148401,79812,Male,Tier 1,Store,0,2026-03-05 14:19:15.683837
74,24470,8.5,3,35,11,107964,78714,Male,Tier 2,Store,0,2026-03-05 14:19:15.683837
34,207416,4.6,1,36,18,108044,22241,Male,Tier 3,Store,0,2026-03-05 14:19:15.683837
51,59308,4.8,7,23,11,37119,15507,Female,Tier 1,Hybrid,0,2026-03-05 14:19:15.683837
76,196711,6.2,10,48,18,35846,99866,Other,Tier 3,Store,0,2026-03-05 14:19:15.683837
58,167398,5.2,10,42,14,3238,99020,Other,Tier 3,Store,0,2026-03-05 14:19:15.683837
46,150669,4.3,10,35,19,27410,142952,Other,Tier 3,Store,0,2026-03-05 14:19:15.683837
26,117840,9.7,7,28,5,66274,40729,Female,Tier 1,Store,0,2026-03-05 14:19:15.683837
30,176860,8.8,6,14,14,119038,47225,Male,Tier 1,Store,0,2026-03-05 14:19:15.683837
23,211092,4.1,9,38,19,67517,132060,Female,Tier 3,Store,0,2026-03-05 14:19:15.683837
23,64477,6.4,7,4,15,104122,127926,Female,Tier 2,Store,0,2026-03-05 14:19:15.683837
37,123261,2.9,5,45,1,96527,145264,Male,Tier 1,Store,0,2026-03-05 14:19:15.683837
69,117466,9.4,7,32,17,5151,66464,Other,Tier 1,Store,0,2026-03-05 14:19:15.683837
70,48071,7.5,10,38,4,51289,57197,Other,Tier 1,Store,0,2026-03-05 14:19:15.683837
20,216675,8.0,4,44,7,39437,24590,Male,Tier 1,Store,0,2026-03-05 14:19:15.683837
34,207995,5.5,10,44,10,128164,32310,Male,Tier 1,Online,1,2026-03-05 14:19:15.683837
66,85560,8.3,9,0,14,86747,97405,Female,Tier 2,Store,0,2026-03-05 14:19:15.683837
29,219323,8.4,6,46,4,40858,100713,Female,Tier 1,Store,0,2026-03-05 14:19:15.683837
65,203564,5.7,4,33,13,9885,57453,Male,Tier 1,Store,0,2026-03-05 14:19:15.683837
64,177842,3.7,5,39,9,139581,130417,Other,Tier 2,Store,0,2026-03-05 14:19:15.683837
62,91762,6.9,8,7,5,25844,62482,Male,Tier 1,Store,0,2026-03-05 14:19:15.683837
72,181471,5.7,7,23,13,25124,96758,Male,Tier 3,Store,0,2026-03-05 14:19:15.683837
18,225020,9.7,6,45,19,29235,13858,Male,Tier 1,Online,1,2026-03-05 14:19:15.683837
34,203511,6.1,2,22,3,143092,79878,Male,Tier 1,Store,0,2026-03-05 14:19:15.683837
20,190487,6.2,3,35,13,109066,143121,Female,Tier 2,Store,0,2026-03-05 14:19:15.683837
43,158641,7.6,1,12,2,66731,27285,Male,Tier 1,Store,0,2026-03-05 14:19:15.683837
32,17369,6.0,3,36,17,78044,73137,Other,Tier 2,Store,0,2026-03-05 14:19:15.683837
53,124963,7.4,2,45,19,46139,51861,Male,Tier 3,Store,0,2026-03-05 14:19:15.683837
49,243629,4.9,10,17,10,69730,110299,Male,Tier 1,Store,0,2026-03-05 14:19:15.683837
49,15528,3.8,6,9,11,73254,133482,Other,Tier 3,Store,0,2026-03-05 14:19:15.683837
21,123806,4.2,4,3,15,13808,14691,Male,Tier 2,Store,0,2026-03-05 14:19:15.683837
35,176386,5.3,10,6,19,99280,16682,Male,Tier 1,Store,0,2026-03-05 14:19:15.683837
66,117979,6.2,3,35,8,125060,137813,Other,Tier 1,Store,0,2026-03-05 14:19:15.683837
36,164119,7.0,8,21,10,19848,27334,Male,Tier 3,Online,1,2026-03-05 14:19:15.683837
60,34748,6.9,5,42,8,38889,87866,Female,Tier 3,Store,0,2026-03-05 14:19:15.683837
69,50109,6.0,4,42,8,77631,109998,Male,Tier 2,Store,0,2026-03-05 14:19:15.683837
52,28919,3.9,6,11,6,135630,136137,Male,Tier 1,Store,0,2026-03-05 14:19:15.683837
57,62498,7.4,4,23,8,64935,39960,Other,Tier 2,Store,0,2026-03-05 14:19:15.683837
31,70808,3.0,10,46,0,16239,27126,Female,Tier 1,Hybrid,0,2026-03-05 14:19:15.683837
75,226864,3.7,10,36,3,22318,71318,Other,Tier 3,Store,0,2026-03-05 14:19:15.683837
50,85441,6.1,5,7,5,72784,68301,Other,Tier 1,Store,0,2026-03-05 14:19:15.683837
31,128843,7.6,4,19,10,4909,143382,Female,Tier 1,Store,0,2026-03-05 14:19:15.683837
51,89420,7.3,9,42,16,35995,138675,Male,Tier 3,Store,0,2026-03-05 14:19:15.683837
78,174978,5.8,2,17,0,135612,23643,Other,Tier 2,Hybrid,0,2026-03-05 14:19:15.683837
72,122447,6.9,1,24,13,127224,71518,Female,Tier 2,Store,0,2026-03-05 14:19:15.683837
21,217558,3.9,7,49,16,14167,107169,Male,Tier 2,Store,0,2026-03-05 14:19:15.683837
41,81896,4.9,9,22,16,138583,29304,Male,Tier 2,Store,0,2026-03-05 14:19:15.683837
76,118431,4.9,9,37,8,128577,146095,Male,Tier 3,Store,0,2026-03-05 14:19:15.683837
46,168018,4.1,4,17,9,17035,99241,Female,Tier 2,Store,0,2026-03-05 14:19:15.683837
36,62020,5.3,4,45,17,85671,2724,Other,Tier 1,Online,1,2026-03-05 14:19:15.683837
23,220338,5.6,1,10,8,133184,131484,Other,Tier 2,Store,0,2026-03-05 14:19:15.683837
74,37161,5.1,1,38,12,102527,24066,Other,Tier 1,Store,0,2026-03-05 14:19:15.683837
50,42738,5.5,1,13,10,21768,24707,Male,Tier 3,Store,0,2026-03-05 14:19:15.683837
66,149997,1.0,6,47,1,111323,142469,Other,Tier 2,Store,0,2026-03-05 14:19:15.683837
57,154535,6.8,6,21,3,136978,122574,Other,Tier 1,Store,0,2026-03-05 14:19:15.683837
36,72153,5.2,5,44,10,138259,104948,Male,Tier 3,Store,0,2026-03-05 14:19:15.683837
70,229020,5.2,10,37,8,25570,62190,Male,Tier 2,Store,0,2026-03-05 14:19:15.683837
18,76009,3.2,10,14,11,7900,121726,Other,Tier 3,Store,0,2026-03-05 14:19:15.683837
22,102938,9.1,2,4,16,122453,117914,Other,Tier 3,Store,0,2026-03-05 14:19:15.683837
44,114546,9.2,6,48,1,71889,149437,Other,Tier 3,Store,0,2026-03-05 14:19:15.683837
33,237325,2.7,1,4,13,63825,32922,Female,Tier 3,Store,0,2026-03-05 14:19:15.683837
23,187624,5.5,3,49,19,48252,42429,Other,Tier 3,Store,0,2026-03-05 14:19:15.683837
57,71271,7.9,5,41,8,41079,67047,Female,Tier 2,Store,0,2026-03-05 14:19:15.683837
30,24797,5.3,10,18,3,83550,65724,Other,Tier 3,Store,0,2026-03-05 14:19:15.683837
65,101130,4.8,5,33,4,104466,46012,Other,Tier 2,Store,0,2026-03-05 14:19:15.683837
79,86942,4.7,7,15,16,72241,28430,Male,Tier 1,Store,0,2026-03-05 14:19:15.683837
52,133065,6.6,5,20,12,5913,8282,Male,Tier 3,Online,1,2026-03-05 14:19:15.683837
36,28965,11.2,10,44,13,138531,40872,Female,Tier 1,Hybrid,0,2026-03-05 14:19:15.683837
29,28733,7.7,6,31,17,70717,1107,Female,Tier 1,Online,1,2026-03-05 14:19:15.683837
33,199295,3.8,7,18,8,28753,127556,Female,Tier 1,Store,0,2026-03-05 14:19:15.683837
76,142182,4.7,2,23,9,100189,115105,Male,Tier 1,Store,0,2026-03-05 14:19:15.683837
60,172998,5.5,3,34,11,117928,84353,Other,Tier 3,Store,0,2026-03-05 14:19:15.683837
27,174855,4.3,3,17,8,129255,16658,Female,Tier 2,Store,0,2026-03-05 14:19:15.683837
42,98360,3.9,1,13,11,79928,78456,Male,Tier 3,Store,0,2026-03-05 14:19:15.683837
37,182466,7.5,9,21,9,88396,69903,Male,Tier 2,Store,0,2026-03-05 14:19:15.683837
48,123378,5.0,10,38,5,30154,14608,Male,Tier 1,Online,1,2026-03-05 14:19:15.683837
21,210868,6.7,9,29,8,119442,133523,Other,Tier 2,Store,0,2026-03-05 14:19:15.683837
61,43287,9.6,9,11,19,910,145642,Female,Tier 2,Store,0,2026-03-05 14:19:15.683837
40,97104,5.0,9,48,13,128006,59777,Other,Tier 1,Store,0,2026-03-05 14:19:15.683837
19,176508,6.5,8,11,13,102104,77046,Male,Tier 3,Store,0,2026-03-05 14:19:15.683837
73,101916,4.0,5,29,12,86527,42732,Male,Tier 2,Store,0,2026-03-05 14:19:15.683837
39,236404,6.8,9,2,3,22346,69050,Female,Tier 3,Store,0,2026-03-05 14:19:15.683837
68,219639,8.6,7,39,6,121215,24783,Male,Tier 1,Online,1,2026-03-05 14:19:15.683837
74,233555,8.5,2,31,4,123396,38352,Male,Tier 2,Store,0,2026-03-05 14:19:15.683837
54,18188,6.1,7,26,3,117166,32149,Male,Tier 2,Hybrid,0,2026-03-05 14:19:15.683837
25,106205,5.0,4,27,17,116401,43009,Other,Tier 2,Store,0,2026-03-05 14:19:15.683837
24,247321,6.5,7,17,1,108665,113568,Other,Tier 1,Store,0,2026-03-05 14:19:15.683837
31,112349,6.1,7,24,19,39303,129369,Female,Tier 1,Store,0,2026-03-05 14:19:15.683837
73,152837,6.9,3,14,9,16763,132748,Other,Tier 3,Store,0,2026-03-05 14:19:15.683837
72,197698,4.7,3,44,7,79945,135700,Male,Tier 2,Store,0,2026-03-05 14:19:15.683837
20,234779,5.2,10,47,19,34986,74014,Female,Tier 2,Store,0,2026-03-05 14:19:15.683837
67,156879,5.6,10,26,8,80837,66478,Other,Tier 2,Store,0,2026-03-05 14:19:15.683837
33,25204,7.3,6,14,2,5812,34419,Male,Tier 3,Store,0,2026-03-05 14:19:15.683837
72,238674,7.6,2,29,17,137873,31131,Female,Tier 1,Store,0,2026-03-05 14:19:15.683837
36,204016,5.1,8,10,19,100136,105333,Other,Tier 1,Store,0,2026-03-05 14:19:15.683837
68,57120,3.7,8,44,12,85072,129234,Female,Tier 2,Store,0,2026-03-05 14:19:15.683837
35,117903,6.7,4,13,10,63695,41721,Female,Tier 1,Store,0,2026-03-05 14:19:15.683837
69,168730,7.5,2,44,19,21241,122809,Male,Tier 1,Store,0,2026-03-05 14:19:15.683837
33,52081,5.7,9,27,9,88265,105005,Female,Tier 1,Store,0,2026-03-05 14:19:15.683837
25,49986,4.6,9,7,12,138037,18261,Male,Tier 3,Store,0,2026-03-05 14:19:15.683837
77,94322,5.0,2,10,2,119768,31960,Female,Tier 3,Store,0,2026-03-05 14:19:15.683837
50,109819,9.3,10,13,2,126547,123258,Male,Tier 1,Store,0,2026-03-05 14:19:15.683837
66,145015,6.4,4,46,19,57803,148582,Other,Tier 1,Store,0,2026-03-05 14:19:15.683837
29,65304,8.0,1,21,19,119867,36514,Female,Tier 1,Store,0,2026-03-05 14:19:15.683837
79,80592,4.4,6,24,16,37778,129489,Male,Tier 1,Store,0,2026-03-05 14:19:15.683837
70,73548,8.4,1,9,11,130491,94582,Male,Tier 2,Store,0,2026-03-05 14:19:15.683837
28,113447,7.8,7,35,12,82163,94018,Male,Tier 3,Store,0,2026-03-05 14:19:15.683837
22,54986,5.8,9,38,15,52154,91410,Male,Tier 2,Store,0,2026-03-05 14:19:15.683837
44,89095,7.2,9,23,18,16656,100746,Female,Tier 3,Store,0,2026-03-05 14:19:15.683837
29,106594,8.6,2,5,6,113045,71362,Other,Tier 3,Store,0,2026-03-05 14:19:15.683837
34,103281,3.8,8,32,6,10249,126925,Male,Tier 1,Store,0,2026-03-05 14:19:15.683837
23,81151,4.9,3,21,16,113193,77790,Male,Tier 2,Store,0,2026-03-05 14:19:15.683837
50,88598,7.0,5,19,14,122639,3748,Female,Tier 1,Hybrid,0,2026-03-05 14:19:15.683837
22,43214,6.0,4,10,3,19533,9040,Female,Tier 1,Online,1,2026-03-05 14:19:15.683837
74,53745,6.8,6,34,12,26351,126819,Male,Tier 1,Store,0,2026-03-05 14:19:15.683837
45,188620,7.4,7,34,16,40996,6150,Other,Tier 1,Online,1,2026-03-05 14:19:15.683837
31,156753,7.0,9,0,0,30799,34364,Male,Tier 2,Store,0,2026-03-05 14:19:15.683837
22,153056,5.5,10,41,7,99431,45075,Other,Tier 1,Store,0,2026-03-05 14:19:15.683837
71,173651,5.6,5,25,17,136403,85937,Female,Tier 3,Store,0,2026-03-05 14:19:15.683837
73,105810,9.1,2,13,15,112339,29487,Other,Tier 3,Store,0,2026-03-05 14:19:15.683837
76,249347,6.2,4,48,15,44421,48680,Male,Tier 1,Store,0,2026-03-05 14:19:15.683837
50,201005,8.7,2,1,8,82156,133018,Female,Tier 3,Store,0,2026-03-05 14:19:15.683837
79,173471,8.8,1,45,16,138136,145975,Male,Tier 3,Store,0,2026-03-05 14:19:15.683837
67,177553,4.4,2,4,8,119151,122537,Female,Tier 2,Store,0,2026-03-05 14:19:15.683837
65,15944,7.5,7,38,16,149259,76170,Female,Tier 3,Store,0,2026-03-05 14:19:15.683837
58,108993,3.8,2,14,9,111633,145842,Other,Tier 3,Store,0,2026-03-05 14:19:15.683837
36,24114,9.2,4,20,14,46688,136620,Female,Tier 1,Store,0,2026-03-05 14:19:15.683837
39,54846,6.4,5,28,7,45550,28108,Male,Tier 2,Store,0,2026-03-05 14:19:15.683837
22,229738,6.3,3,20,16,78457,133783,Other,Tier 1,Store,0,2026-03-05 14:19:15.683837
76,223920,4.3,4,37,7,25416,130646,Other,Tier 2,Store,0,2026-03-05 14:19:15.683837
19,47596,4.8,10,35,16,44986,116335,Female,Tier 2,Store,0,2026-03-05 14:19:15.683837
47,119087,6.5,3,13,12,12021,45446,Other,Tier 1,Store,0,2026-03-05 14:19:15.683837
64,221359,6.2,8,32,7,81538,130056,Female,Tier 1,Store,0,2026-03-05 14:19:15.683837
56,21907,5.2,10,22,1,33188,121927,Female,Tier 2,Store,0,2026-03-05 14:19:15.683837
21,174186,7.8,8,7,14,117270,93122,Female,Tier 3,Store,0,2026-03-05 14:19:15.683837
50,40009,6.0,3,19,5,4808,40863,Other,Tier 2,Store,0,2026-03-05 14:19:15.683837
30,99846,4.0,9,37,7,81156,101011,Female,Tier 2,Store,0,2026-03-05 14:19:15.683837
37,65241,7.4,9,46,2,109881,87343,Male,Tier 2,Store,0,2026-03-05 14:19:15.683837
71,181797,3.7,7,37,15,71298,110818,Other,Tier 2,Store,0,2026-03-05 14:19:15.683837
24,33996,2.2,1,46,1,22685,108409,Other,Tier 1,Store,0,2026-03-05 14:19:15.683837
32,152119,6.2,10,0,9,135680,93653,Female,Tier 2,Store,0,2026-03-05 14:19:15.683837
40,43767,3.9,3,41,2,122737,2792,Other,Tier 1,Online,1,2026-03-05 14:19:15.683837
31,31347,6.4,8,3,10,40132,100190,Male,Tier 1,Store,0,2026-03-05 14:19:15.683837
40,117063,7.6,6,13,14,139051,39258,Other,Tier 2,Store,0,2026-03-05 14:19:15.683837
36,39102,8.0,9,21,1,54224,146932,Male,Tier 3,Store,0,2026-03-05 14:19:15.683837
71,19263,7.0,10,11,8,129401,77049,Female,Tier 3,Store,0,2026-03-05 14:19:15.683837
46,123585,3.3,9,24,18,91218,25514,Male,Tier 3,Store,0,2026-03-05 14:19:15.683837
73,82438,4.6,1,47,16,145312,28853,Other,Tier 2,Store,0,2026-03-05 14:19:15.683837
37,111359,6.0,6,6,0,34247,80546,Other,Tier 1,Store,0,2026-03-05 14:19:15.683837
46,176612,6.0,3,6,7,107655,124449,Male,Tier 1,Store,0,2026-03-05 14:19:15.683837
41,145251,4.1,5,38,0,21419,32091,Female,Tier 3,Store,0,2026-03-05 14:19:15.683837
35,246943,5.1,1,5,10,60983,145878,Male,Tier 3,Store,0,2026-03-05 14:19:15.683837
27,221798,7.6,7,18,15,103094,139712,Male,Tier 2,Store,0,2026-03-05 14:19:15.683837
58,209841,7.0,6,46,6,59698,19469,Other,Tier 2,Online,1,2026-03-05 14:19:15.683837
74,186915,5.4,10,22,14,15129,143596,Other,Tier 2,Store,0,2026-03-05 14:19:15.683837
25,42690,8.1,5,9,6,23908,116983,Male,Tier 1,Store,0,2026-03-05 14:19:15.683837
43,17994,3.3,2,43,5,20276,46775,Male,Tier 3,Store,0,2026-03-05 14:19:15.683837
79,118533,7.6,8,7,3,106239,31584,Female,Tier 1,Store,0,2026-03-05 14:19:15.683837
46,82546,7.4,5,35,3,43718,86696,Male,Tier 3,Store,0,2026-03-05 14:19:15.683837
27,153449,7.5,2,6,9,44773,29200,Female,Tier 2,Store,0,2026-03-05 14:19:15.683837
34,93572,6.6,4,2,18,130535,88426,Male,Tier 1,Store,0,2026-03-05 14:19:15.683837
19,41467,4.7,10,7,9,106168,97035,Female,Tier 2,Store,0,2026-03-05 14:19:15.683837
23,146120,7.2,8,12,11,77722,46645,Female,Tier 3,Store,0,2026-03-05 14:19:15.683837
75,183050,5.2,8,30,19,2685,50859,Other,Tier 3,Store,0,2026-03-05 14:19:15.683837
22,62606,6.4,3,12,8,44901,112125,Other,Tier 3,Store,0,2026-03-05 14:19:15.683837
45,227646,4.5,10,25,6,22892,115290,Other,Tier 1,Store,0,2026-03-05 14:19:15.683837
79,113112,5.3,8,47,0,20300,134328,Male,Tier 3,Store,0,2026-03-05 14:19:15.683837
58,88414,5.7,10,47,19,6308,77831,Other,Tier 1,Store,0,2026-03-05 14:19:15.683837
22,108145,6.8,9,1,5,71078,61878,Female,Tier 3,Store,0,2026-03-05 14:19:15.683837
35,195294,7.1,2,2,15,69037,78318,Other,Tier 2,Store,0,2026-03-05 14:19:15.683837
43,63115,9.4,6,14,15,86130,36761,Other,Tier 1,Store,0,2026-03-05 14:19:15.683837
37,104606,6.3,3,48,1,66015,104023,Male,Tier 2,Store,0,2026-03-05 14:19:15.683837
58,55647,4.1,5,1,2,135022,77955,Male,Tier 2,Store,0,2026-03-05 14:19:15.683837
66,69607,7.6,4,16,18,37574,68147,Male,Tier 1,Store,0,2026-03-05 14:19:15.683837
44,203482,6.7,8,37,5,88425,592,Female,Tier 2,Online,1,2026-03-05 14:19:15.683837
66,36996,5.6,7,10,9,14586,63503,Male,Tier 1,Store,0,2026-03-05 14:19:15.683837
29,200993,5.2,7,4,7,102348,100381,Other,Tier 1,Store,0,2026-03-05 14:19:15.683837
24,98697,4.8,1,5,0,48576,116722,Female,Tier 3,Store,0,2026-03-05 14:19:15.683837
76,61022,4.7,6,2,2,2077,107195,Female,Tier 1,Store,0,2026-03-05 14:19:15.683837
20,55148,3.6,2,22,0,94206,114858,Other,Tier 2,Store,0,2026-03-05 14:19:15.683837
27,82764,7.9,8,31,7,110027,120783,Female,Tier 2,Store,0,2026-03-05 14:19:15.683837
51,106901,6.9,6,3,6,30613,68847,Female,Tier 1,Store,0,2026-03-05 14:19:15.683837
42,105724,6.2,9,46,10,77095,68864,Female,Tier 3,Store,0,2026-03-05 14:19:15.683837
52,139766,4.8,10,28,9,130118,23508,Other,Tier 1,Store,0,2026-03-05 14:19:15.683837
33,23888,8.2,1,16,19,5423,123460,Female,Tier 3,Store,0,2026-03-05 14:19:15.683837
19,234738,3.2,8,30,10,17891,105635,Male,Tier 2,Store,0,2026-03-05 14:19:15.683837
77,185231,5.7,2,34,19,145580,93795,Male,Tier 2,Store,0,2026-03-05 14:19:15.683837
41,188269,8.0,7,47,16,123801,17096,Other,Tier 1,Online,1,2026-03-05 14:19:15.683837
27,230398,2.0,3,20,13,111489,63264,Male,Tier 1,Store,0,2026-03-05 14:19:15.683837
55,236432,6.4,7,22,3,136890,60483,Female,Tier 1,Store,0,2026-03-05 14:19:15.683837
39,113941,4.7,1,47,0,100585,120807,Other,Tier 3,Store,0,2026-03-05 14:19:15.683837
43,170546,6.2,10,30,4,138387,119058,Other,Tier 1,Store,0,2026-03-05 14:19:15.683837
60,32333,5.3,9,0,1,5291,76895,Male,Tier 3,Store,0,2026-03-05 14:19:15.683837
72,51355,7.2,6,10,9,108788,143181,Other,Tier 3,Store,0,2026-03-05 14:19:15.683837
56,245487,8.5,7,0,17,35376,98755,Male,Tier 2,Store,0,2026-03-05 14:19:15.683837
44,144686,11.0,9,6,8,969,54690,Male,Tier 1,Store,0,2026-03-05 14:19:15.683837
46,219975,5.8,10,40,17,16675,34700,Other,Tier 2,Hybrid,0,2026-03-05 14:19:15.683837
64,212330,7.5,1,12,4,112255,141465,Female,Tier 2,Store,0,2026-03-05 14:19:15.683837
55,177217,6.7,8,19,11,97556,105965,Other,Tier 2,Store,0,2026-03-05 14:19:15.683837
37,118170,6.8,7,5,15,34898,72051,Male,Tier 3,Store,0,2026-03-05 14:19:15.683837
44,90675,9.0,2,29,1,65504,96697,Male,Tier 1,Store,0,2026-03-05 14:19:15.683837
58,195926,4.6,1,48,1,47340,96976,Other,Tier 2,Store,0,2026-03-05 14:19:15.683837
71,82664,5.3,10,5,15,89726,120414,Male,Tier 3,Store,0,2026-03-05 14:19:15.683837
37,101153,5.6,1,33,3,125333,70140,Male,Tier 3,Store,0,2026-03-05 14:19:15.683837
61,108616,4.0,4,34,2,31658,123060,Male,Tier 2,Store,0,2026-03-05 14:19:15.683837
36,50285,6.0,5,19,19,48719,36149,Other,Tier 3,Store,0,2026-03-05 14:19:15.683837
37,163605,7.3,7,37,1,38393,1892,Other,Tier 3,Online,1,2026-03-05 14:19:15.683837
52,178696,7.7,8,29,1,44319,107351,Female,Tier 3,Store,0,2026-03-05 14:19:15.683837
64,61996,5.6,2,32,19,88948,144227,Male,Tier 1,Store,0,2026-03-05 14:19:15.683837
19,61947,8.3,9,23,11,536,18174,Other,Tier 2,Store,0,2026-03-05 14:19:15.683837
47,174028,1.9,7,30,12,34249,76421,Other,Tier 3,Store,0,2026-03-05 14:19:15.683837
70,66030,10.7,6,15,18,114644,102933,Male,Tier 3,Store,0,2026-03-05 14:19:15.683837
51,204669,7.1,8,39,0,69493,70393,Female,Tier 3,Store,0,2026-03-05 14:19:15.683837
39,57443,5.1,2,15,6,27828,3567,Other,Tier 2,Online,1,2026-03-05 14:19:15.683837
20,143344,6.9,1,26,18,42211,79116,Other,Tier 1,Store,0,2026-03-05 14:19:15.683837
23,244685,5.7,5,35,12,12034,22459,Male,Tier 3,Store,0,2026-03-05 14:19:15.683837
32,80464,1.8,9,21,3,4563,17645,Male,Tier 3,Online,1,2026-03-05 14:19:15.683837
44,143019,6.1,7,14,15,37368,22626,Female,Tier 3,Store,0,2026-03-05 14:19:15.683837
27,150024,7.8,7,45,17,68422,101217,Male,Tier 2,Store,0,2026-03-05 14:19:15.683837
26,202952,7.9,9,0,14,103009,24361,Female,Tier 2,Store,0,2026-03-05 14:19:15.683837
50,198273,6.5,5,27,10,39788,121230,Other,Tier 2,Store,0,2026-03-05 14:19:15.683837
49,135454,7.9,5,32,4,97332,53201,Other,Tier 3,Store,0,2026-03-05 14:19:15.683837
65,139444,6.9,7,35,13,40546,136018,Other,Tier 3,Store,0,2026-03-05 14:19:15.683837
23,127175,6.4,6,14,10,100892,64549,Female,Tier 2,Store,0,2026-03-05 14:19:15.683837
58,57460,4.6,10,30,17,33620,57997,Other,Tier 2,Store,0,2026-03-05 14:19:15.683837
76,168868,5.3,6,5,7,149904,15839,Male,Tier 3,Store,0,2026-03-05 14:19:15.683837
53,177818,5.5,8,3,8,14772,58898,Male,Tier 3,Store,0,2026-03-05 14:19:15.683837
76,232857,6.6,4,19,11,135408,110674,Male,Tier 3,Store,0,2026-03-05 14:19:15.683837
77,15015,7.6,2,3,17,99177,33942,Female,Tier 1,Store,0,2026-03-05 14:19:15.683837
19,64757,4.8,3,9,10,98574,53464,Other,Tier 1,Store,0,2026-03-05 14:19:15.683837
46,172029,3.2,10,6,4,22044,100665,Male,Tier 3,Store,0,2026-03-05 14:19:15.683837
21,96541,8.9,4,26,8,77242,4912,Other,Tier 2,Online,1,2026-03-05 14:19:15.683837
18,36292,4.1,5,5,7,91090,2373,Male,Tier 1,Hybrid,0,2026-03-05 14:19:15.683837
36,137694,7.0,2,30,17,49296,24745,Male,Tier 2,Store,0,2026-03-05 14:19:15.683837
43,177948,6.5,8,35,16,37285,114089,Female,Tier 2,Store,0,2026-03-05 14:19:15.683837
42,206799,5.3,5,26,12,90108,137107,Male,Tier 1,Store,0,2026-03-05 14:19:15.683837
27,62046,7.2,7,12,5,90288,89282,Other,Tier 1,Store,0,2026-03-05 14:19:15.683837
70,29817,3.6,9,10,6,1510,40205,Female,Tier 2,Store,0,2026-03-05 14:19:15.683837
32,237078,9.3,7,8,1,39642,62802,Male,Tier 1,Store,0,2026-03-05 14:19:15.683837
76,24759,11.3,4,7,1,4033,15350,Female,Tier 1,Online,1,2026-03-05 14:19:15.683837
39,194504,8.5,3,9,11,25635,126039,Female,Tier 3,Store,0,2026-03-05 14:19:15.683837
68,21412,4.4,8,1,1,47815,111055,Male,Tier 1,Store,0,2026-03-05 14:19:15.683837
65,203829,1.3,9,23,0,71530,19565,Other,Tier 1,Hybrid,0,2026-03-05 14:19:15.683837
38,35504,7.0,5,34,1,88649,143578,Other,Tier 3,Store,0,2026-03-05 14:19:15.683837
76,123500,3.4,6,33,4,30478,112150,Female,Tier 1,Store,0,2026-03-05 14:19:15.683837
73,23507,5.2,10,49,10,104130,134669,Male,Tier 1,Store,0,2026-03-05 14:19:15.683837
39,36050,9.0,10,10,13,18178,22202,Male,Tier 3,Online,1,2026-03-05 14:19:15.683837
53,150892,9.2,6,0,7,51073,93109,Other,Tier 2,Store,0,2026-03-05 14:19:15.683837
51,153907,9.5,3,4,16,3319,90384,Other,Tier 1,Store,0,2026-03-05 14:19:15.683837
47,239239,6.2,4,26,12,90326,49890,Male,Tier 3,Store,0,2026-03-05 14:19:15.683837
42,115153,7.8,9,6,7,138579,29015,Other,Tier 1,Hybrid,0,2026-03-05 14:19:15.683837
62,28587,2.0,6,49,14,119063,11961,Female,Tier 3,Store,0,2026-03-05 14:19:15.683837
45,246329,3.0,5,36,6,107301,74054,Other,Tier 2,Store,0,2026-03-05 14:19:15.683837
18,72732,5.4,9,37,14,65646,96378,Other,Tier 3,Store,0,2026-03-05 14:19:15.683837
66,66921,7.7,8,0,8,86849,144622,Male,Tier 1,Store,0,2026-03-05 14:19:15.683837
62,191571,5.1,9,31,13,16469,81184,Other,Tier 2,Store,0,2026-03-05 14:19:15.683837
21,132734,7.6,9,16,14,137646,70547,Other,Tier 2,Store,0,2026-03-05 14:19:15.683837
24,145104,3.7,4,17,10,7606,120267,Male,Tier 3,Store,0,2026-03-05 14:19:15.683837
66,152912,6.2,8,3,3,51620,2460,Male,Tier 1,Online,1,2026-03-05 14:19:15.683837
26,249442,7.1,10,48,13,85911,123680,Female,Tier 2,Store,0,2026-03-05 14:19:15.683837
53,211149,7.5,9,12,14,136009,85495,Other,Tier 3,Store,0,2026-03-05 14:19:15.683837
36,46440,5.1,5,4,3,43239,44797,Male,Tier 1,Store,0,2026-03-05 14:19:15.683837
18,50183,6.1,4,21,13,136675,74708,Male,Tier 1,Store,0,2026-03-05 14:19:15.683837
27,111172,2.9,10,25,3,100328,23511,Male,Tier 3,Online,1,2026-03-05 14:19:15.683837
53,148461,5.8,1,3,8,73065,51290,Other,Tier 3,Store,0,2026-03-05 14:19:15.683837
26,201148,8.2,3,22,0,49140,83619,Male,Tier 2,Store,0,2026-03-05 14:19:15.683837
62,129515,5.5,10,4,7,56023,81573,Other,Tier 2,Store,0,2026-03-05 14:19:15.683837
63,138183,4.5,2,8,14,16165,101642,Male,Tier 1,Store,0,2026-03-05 14:19:15.683837
59,81299,7.6,7,12,5,43053,111388,Male,Tier 3,Store,0,2026-03-05 14:19:15.683837
49,235533,10.6,4,8,0,136900,21446,Male,Tier 2,Online,1,2026-03-05 14:19:15.683837
49,238157,10.3,9,3,5,108272,83167,Male,Tier 3,Store,0,2026-03-05 14:19:15.683837
23,130503,6.5,9,25,19,100482,11649,Male,Tier 2,Online,1,2026-03-05 14:19:15.683837
65,54023,7.5,2,13,13,101166,116580,Other,Tier 3,Store,0,2026-03-05 14:19:15.683837
55,196101,9.3,3,1,7,99948,33672,Female,Tier 1,Store,0,2026-03-05 14:19:15.683837
34,54941,6.5,8,30,6,62178,86510,Other,Tier 2,Store,0,2026-03-05 14:19:15.683837
27,235065,6.9,10,49,15,146508,139777,Female,Tier 1,Store,0,2026-03-05 14:19:15.683837
67,200022,5.4,3,25,0,147890,94871,Female,Tier 3,Store,0,2026-03-05 14:19:15.683837
44,136677,10.7,4,1,9,26365,128073,Other,Tier 1,Store,0,2026-03-05 14:19:15.683837
71,233031,7.4,3,40,11,93839,15844,Female,Tier 3,Online,1,2026-03-05 14:19:15.683837
67,91054,5.5,2,45,8,56941,90432,Female,Tier 2,Store,0,2026-03-05 14:19:15.683837
52,80363,4.8,1,43,9,8599,130030,Female,Tier 3,Store,0,2026-03-05 14:19:15.683837
69,76742,2.3,3,36,9,51163,71108,Other,Tier 2,Store,0,2026-03-05 14:19:15.683837
76,243968,2.8,9,1,2,145814,99705,Other,Tier 2,Store,0,2026-03-05 14:19:15.683837
38,60215,4.5,8,39,1,147011,137147,Male,Tier 2,Store,0,2026-03-05 14:19:15.683837
42,62857,7.9,9,27,8,48180,62603,Male,Tier 2,Store,0,2026-03-05 14:19:15.683837
45,70476,6.7,10,22,16,93257,65463,Male,Tier 2,Store,0,2026-03-05 14:19:15.683837
64,174245,3.5,5,6,4,78519,147559,Female,Tier 3,Store,0,2026-03-05 14:19:15.683837
32,155467,4.1,5,38,11,9903,49718,Other,Tier 2,Store,0,2026-03-05 14:19:15.683837
21,74768,6.6,8,39,3,65550,95533,Male,Tier 3,Store,0,2026-03-05 14:19:15.683837
46,230815,9.3,5,21,9,1625,62798,Other,Tier 2,Store,0,2026-03-05 14:19:15.683837
76,118591,3.8,4,35,16,132114,40904,Other,Tier 2,Store,0,2026-03-05 14:19:15.683837
26,61229,6.9,9,0,1,65463,87303,Female,Tier 1,Store,0,2026-03-05 14:19:15.683837
44,172711,5.1,1,33,19,112458,105014,Male,Tier 1,Store,0,2026-03-05 14:19:15.683837
43,126706,5.2,6,3,5,88607,47899,Female,Tier 3,Store,0,2026-03-05 14:19:15.683837
36,77583,3.7,7,40,4,84439,133591,Female,Tier 3,Store,0,2026-03-05 14:19:15.683837
73,174996,7.3,6,34,7,73703,29297,Female,Tier 1,Hybrid,0,2026-03-05 14:19:15.683837
45,141011,5.0,10,30,15,65278,123380,Other,Tier 1,Store,0,2026-03-05 14:19:15.683837
34,219041,5.3,8,32,2,79384,118545,Female,Tier 2,Store,0,2026-03-05 14:19:15.683837
60,45104,8.0,8,4,8,56191,37648,Female,Tier 2,Store,0,2026-03-05 14:19:15.683837
74,52594,8.1,5,42,3,34856,19958,Female,Tier 3,Online,1,2026-03-05 14:19:15.683837
58,18664,4.5,4,42,0,112604,18143,Other,Tier 2,Store,0,2026-03-05 14:19:15.683837
59,25528,6.6,7,10,5,22013,127056,Female,Tier 2,Store,0,2026-03-05 14:19:15.683837
67,174262,7.8,9,31,17,10153,17848,Female,Tier 2,Online,1,2026-03-05 14:19:15.683837
37,212105,5.6,2,46,3,55383,2591,Other,Tier 2,Online,1,2026-03-05 14:19:15.683837
62,207233,7.3,7,0,11,77201,8256,Other,Tier 2,Online,1,2026-03-05 14:19:15.683837
57,219249,5.4,6,42,13,42042,108603,Female,Tier 2,Store,0,2026-03-05 14:19:15.683837
56,143404,5.3,3,5,2,49506,85402,Male,Tier 2,Store,0,2026-03-05 14:19:15.683837
66,216251,4.1,2,27,18,9146,102147,Male,Tier 2,Store,0,2026-03-05 14:19:15.683837
70,216664,9.4,1,16,1,16505,29153,Male,Tier 3,Store,0,2026-03-05 14:19:15.683837
40,47899,5.0,2,49,1,48209,8935,Female,Tier 3,Online,1,2026-03-05 14:19:15.683837
64,85979,4.4,5,10,16,81059,111703,Female,Tier 3,Store,0,2026-03-05 14:19:15.683837
49,32241,3.9,1,40,4,149464,50739,Female,Tier 3,Store,0,2026-03-05 14:19:15.683837
69,61211,6.2,8,26,0,119822,13815,Female,Tier 3,Online,1,2026-03-05 14:19:15.683837
64,78472,4.0,4,11,15,106095,71784,Female,Tier 3,Store,0,2026-03-05 14:19:15.683837
50,220320,4.6,3,12,5,47517,105325,Female,Tier 1,Store,0,2026-03-05 14:19:15.683837
74,219829,7.6,10,30,4,75831,129643,Female,Tier 2,Store,0,2026-03-05 14:19:15.683837
63,46346,6.9,2,34,11,122498,76930,Other,Tier 1,Store,0,2026-03-05 14:19:15.683837
22,96196,3.3,1,24,16,51394,122567,Other,Tier 1,Store,0,2026-03-05 14:19:15.683837
60,119451,7.4,8,29,10,81480,57158,Female,Tier 3,Store,0,2026-03-05 14:19:15.683837
65,223196,6.1,9,35,18,11688,61750,Male,Tier 3,Store,0,2026-03-05 14:19:15.683837
51,117908,8.3,3,20,1,49226,29871,Other,Tier 3,Online,1,2026-03-05 14:19:15.683837
57,188292,8.8,3,47,15,45487,109587,Male,Tier 3,Store,0,2026-03-05 14:19:15.683837
28,164014,2.8,9,35,18,65020,146921,Other,Tier 1,Store,0,2026-03-05 14:19:15.683837
78,64167,7.5,7,27,7,42988,63697,Male,Tier 2,Store,0,2026-03-05 14:19:15.683837
67,51373,9.3,9,26,3,76850,130580,Female,Tier 2,Store,0,2026-03-05 14:19:15.683837
20,82143,6.4,2,11,5,64352,61014,Male,Tier 2,Store,0,2026-03-05 14:19:15.683837
79,135623,7.4,7,9,19,107320,73460,Female,Tier 2,Store,0,2026-03-05 14:19:15.683837
75,125013,6.4,8,25,2,26008,85044,Female,Tier 3,Store,0,2026-03-05 14:19:15.683837
50,17016,8.0,4,28,8,27472,92813,Other,Tier 2,Store,0,2026-03-05 14:19:15.683837
28,84110,6.8,10,44,18,149768,101790,Male,Tier 2,Store,0,2026-03-05 14:19:15.683837
33,192381,2.0,4,5,0,60979,81934,Male,Tier 3,Store,0,2026-03-05 14:19:15.683837
35,22274,5.8,2,24,2,88250,93481,Female,Tier 2,Store,0,2026-03-05 14:19:15.683837
47,30748,5.6,2,7,0,34031,55841,Female,Tier 3,Store,0,2026-03-05 14:19:15.683837
65,166247,7.4,4,10,14,91129,31500,Female,Tier 2,Store,0,2026-03-05 14:19:15.683837
72,26826,8.4,4,16,4,109230,112134,Male,Tier 3,Store,0,2026-03-05 14:19:15.683837
27,98008,5.5,5,37,15,23548,45180,Female,Tier 3,Store,0,2026-03-05 14:19:15.683837
35,144288,3.6,10,46,4,57066,129762,Male,Tier 2,Store,0,2026-03-05 14:19:15.683837
55,180201,6.6,10,12,18,126921,99729,Other,Tier 1,Store,0,2026-03-05 14:19:15.683837
36,216081,4.4,10,40,11,699,70560,Male,Tier 3,Store,0,2026-03-05 14:19:15.683837
53,169562,4.8,9,14,12,140127,15530,Male,Tier 1,Online,1,2026-03-05 14:19:15.683837
76,120623,10.8,9,18,7,64433,24190,Other,Tier 3,Store,0,2026-03-05 14:19:15.683837
30,187507,4.6,7,18,16,33557,102788,Female,Tier 3,Store,0,2026-03-05 14:19:15.683837
73,221089,2.9,6,9,11,114788,16344,Female,Tier 1,Store,0,2026-03-05 14:19:15.683837
63,154592,7.2,10,27,13,68029,7469,Other,Tier 1,Online,1,2026-03-05 14:19:15.683837
20,238023,7.4,5,36,10,41024,146959,Male,Tier 3,Store,0,2026-03-05 14:19:15.683837
27,98106,7.8,4,24,0,110550,61665,Other,Tier 1,Store,0,2026-03-05 14:19:15.683837
55,207949,7.7,2,14,1,60630,49749,Male,Tier 1,Store,0,2026-03-05 14:19:15.683837
18,165870,6.3,4,34,15,24400,4205,Male,Tier 1,Online,1,2026-03-05 14:19:15.683837
72,69638,6.3,7,15,1,2289,104921,Other,Tier 2,Store,0,2026-03-05 14:19:15.683837
73,84072,7.9,1,36,0,72081,31542,Female,Tier 2,Store,0,2026-03-05 14:19:15.683837
44,82309,9.2,3,26,0,103534,112888,Female,Tier 1,Store,0,2026-03-05 14:19:15.683837
63,175966,3.5,4,4,9,1808,104469,Male,Tier 1,Store,0,2026-03-05 14:19:15.683837
25,209035,4.8,7,23,17,123673,29478,Male,Tier 3,Store,0,2026-03-05 14:19:15.683837
68,139724,7.3,3,1,1,45560,23197,Other,Tier 2,Store,0,2026-03-05 14:19:15.683837
63,200639,6.5,4,39,2,28871,102686,Other,Tier 2,Store,0,2026-03-05 14:19:15.683837
59,142843,2.4,1,48,13,26126,120636,Other,Tier 2,Store,0,2026-03-05 14:19:15.683837
34,50326,4.9,1,34,11,118834,131382,Other,Tier 3,Store,0,2026-03-05 14:19:15.683837
26,201131,6.6,10,32,8,90960,142856,Male,Tier 3,Store,0,2026-03-05 14:19:15.683837
78,20079,6.0,3,41,12,13055,139062,Male,Tier 2,Store,0,2026-03-05 14:19:15.683837
23,171910,5.3,7,31,9,123822,142078,Male,Tier 3,Store,0,2026-03-05 14:19:15.683837
60,136412,10.7,6,31,5,70425,136370,Male,Tier 1,Store,0,2026-03-05 14:19:15.683837
42,102340,6.0,5,15,4,60692,143549,Other,Tier 1,Store,0,2026-03-05 14:19:15.683837
56,193181,6.5,8,44,17,93866,137582,Male,Tier 3,Store,0,2026-03-05 14:19:15.683837
66,100211,6.3,8,37,6,102642,10031,Male,Tier 2,Online,1,2026-03-05 14:19:15.683837
77,171666,6.4,4,44,15,3630,17774,Male,Tier 1,Online,1,2026-03-05 14:19:15.683837
45,57749,6.1,10,43,10,18723,139813,Female,Tier 2,Store,0,2026-03-05 14:19:15.683837
50,182364,1.8,6,22,9,101216,48243,Male,Tier 1,Store,0,2026-03-05 14:19:15.683837
71,133192,4.0,1,25,7,1706,111162,Female,Tier 3,Store,0,2026-03-05 14:19:15.683837
54,89534,5.4,10,4,4,54610,86148,Other,Tier 1,Store,0,2026-03-05 14:19:15.683837
26,94233,7.6,10,6,0,141023,103906,Female,Tier 2,Store,0,2026-03-05 14:19:15.683837
35,66818,5.4,9,33,2,98188,65554,Other,Tier 1,Store,0,2026-03-05 14:19:15.683837
73,126910,4.3,5,49,14,61291,98190,Female,Tier 2,Store,0,2026-03-05 14:19:15.683837
76,28429,7.9,8,9,9,52469,63833,Other,Tier 2,Store,0,2026-03-05 14:19:15.683837
38,72748,8.7,10,21,0,125005,5731,Male,Tier 1,Online,1,2026-03-05 14:19:15.683837
19,63807,2.9,10,20,9,98241,112973,Male,Tier 1,Store,0,2026-03-05 14:19:15.683837
78,22140,6.2,1,18,15,128589,34437,Other,Tier 3,Store,0,2026-03-05 14:19:15.683837
75,78226,1.0,4,41,11,30894,67679,Other,Tier 3,Store,0,2026-03-05 14:19:15.683837
60,160973,5.4,2,38,4,71195,66108,Male,Tier 1,Store,0,2026-03-05 14:19:15.683837
76,103815,9.8,2,44,10,79490,81999,Male,Tier 1,Store,0,2026-03-05 14:19:15.683837
77,43525,6.2,2,24,4,34408,69066,Female,Tier 3,Store,0,2026-03-05 14:19:15.683837
55,35491,3.2,2,12,5,3637,34317,Female,Tier 1,Store,0,2026-03-05 14:19:15.683837
75,214888,3.3,8,42,1,20514,27235,Other,Tier 1,Hybrid,0,2026-03-05 14:19:15.683837
57,181052,4.1,6,18,9,5984,45651,Female,Tier 2,Store,0,2026-03-05 14:19:15.683837
53,241597,4.7,9,6,3,146522,109867,Other,Tier 2,Store,0,2026-03-05 14:19:15.683837
67,23078,2.2,2,30,11,139528,96590,Male,Tier 3,Store,0,2026-03-05 14:19:15.683837
77,106654,6.7,1,1,4,66525,42210,Female,Tier 2,Store,0,2026-03-05 14:19:15.683837
60,144101,7.1,8,43,15,115457,28471,Female,Tier 2,Online,1,2026-03-05 14:19:15.683837
54,235593,5.3,10,44,18,95298,14065,Other,Tier 1,Online,1,2026-03-05 14:19:15.683837
32,194776,10.1,3,3,14,90249,49598,Other,Tier 2,Store,0,2026-03-05 14:19:15.683837
45,31997,5.1,3,0,18,30011,79445,Other,Tier 1,Store,0,2026-03-05 14:19:15.683837
35,225882,8.4,8,46,11,17795,33920,Female,Tier 2,Store,0,2026-03-05 14:19:15.683837
51,146940,3.2,5,49,0,9662,20788,Other,Tier 2,Store,0,2026-03-05 14:19:15.683837
39,172470,6.6,8,22,9,118203,64816,Female,Tier 2,Store,0,2026-03-05 14:19:15.683837
28,227650,6.9,2,46,7,96190,84942,Male,Tier 3,Store,0,2026-03-05 14:19:15.683837
75,112356,4.6,10,16,2,52605,14669,Other,Tier 3,Online,1,2026-03-05 14:19:15.683837
74,128711,6.3,9,21,11,85582,138370,Male,Tier 1,Store,0,2026-03-05 14:19:15.683837
30,36246,4.6,2,34,6,149616,34099,Female,Tier 3,Store,0,2026-03-05 14:19:15.683837
21,166633,5.4,9,7,19,33732,52378,Other,Tier 2,Store,0,2026-03-05 14:19:15.683837
39,162326,5.4,10,6,5,121510,149867,Male,Tier 1,Store,0,2026-03-05 14:19:15.683837
24,49512,3.2,6,0,4,85189,140404,Female,Tier 3,Store,0,2026-03-05 14:19:15.683837
78,246632,7.0,5,24,13,123037,80055,Other,Tier 2,Store,0,2026-03-05 14:19:15.683837
60,235604,7.2,7,23,6,84982,125595,Other,Tier 3,Store,0,2026-03-05 14:19:15.683837
71,240226,5.3,7,49,14,149188,124406,Female,Tier 3,Store,0,2026-03-05 14:19:15.683837
41,223467,6.5,4,32,15,109154,9203,Male,Tier 2,Online,1,2026-03-05 14:19:15.683837
21,72865,4.2,7,10,18,23465,54916,Female,Tier 2,Store,0,2026-03-05 14:19:15.683837
45,169652,3.5,3,31,1,121474,148454,Male,Tier 1,Store,0,2026-03-05 14:19:15.683837
32,217031,5.2,3,28,1,103939,98973,Other,Tier 1,Store,0,2026-03-05 14:19:15.683837
18,118393,7.4,7,0,8,146422,80275,Female,Tier 1,Store,0,2026-03-05 14:19:15.683837
72,87144,5.8,1,46,9,75493,65961,Female,Tier 2,Store,0,2026-03-05 14:19:15.683837
20,188557,5.1,8,7,3,128444,19292,Other,Tier 1,Store,0,2026-03-05 14:19:15.683837
31,196693,6.7,2,44,0,11455,36766,Male,Tier 3,Store,0,2026-03-05 14:19:15.683837
55,132363,4.2,1,28,4,37558,73440,Other,Tier 2,Store,0,2026-03-05 14:19:15.683837
67,65665,3.5,6,30,18,27790,50683,Male,Tier 1,Store,0,2026-03-05 14:19:15.683837
74,216484,5.3,4,34,0,137221,138774,Female,Tier 1,Store,0,2026-03-05 14:19:15.683837
18,196675,4.3,7,6,16,20772,77016,Male,Tier 2,Store,0,2026-03-05 14:19:15.683837
55,167110,3.6,3,30,18,105790,29966,Female,Tier 1,Store,0,2026-03-05 14:19:15.683837
55,108542,7.8,2,44,2,128570,57168,Female,Tier 2,Store,0,2026-03-05 14:19:15.683837
38,116311,10.4,4,49,2,148465,59452,Other,Tier 3,Store,0,2026-03-05 14:19:15.683837
65,242418,2.9,4,31,11,149958,104836,Other,Tier 2,Store,0,2026-03-05 14:19:15.683837
46,29325,5.2,4,29,18,134698,15241,Female,Tier 2,Online,1,2026-03-05 14:19:15.683837
22,181964,6.3,3,11,10,23567,124464,Other,Tier 1,Store,0,2026-03-05 14:19:15.683837
66,147825,2.6,7,34,9,86039,27588,Male,Tier 2,Store,0,2026-03-05 14:19:15.683837
27,241139,5.6,5,9,9,117370,143093,Other,Tier 2,Store,0,2026-03-05 14:19:15.683837
45,164068,5.7,4,25,2,95653,51181,Male,Tier 1,Store,0,2026-03-05 14:19:15.683837
38,83811,7.0,5,4,17,75740,46297,Male,Tier 2,Store,0,2026-03-05 14:19:15.683837
67,220355,4.5,7,22,4,30258,55684,Male,Tier 2,Store,0,2026-03-05 14:19:15.683837
24,191283,4.9,4,8,5,142128,36790,Other,Tier 3,Store,0,2026-03-05 14:19:15.683837
20,131737,7.9,10,32,17,25020,28308,Female,Tier 2,Store,0,2026-03-05 14:19:15.683837
62,208892,6.8,5,36,12,83477,78122,Male,Tier 1,Store,0,2026-03-05 14:19:15.683837
64,15824,7.5,6,29,0,45003,127259,Female,Tier 3,Store,0,2026-03-05 14:19:15.683837
37,159952,2.5,6,32,3,12228,83716,Other,Tier 3,Store,0,2026-03-05 14:19:15.683837
36,132718,4.7,7,1,9,36626,132116,Male,Tier 3,Store,0,2026-03-05 14:19:15.683837
52,81617,9.0,10,41,15,34674,49050,Other,Tier 2,Store,0,2026-03-05 14:19:15.683837
21,26517,5.8,3,3,15,14210,83422,Other,Tier 2,Store,0,2026-03-05 14:19:15.683837
22,167755,5.7,8,25,16,123551,101220,Female,Tier 3,Store,0,2026-03-05 14:19:15.683837
18,162948,5.8,5,29,10,132226,23180,Female,Tier 3,Online,1,2026-03-05 14:19:15.683837
21,118068,9.1,1,34,7,91456,134049,Other,Tier 1,Store,0,2026-03-05 14:19:15.683837
29,202426,4.5,4,9,13,66077,70995,Other,Tier 1,Store,0,2026-03-05 14:19:15.683837
77,219874,7.3,4,30,17,71090,57977,Male,Tier 2,Store,0,2026-03-05 14:19:15.683837
44,222791,6.5,8,14,0,97420,27473,Other,Tier 3,Online,1,2026-03-05 14:19:15.683837
73,232674,3.3,10,20,8,33379,89621,Other,Tier 1,Store,0,2026-03-05 14:19:15.683837
59,130016,5.4,9,5,19,89584,7295,Other,Tier 2,Online,1,2026-03-05 14:19:15.683837
40,224485,4.3,3,0,10,22124,10345,Other,Tier 2,Store,0,2026-03-05 14:19:15.683837
42,24982,3.5,10,9,3,91813,35305,Male,Tier 2,Store,0,2026-03-05 14:19:15.683837
38,220576,8.4,1,1,1,113658,90149,Other,Tier 3,Store,0,2026-03-05 14:19:15.683837
78,172670,3.6,8,8,17,63063,1241,Female,Tier 1,Online,1,2026-03-05 14:19:15.683837
75,160711,7.5,9,16,4,137398,96648,Other,Tier 2,Store,0,2026-03-05 14:19:15.683837
69,85210,4.3,4,15,1,113327,27681,Female,Tier 2,Store,0,2026-03-05 14:19:15.683837
41,84852,8.7,5,1,10,92413,52506,Female,Tier 1,Store,0,2026-03-05 14:19:15.683837
42,128618,5.2,4,15,1,114538,7726,Male,Tier 3,Hybrid,0,2026-03-05 14:19:15.683837
62,24695,6.7,4,34,11,72526,112892,Male,Tier 2,Store,0,2026-03-05 14:19:15.683837
72,63582,4.9,3,27,9,12601,136640,Male,Tier 1,Store,0,2026-03-05 14:19:15.683837
63,46094,1.7,10,12,18,14151,108507,Male,Tier 1,Store,0,2026-03-05 14:19:15.683837
49,206707,2.7,4,5,3,85641,17344,Female,Tier 2,Store,0,2026-03-05 14:19:15.683837
72,37187,2.2,9,24,6,51183,110424,Other,Tier 3,Store,0,2026-03-05 14:19:15.683837
49,133013,6.5,7,38,13,66021,66145,Male,Tier 2,Store,0,2026-03-05 14:19:15.683837
22,143721,5.9,6,25,12,135437,55686,Male,Tier 3,Store,0,2026-03-05 14:19:15.683837
53,121683,7.2,9,43,0,141276,120148,Female,Tier 1,Store,0,2026-03-05 14:19:15.683837
63,16214,4.6,2,45,19,66100,78141,Male,Tier 3,Store,0,2026-03-05 14:19:15.683837
59,38940,1.7,4,14,0,118999,78145,Female,Tier 2,Store,0,2026-03-05 14:19:15.683837
66,59406,8.6,9,1,1,137862,104638,Male,Tier 1,Store,0,2026-03-05 14:19:15.683837
59,237293,8.0,8,21,15,63356,64776,Male,Tier 2,Store,0,2026-03-05 14:19:15.683837
75,189553,6.7,1,41,1,83228,142122,Male,Tier 1,Store,0,2026-03-05 14:19:15.683837
56,162049,8.2,9,27,11,23568,23138,Male,Tier 1,Online,1,2026-03-05 14:19:15.683837
33,190911,5.8,10,16,18,118241,71962,Male,Tier 2,Store,0,2026-03-05 14:19:15.683837
50,203946,6.5,2,22,14,119586,105050,Male,Tier 2,Store,0,2026-03-05 14:19:15.683837
66,73414,4.6,1,14,15,104885,108558,Male,Tier 3,Store,0,2026-03-05 14:19:15.683837
38,116440,3.9,2,37,15,56422,21424,Female,Tier 1,Store,0,2026-03-05 14:19:15.683837
78,171610,2.8,10,33,10,51922,2113,Male,Tier 1,Online,1,2026-03-05 14:19:15.683837
26,118569,4.5,6,29,5,112493,100261,Female,Tier 1,Store,0,2026-03-05 14:19:15.683837
23,202313,11.3,2,0,16,14482,146477,Other,Tier 2,Store,0,2026-03-05 14:19:15.683837
68,219573,3.0,1,40,6,51922,101757,Male,Tier 1,Store,0,2026-03-05 14:19:15.683837
62,221205,4.1,5,15,10,67195,59731,Male,Tier 3,Store,0,2026-03-05 14:19:15.683837
52,75481,6.2,2,24,12,136137,149862,Female,Tier 2,Store,0,2026-03-05 14:19:15.683837
56,42740,10.8,4,47,15,74720,112638,Male,Tier 2,Store,0,2026-03-05 14:19:15.683837
39,78328,3.9,8,45,12,5696,115301,Female,Tier 3,Store,0,2026-03-05 14:19:15.683837
58,218177,4.7,10,22,7,19110,128813,Female,Tier 2,Store,0,2026-03-05 14:19:15.683837
71,196715,7.3,6,32,8,46710,29041,Other,Tier 1,Store,0,2026-03-05 14:19:15.683837
22,249589,7.2,8,33,4,145998,40215,Other,Tier 3,Store,0,2026-03-05 14:19:15.683837
59,26881,4.6,5,8,13,66822,6836,Male,Tier 1,Online,1,2026-03-05 14:19:15.683837
40,51996,4.3,2,15,10,123745,22717,Male,Tier 3,Store,0,2026-03-05 14:19:15.683837
34,178249,6.9,1,36,11,27120,110993,Male,Tier 2,Store,0,2026-03-05 14:19:15.683837
29,137196,5.4,8,49,19,55987,50925,Female,Tier 2,Store,0,2026-03-05 14:19:15.683837
40,52177,6.6,1,47,19,121223,65860,Female,Tier 2,Store,0,2026-03-05 14:19:15.683837
33,81126,5.7,10,4,9,143808,19421,Male,Tier 3,Store,0,2026-03-05 14:19:15.683837
20,71531,6.7,9,48,0,97103,23755,Other,Tier 2,Online,1,2026-03-05 14:19:15.683837
47,41119,6.9,4,41,15,49261,24381,Male,Tier 3,Store,0,2026-03-05 14:19:15.683837
74,132744,2.1,6,11,6,54066,69069,Other,Tier 1,Store,0,2026-03-05 14:19:15.683837
39,131894,5.1,6,4,15,147548,59511,Male,Tier 2,Store,0,2026-03-05 14:19:15.683837
26,173987,6.7,3,22,13,111542,42423,Female,Tier 2,Store,0,2026-03-05 14:19:15.683837
46,148780,7.6,1,7,3,84720,48718,Other,Tier 3,Store,0,2026-03-05 14:19:15.683837
64,184821,5.3,6,42,2,98202,107202,Female,Tier 2,Store,0,2026-03-05 14:19:15.683837
54,59989,2.3,10,34,18,32058,25362,Female,Tier 1,Hybrid,0,2026-03-05 14:19:15.683837
40,37106,8.5,5,15,16,32632,116637,Other,Tier 2,Store,0,2026-03-05 14:19:15.683837
30,32131,7.7,4,19,11,58869,98225,Female,Tier 1,Store,0,2026-03-05 14:19:15.683837
49,61553,6.2,9,27,16,117612,140541,Female,Tier 1,Store,0,2026-03-05 14:19:15.683837
63,204216,5.1,4,29,0,120512,44968,Male,Tier 2,Store,0,2026-03-05 14:19:15.683837
69,21553,7.2,1,10,0,28450,66916,Female,Tier 3,Store,0,2026-03-05 14:19:15.683837
64,32881,5.1,10,49,10,129108,147502,Other,Tier 3,Store,0,2026-03-05 14:19:15.683837
65,16379,7.8,6,16,2,96865,18314,Other,Tier 3,Online,1,2026-03-05 14:19:15.683837
40,105791,9.6,7,9,3,36514,27446,Other,Tier 2,Store,0,2026-03-05 14:19:15.683837
62,120664,5.0,1,23,6,45507,139386,Other,Tier 2,Store,0,2026-03-05 14:19:15.683837
34,84306,7.6,9,30,17,102139,33462,Other,Tier 1,Hybrid,0,2026-03-05 14:19:15.683837
72,165798,4.7,10,10,19,81706,25101,Male,Tier 2,Store,0,2026-03-05 14:19:15.683837
57,155160,8.1,2,46,6,143967,120117,Other,Tier 2,Store,0,2026-03-05 14:19:15.683837
38,180386,5.5,7,7,10,102883,139178,Other,Tier 2,Store,0,2026-03-05 14:19:15.683837
19,201113,8.9,8,30,13,7295,85545,Other,Tier 2,Store,0,2026-03-05 14:19:15.683837
54,119512,5.4,8,36,7,80179,51026,Male,Tier 2,Store,0,2026-03-05 14:19:15.683837
23,31350,4.2,1,36,19,43679,72057,Other,Tier 2,Store,0,2026-03-05 14:19:15.683837
61,114599,5.3,10,32,15,1043,75219,Other,Tier 3,Store,0,2026-03-05 14:19:15.683837
35,96397,5.6,1,8,17,38047,97826,Female,Tier 3,Store,0,2026-03-05 14:19:15.683837
47,94509,6.5,10,45,11,87610,44051,Male,Tier 2,Store,0,2026-03-05 14:19:15.683837
39,32769,5.3,4,2,8,145006,144140,Female,Tier 2,Store,0,2026-03-05 14:19:15.683837
71,193321,6.5,2,48,19,133042,140517,Other,Tier 1,Store,0,2026-03-05 14:19:15.683837
50,228934,6.5,10,12,8,95339,16243,Other,Tier 2,Online,1,2026-03-05 14:19:15.683837
47,116584,5.1,4,27,12,146412,83305,Other,Tier 2,Store,0,2026-03-05 14:19:15.683837
34,61365,6.7,6,23,5,98204,103858,Other,Tier 2,Store,0,2026-03-05 14:19:15.683837
79,65185,4.8,3,9,4,118764,95494,Other,Tier 1,Store,0,2026-03-05 14:19:15.683837
60,148858,10.0,10,41,9,81942,61548,Male,Tier 3,Store,0,2026-03-05 14:19:15.683837
49,246609,6.6,3,36,10,128941,15000,Female,Tier 2,Online,1,2026-03-05 14:19:15.683837
59,141525,7.2,1,14,13,75257,107463,Female,Tier 1,Store,0,2026-03-05 14:19:15.683837
68,147692,5.6,5,41,15,127095,118913,Female,Tier 2,Store,0,2026-03-05 14:19:15.683837
31,51303,4.6,7,27,6,103445,128013,Other,Tier 1,Store,0,2026-03-05 14:19:15.683837
75,34589,7.7,6,36,17,135190,88872,Female,Tier 3,Store,0,2026-03-05 14:19:15.683837
27,17882,6.7,4,0,7,75962,90041,Other,Tier 1,Store,0,2026-03-05 14:19:15.683837
64,208320,1.0,6,12,13,89947,46333,Male,Tier 1,Store,0,2026-03-05 14:19:15.683837
77,195394,9.9,3,3,9,55124,115191,Other,Tier 2,Store,0,2026-03-05 14:19:15.683837
68,144236,7.5,3,39,13,147435,93801,Male,Tier 2,Store,0,2026-03-05 14:19:15.683837
53,170596,5.2,7,29,19,147894,17418,Other,Tier 3,Store,0,2026-03-05 14:19:15.683837
51,24745,7.2,9,2,12,38416,63038,Other,Tier 1,Store,0,2026-03-05 14:19:15.683837
26,248273,6.8,1,19,16,74406,98683,Other,Tier 2,Store,0,2026-03-05 14:19:15.683837
59,30861,7.0,4,34,5,11371,87230,Female,Tier 1,Store,0,2026-03-05 14:19:15.683837
45,106707,4.3,10,26,14,88581,65737,Male,Tier 3,Store,0,2026-03-05 14:19:15.683837
28,237807,6.1,5,47,7,91337,41014,Male,Tier 2,Store,0,2026-03-05 14:19:15.683837
31,69261,6.6,2,11,4,2338,105686,Female,Tier 3,Store,0,2026-03-05 14:19:15.683837
56,148909,8.5,10,44,7,95753,3193,Male,Tier 1,Online,1,2026-03-05 14:19:15.683837
72,89135,6.2,3,40,8,99241,46745,Female,Tier 2,Store,0,2026-03-05 14:19:15.683837
64,227519,6.9,5,15,6,43935,60383,Female,Tier 3,Store,0,2026-03-05 14:19:15.683837
71,69380,4.2,8,31,17,7324,11484,Female,Tier 1,Online,1,2026-03-05 14:19:15.683837
36,101089,6.1,3,32,13,58146,3200,Female,Tier 2,Online,1,2026-03-05 14:19:15.683837
71,120025,7.7,3,15,7,79365,42350,Female,Tier 2,Store,0,2026-03-05 14:19:15.683837
32,195903,4.6,6,28,0,136015,20176,Other,Tier 3,Online,1,2026-03-05 14:19:15.683837
79,235421,5.2,8,26,16,41149,55313,Female,Tier 1,Store,0,2026-03-05 14:19:15.683837
45,184327,4.1,1,30,5,96540,90010,Female,Tier 3,Store,0,2026-03-05 14:19:15.683837
41,175592,3.3,7,23,13,64927,108999,Male,Tier 2,Store,0,2026-03-05 14:19:15.683837
25,175613,4.3,7,30,16,95790,128006,Male,Tier 3,Store,0,2026-03-05 14:19:15.683837
60,211844,7.1,3,8,16,149941,101653,Other,Tier 1,Store,0,2026-03-05 14:19:15.683837
78,173422,5.5,3,44,11,108770,90011,Female,Tier 3,Store,0,2026-03-05 14:19:15.683837
26,59397,4.3,9,35,15,81650,122615,Female,Tier 3,Store,0,2026-03-05 14:19:15.683837
64,92085,10.4,10,5,2,53569,33920,Female,Tier 1,Hybrid,0,2026-03-05 14:19:15.683837
50,78865,4.6,1,29,16,27151,37425,Female,Tier 2,Store,0,2026-03-05 14:19:15.683837
79,70956,7.2,1,25,1,57182,144566,Male,Tier 3,Store,0,2026-03-05 14:19:15.683837
50,173525,6.7,2,39,12,138836,55934,Male,Tier 1,Store,0,2026-03-05 14:19:15.683837
36,208417,6.5,6,6,13,95051,1635,Male,Tier 1,Online,1,2026-03-05 14:19:15.683837
20,115727,2.3,8,7,3,16783,103047,Male,Tier 3,Store,0,2026-03-05 14:19:15.683837
27,158978,8.5,10,10,5,83854,65365,Other,Tier 2,Store,0,2026-03-05 14:19:15.683837
57,29988,6.6,1,2,19,33280,29819,Female,Tier 2,Store,0,2026-03-05 14:19:15.683837
64,173795,7.8,1,3,8,121517,77867,Other,Tier 2,Store,0,2026-03-05 14:19:15.683837
59,48800,8.3,2,32,13,59247,37130,Other,Tier 2,Store,0,2026-03-05 14:19:15.683837
18,185179,9.4,7,19,16,8068,89135,Female,Tier 1,Store,0,2026-03-05 14:19:15.683837
46,173502,4.0,4,4,7,86959,35626,Female,Tier 1,Store,0,2026-03-05 14:19:15.683837
67,178607,4.6,1,33,18,1409,127553,Male,Tier 3,Store,0,2026-03-05 14:19:15.683837
51,214548,4.8,8,13,1,98632,128492,Female,Tier 3,Store,0,2026-03-05 14:19:15.683837
68,102329,4.3,4,12,16,111266,98953,Female,Tier 1,Store,0,2026-03-05 14:19:15.683837
30,223870,8.6,7,48,6,128699,133005,Male,Tier 1,Store,0,2026-03-05 14:19:15.683837
71,67284,4.0,8,44,2,94657,98046,Other,Tier 1,Store,0,2026-03-05 14:19:15.683837
18,71232,5.2,1,23,3,91810,103045,Female,Tier 1,Store,0,2026-03-05 14:19:15.683837
51,59420,2.7,2,29,17,15674,1833,Female,Tier 2,Hybrid,0,2026-03-05 14:19:15.683837
46,52710,7.5,2,39,13,38686,46462,Male,Tier 1,Store,0,2026-03-05 14:19:15.683837
65,218569,5.7,5,10,19,131015,70805,Female,Tier 1,Store,0,2026-03-05 14:19:15.683837
64,107035,7.8,5,8,12,55379,29109,Male,Tier 3,Store,0,2026-03-05 14:19:15.683837
30,186570,7.4,6,12,16,128838,114373,Male,Tier 2,Store,0,2026-03-05 14:19:15.683837
65,46283,2.7,2,12,11,43046,31615,Male,Tier 2,Store,0,2026-03-05 14:19:15.683837
66,212241,6.4,8,31,6,15037,122632,Male,Tier 3,Store,0,2026-03-05 14:19:15.683837
70,218430,3.8,1,6,2,63459,79046,Female,Tier 2,Store,0,2026-03-05 14:19:15.683837
78,208529,6.3,9,10,4,115361,26935,Male,Tier 3,Online,1,2026-03-05 14:19:15.683837
46,40968,4.8,5,48,19,14489,6081,Female,Tier 3,Online,1,2026-03-05 14:19:15.683837
56,77508,9.7,10,41,0,80456,61859,Male,Tier 2,Store,0,2026-03-05 14:19:15.683837
41,209292,11.3,8,0,13,25345,120013,Other,Tier 3,Store,0,2026-03-05 14:19:15.683837
43,128435,5.5,8,27,8,11999,63172,Female,Tier 2,Store,0,2026-03-05 14:19:15.683837
34,100366,6.2,2,7,14,29721,97415,Female,Tier 2,Store,0,2026-03-05 14:19:15.683837
24,20738,1.4,9,14,1,51635,90213,Male,Tier 1,Store,0,2026-03-05 14:19:15.683837
30,18098,2.7,6,4,17,132208,30542,Male,Tier 3,Store,0,2026-03-05 14:19:15.683837
22,110424,6.8,3,21,3,22609,28534,Other,Tier 1,Store,0,2026-03-05 14:19:15.683837
43,219705,5.9,1,19,1,27160,76396,Female,Tier 2,Store,0,2026-03-05 14:19:15.683837
66,93672,6.8,9,3,12,114545,126336,Female,Tier 3,Store,0,2026-03-05 14:19:15.683837
20,53244,4.4,3,44,17,123977,71232,Other,Tier 1,Store,0,2026-03-05 14:19:15.683837
24,154325,6.6,1,24,19,33455,48013,Male,Tier 3,Store,0,2026-03-05 14:19:15.683837
75,69333,1.0,5,15,3,67218,19606,Female,Tier 2,Store,0,2026-03-05 14:19:15.683837
66,140349,4.8,8,39,2,1319,21373,Other,Tier 1,Online,1,2026-03-05 14:19:15.683837
56,65969,6.9,7,45,6,65256,21756,Female,Tier 2,Online,1,2026-03-05 14:19:15.683837
70,105744,9.4,5,26,1,65605,94057,Male,Tier 1,Store,0,2026-03-05 14:19:15.683837
18,216495,5.8,2,28,13,66131,136685,Male,Tier 1,Store,0,2026-03-05 14:19:15.683837
66,132286,7.2,2,11,4,37759,38014,Other,Tier 1,Store,0,2026-03-05 14:19:15.683837
79,190483,4.7,3,6,1,24813,143347,Male,Tier 2,Store,0,2026-03-05 14:19:15.683837
34,90028,6.9,6,23,8,2695,138474,Male,Tier 3,Store,0,2026-03-05 14:19:15.683837
60,50421,5.0,4,4,15,128915,21699,Female,Tier 3,Store,0,2026-03-05 14:19:15.683837
42,147526,9.9,9,46,7,31476,72542,Other,Tier 3,Store,0,2026-03-05 14:19:15.683837
76,163594,5.3,3,41,5,134556,46920,Male,Tier 3,Store,0,2026-03-05 14:19:15.683837
78,53575,5.7,6,32,2,137048,104888,Female,Tier 3,Store,0,2026-03-05 14:19:15.683837
20,18192,7.5,4,37,6,30030,104861,Other,Tier 2,Store,0,2026-03-05 14:19:15.683837
32,126116,7.0,1,39,17,100841,86275,Male,Tier 2,Store,0,2026-03-05 14:19:15.683837
46,201340,5.3,1,42,15,71243,80740,Male,Tier 3,Store,0,2026-03-05 14:19:15.683837
70,142874,6.8,8,5,3,19069,135749,Male,Tier 1,Store,0,2026-03-05 14:19:15.683837
60,96311,3.9,3,7,3,121562,40384,Other,Tier 2,Store,0,2026-03-05 14:19:15.683837
49,156474,6.5,2,21,15,90351,9867,Female,Tier 3,Hybrid,0,2026-03-05 14:19:15.683837
43,224682,7.1,1,49,17,34269,130531,Male,Tier 2,Store,0,2026-03-05 14:19:15.683837
77,95781,5.2,8,13,1,147751,54141,Female,Tier 1,Store,0,2026-03-05 14:19:15.683837
33,51527,5.3,9,8,11,66614,28576,Female,Tier 2,Store,0,2026-03-05 14:19:15.683837
42,67181,4.7,1,12,8,98314,92790,Other,Tier 2,Store,0,2026-03-05 14:19:15.683837
71,106472,3.1,8,49,6,21134,20074,Female,Tier 3,Online,1,2026-03-05 14:19:15.683837
45,173074,6.8,1,31,7,47133,136489,Male,Tier 1,Store,0,2026-03-05 14:19:15.683837
26,96219,5.0,10,13,5,110942,86865,Female,Tier 3,Store,0,2026-03-05 14:19:15.683837
73,158532,7.1,2,34,11,7675,139426,Female,Tier 2,Store,0,2026-03-05 14:19:15.683837
73,134783,5.6,1,24,7,112507,100980,Other,Tier 3,Store,0,2026-03-05 14:19:15.683837
18,176554,7.2,2,30,9,8098,6818,Other,Tier 3,Store,0,2026-03-05 14:19:15.683837
46,162519,2.6,2,48,3,122388,64533,Male,Tier 3,Store,0,2026-03-05 14:19:15.683837
74,194300,3.7,5,42,9,28531,95659,Other,Tier 3,Store,0,2026-03-05 14:19:15.683837
39,98265,4.3,10,44,6,102243,57666,Female,Tier 2,Store,0,2026-03-05 14:19:15.683837
33,65126,8.4,3,19,18,32894,76545,Male,Tier 2,Store,0,2026-03-05 14:19:15.683837
58,35545,6.8,1,41,2,92109,129436,Male,Tier 3,Store,0,2026-03-05 14:19:15.683837
68,70114,5.5,10,36,11,129007,19740,Female,Tier 2,Online,1,2026-03-05 14:19:15.683837
61,108740,5.0,2,6,18,57894,99676,Other,Tier 1,Store,0,2026-03-05 14:19:15.683837
68,221422,7.2,4,9,9,99796,123169,Other,Tier 2,Store,0,2026-03-05 14:19:15.683837
71,203873,4.8,7,5,5,28987,26933,Female,Tier 3,Store,0,2026-03-05 14:19:15.683837
58,28890,7.5,1,24,19,7312,123602,Male,Tier 3,Store,0,2026-03-05 14:19:15.683837
24,136284,5.6,5,49,14,40897,47340,Male,Tier 2,Store,0,2026-03-05 14:19:15.683837
31,67482,8.6,2,5,18,87675,18111,Male,Tier 1,Store,0,2026-03-05 14:19:15.683837
46,209469,4.1,8,44,10,125172,145644,Other,Tier 1,Store,0,2026-03-05 14:19:15.683837
36,147812,5.7,2,16,7,28942,131501,Male,Tier 2,Store,0,2026-03-05 14:19:15.683837
36,176193,4.2,4,21,9,67266,92694,Male,Tier 1,Store,0,2026-03-05 14:19:15.683837
19,157290,9.3,6,22,13,28006,15434,Other,Tier 2,Hybrid,0,2026-03-05 14:19:15.683837
58,86591,6.0,9,28,19,122532,149190,Other,Tier 3,Store,0,2026-03-05 14:19:15.683837
62,103241,4.0,10,6,13,85255,52985,Female,Tier 2,Store,0,2026-03-05 14:19:15.683837
32,49722,4.2,4,34,14,27345,84725,Female,Tier 1,Store,0,2026-03-05 14:19:15.683837
20,64431,7.0,4,38,11,142696,97802,Male,Tier 1,Store,0,2026-03-05 14:19:15.683837
28,197615,2.4,7,19,16,8738,84842,Female,Tier 1,Store,0,2026-03-05 14:19:15.683837
70,57000,5.6,1,25,9,20150,132453,Female,Tier 1,Store,0,2026-03-05 14:19:15.683837
63,86975,4.3,5,28,11,24293,44495,Female,Tier 2,Store,0,2026-03-05 14:19:15.683837
47,45921,5.7,5,28,18,17984,135831,Male,Tier 2,Store,0,2026-03-05 14:19:15.683837
74,114265,6.2,1,6,7,40514,125941,Female,Tier 2,Store,0,2026-03-05 14:19:15.683837
57,103747,5.8,6,33,15,85091,48516,Other,Tier 2,Store,0,2026-03-05 14:19:15.683837
35,176686,5.5,9,4,17,2628,14422,Other,Tier 3,Store,0,2026-03-05 14:19:15.683837
68,207261,6.3,7,12,19,90483,54690,Other,Tier 3,Store,0,2026-03-05 14:19:15.683837
65,32601,9.5,2,5,9,27568,82569,Other,Tier 2,Store,0,2026-03-05 14:19:15.683837
19,108332,8.5,4,31,10,54739,133992,Male,Tier 3,Store,0,2026-03-05 14:19:15.683837
49,138254,5.3,8,35,5,76444,117244,Male,Tier 2,Store,0,2026-03-05 14:19:15.683837
25,217615,7.5,1,32,17,22333,74809,Other,Tier 1,Store,0,2026-03-05 14:19:15.683837
39,166586,7.4,6,42,12,10464,51262,Female,Tier 1,Store,0,2026-03-05 14:19:15.683837
23,229384,5.2,3,32,10,31080,47279,Other,Tier 3,Store,0,2026-03-05 14:19:15.683837
29,213684,5.9,3,18,13,6533,28158,Female,Tier 2,Store,0,2026-03-05 14:19:15.683837
64,236958,7.1,1,40,13,73822,107209,Other,Tier 2,Store,0,2026-03-05 14:19:15.683837
74,134004,4.5,8,17,3,110821,129688,Other,Tier 2,Store,0,2026-03-05 14:19:15.683837
57,162364,5.5,5,13,9,49742,16504,Female,Tier 2,Hybrid,0,2026-03-05 14:19:15.683837
53,177582,5.6,1,20,19,17413,50700,Other,Tier 2,Store,0,2026-03-05 14:19:15.683837
32,43000,5.5,5,38,17,3425,91065,Male,Tier 3,Store,0,2026-03-05 14:19:15.683837
45,145439,5.4,5,33,8,34444,46396,Other,Tier 2,Store,0,2026-03-05 14:19:15.683837
69,134277,6.9,9,30,12,13862,9834,Other,Tier 1,Online,1,2026-03-05 14:19:15.683837
74,45383,6.1,10,16,18,30553,149035,Male,Tier 3,Store,0,2026-03-05 14:19:15.683837
66,157857,7.3,3,6,7,31396,65293,Other,Tier 1,Store,0,2026-03-05 14:19:15.683837
62,55910,11.0,9,20,10,33587,10372,Female,Tier 1,Online,1,2026-03-05 14:19:15.683837
35,185100,4.9,8,6,7,111238,79120,Other,Tier 1,Store,0,2026-03-05 14:19:15.683837
19,170927,6.4,10,0,17,50737,81971,Male,Tier 3,Store,0,2026-03-05 14:19:15.683837
30,39281,7.0,2,21,16,62875,96298,Female,Tier 1,Store,0,2026-03-05 14:19:15.683837
62,128838,8.2,9,21,9,108328,57618,Female,Tier 2,Store,0,2026-03-05 14:19:15.683837
71,19841,6.9,5,22,9,111716,116550,Male,Tier 2,Store,0,2026-03-05 14:19:15.683837
32,112204,3.8,8,27,3,39414,110393,Other,Tier 1,Store,0,2026-03-05 14:19:15.683837
37,75155,4.7,8,39,7,111981,69565,Other,Tier 2,Store,0,2026-03-05 14:19:15.683837
46,172990,6.3,4,45,1,6010,80188,Male,Tier 3,Store,0,2026-03-05 14:19:15.683837
76,71313,4.6,1,29,13,81969,146525,Male,Tier 3,Store,0,2026-03-05 14:19:15.683837
59,126688,3.0,9,44,7,56392,55746,Male,Tier 1,Store,0,2026-03-05 14:19:15.683837
46,163515,4.4,6,9,13,116449,46856,Female,Tier 2,Store,0,2026-03-05 14:19:15.683837
20,178322,4.4,2,11,7,149201,65629,Other,Tier 1,Store,0,2026-03-05 14:19:15.683837
36,147994,4.0,4,44,17,17131,75663,Female,Tier 3,Store,0,2026-03-05 14:19:15.683837
20,46976,11.1,10,15,7,77076,70962,Other,Tier 3,Store,0,2026-03-05 14:19:15.683837
71,158063,6.6,5,20,9,80743,130728,Other,Tier 3,Store,0,2026-03-05 14:19:15.683837
31,119405,6.2,6,12,3,32817,148820,Male,Tier 2,Store,0,2026-03-05 14:19:15.683837
57,68744,7.8,5,46,10,100401,137300,Female,Tier 3,Store,0,2026-03-05 14:19:15.683837
76,168805,9.6,9,3,13,70499,30199,Female,Tier 1,Store,0,2026-03-05 14:19:15.683837
72,17473,6.8,10,36,15,32209,149799,Female,Tier 2,Store,0,2026-03-05 14:19:15.683837
79,154180,8.0,2,29,9,149996,14159,Other,Tier 3,Store,0,2026-03-05 14:19:15.683837
21,43715,5.0,3,25,14,93197,74465,Female,Tier 1,Store,0,2026-03-05 14:19:15.683837
76,178282,4.2,10,13,7,75170,33007,Male,Tier 3,Store,0,2026-03-05 14:19:15.683837
77,52317,7.8,3,36,14,142352,22815,Male,Tier 1,Store,0,2026-03-05 14:19:15.683837
69,80516,7.8,3,24,18,41352,70551,Female,Tier 1,Store,0,2026-03-05 14:19:15.683837
28,179434,7.6,6,38,7,80711,94593,Female,Tier 1,Store,0,2026-03-05 14:19:15.683837
75,69604,6.3,8,26,16,47058,91238,Male,Tier 1,Store,0,2026-03-05 14:19:15.683837
48,19889,4.4,5,13,17,30191,30207,Other,Tier 3,Store,0,2026-03-05 14:19:15.683837
60,235629,5.0,6,1,1,121406,11961,Other,Tier 2,Online,1,2026-03-05 14:19:15.683837
49,88748,8.3,1,1,4,8235,2199,Female,Tier 1,Online,1,2026-03-05 14:19:15.683837
44,46971,4.8,10,32,15,92519,62591,Other,Tier 1,Store,0,2026-03-05 14:19:15.683837
47,65551,6.4,3,1,16,90131,43060,Male,Tier 1,Store,0,2026-03-05 14:19:15.683837
60,149273,4.5,4,33,14,13027,6731,Other,Tier 3,Online,1,2026-03-05 14:19:15.683837
19,123957,5.6,7,24,18,129147,104086,Other,Tier 3,Store,0,2026-03-05 14:19:15.683837
79,104882,3.8,5,44,14,28618,78264,Other,Tier 1,Store,0,2026-03-05 14:19:15.683837
66,52958,5.9,1,36,12,107381,93146,Female,Tier 1,Store,0,2026-03-05 14:19:15.683837
26,225323,5.0,3,26,16,44942,98798,Other,Tier 2,Store,0,2026-03-05 14:19:15.683837
45,20681,2.6,2,25,19,113943,142652,Male,Tier 3,Store,0,2026-03-05 14:19:15.683837
48,116982,7.3,6,46,11,147798,57859,Female,Tier 1,Store,0,2026-03-05 14:19:15.683837
77,61870,7.2,5,21,2,143203,92613,Female,Tier 3,Store,0,2026-03-05 14:19:15.683837
51,143396,6.1,3,46,9,129357,148765,Male,Tier 3,Store,0,2026-03-05 14:19:15.683837
78,228328,3.8,2,6,9,106758,86153,Male,Tier 1,Store,0,2026-03-05 14:19:15.683837
73,82203,3.8,1,12,12,35967,3943,Male,Tier 1,Store,0,2026-03-05 14:19:15.683837
32,174224,10.7,2,47,6,72694,50861,Female,Tier 2,Store,0,2026-03-05 14:19:15.683837
65,65061,1.0,5,27,4,103528,52039,Other,Tier 2,Store,0,2026-03-05 14:19:15.683837
42,203691,3.8,5,44,8,64056,115180,Other,Tier 3,Store,0,2026-03-05 14:19:15.683837
53,73235,10.3,9,27,3,69534,76330,Female,Tier 1,Store,0,2026-03-05 14:19:15.683837
25,219812,10.9,6,23,2,19098,89573,Female,Tier 3,Store,0,2026-03-05 14:19:15.683837
26,52890,9.4,3,34,10,44653,74756,Male,Tier 2,Store,0,2026-03-05 14:19:15.683837
75,105073,7.1,10,32,16,3350,120353,Male,Tier 3,Store,0,2026-03-05 14:19:15.683837
75,76401,4.7,3,36,1,30041,141414,Female,Tier 1,Store,0,2026-03-05 14:19:15.683837
54,26217,2.6,3,8,8,3777,86007,Other,Tier 3,Store,0,2026-03-05 14:19:15.683837
65,63351,6.8,8,49,5,79784,15533,Male,Tier 1,Online,1,2026-03-05 14:19:15.683837
62,48741,4.5,9,2,11,1284,1989,Female,Tier 2,Online,1,2026-03-05 14:19:15.683837
79,166726,8.9,3,1,18,88506,31218,Other,Tier 2,Store,0,2026-03-05 14:19:15.683837
56,207386,2.3,1,21,3,133383,86062,Other,Tier 1,Store,0,2026-03-05 14:19:15.683837
49,16408,6.4,8,20,10,58389,55621,Female,Tier 1,Store,0,2026-03-05 14:19:15.683837
75,57903,7.9,10,36,4,99441,147154,Other,Tier 1,Store,0,2026-03-05 14:19:15.683837
69,230280,8.0,2,23,19,50277,87359,Other,Tier 3,Store,0,2026-03-05 14:19:15.683837
34,122042,7.7,7,13,5,87323,116854,Other,Tier 2,Store,0,2026-03-05 14:19:15.683837
52,147290,6.7,7,32,19,1401,130841,Female,Tier 2,Store,0,2026-03-05 14:19:15.683837
54,196644,6.3,9,16,15,72550,116759,Female,Tier 1,Store,0,2026-03-05 14:19:15.683837
36,204870,7.8,8,20,10,107500,133295,Male,Tier 3,Store,0,2026-03-05 14:19:15.683837
61,247753,6.7,9,12,8,116302,136901,Other,Tier 1,Store,0,2026-03-05 14:19:15.683837
46,137189,6.7,1,43,1,99440,27456,Male,Tier 2,Store,0,2026-03-05 14:19:15.683837
76,124268,6.1,3,43,3,81413,133887,Other,Tier 2,Store,0,2026-03-05 14:19:15.683837
24,45105,5.2,4,39,15,131283,95102,Other,Tier 1,Store,0,2026-03-05 14:19:15.683837
45,84634,3.3,3,10,3,25434,146860,Other,Tier 1,Store,0,2026-03-05 14:19:15.683837
26,132426,3.6,8,1,8,112655,126622,Male,Tier 2,Store,0,2026-03-05 14:19:15.683837
45,211135,5.2,7,36,7,142173,51424,Male,Tier 1,Store,0,2026-03-05 14:19:15.683837
23,153691,5.8,5,27,6,86238,15752,Male,Tier 1,Hybrid,0,2026-03-05 14:19:15.683837
46,158011,4.1,5,2,17,130403,56842,Male,Tier 1,Store,0,2026-03-05 14:19:15.683837
75,33226,3.9,4,14,8,108181,121648,Other,Tier 3,Store,0,2026-03-05 14:19:15.683837
34,40322,5.3,5,45,9,17450,140706,Female,Tier 1,Store,0,2026-03-05 14:19:15.683837
33,132504,7.8,5,23,10,63050,87108,Male,Tier 2,Store,0,2026-03-05 14:19:15.683837
40,73215,1.8,4,7,1,57660,39988,Male,Tier 2,Store,0,2026-03-05 14:19:15.683837
48,162950,4.1,5,5,18,94248,88473,Male,Tier 1,Store,0,2026-03-05 14:19:15.683837
20,152632,6.3,7,31,9,25386,7546,Other,Tier 1,Online,1,2026-03-05 14:19:15.683837
38,184350,8.6,9,40,14,85614,50049,Male,Tier 1,Store,0,2026-03-05 14:19:15.683837
43,182284,10.3,7,34,17,4455,29364,Other,Tier 1,Store,0,2026-03-05 14:19:15.683837
53,109835,5.3,1,12,4,35019,100505,Male,Tier 2,Store,0,2026-03-05 14:19:15.683837
59,88079,5.3,9,27,11,113210,86821,Other,Tier 2,Store,0,2026-03-05 14:19:15.683837
54,38946,5.7,3,41,7,89783,148753,Female,Tier 2,Store,0,2026-03-05 14:19:15.683837
70,177812,6.5,2,3,5,10162,12309,Other,Tier 2,Online,1,2026-03-05 14:19:15.683837
39,125733,5.9,10,30,0,106154,122893,Female,Tier 3,Store,0,2026-03-05 14:19:15.683837
79,22253,6.2,9,0,12,6468,29864,Male,Tier 3,Store,0,2026-03-05 14:19:15.683837
59,94311,3.3,2,29,14,146553,86404,Male,Tier 1,Store,0,2026-03-05 14:19:15.683837
29,47813,2.7,10,7,10,113604,2761,Male,Tier 3,Online,1,2026-03-05 14:19:15.683837
59,210403,7.4,9,39,3,67294,25054,Female,Tier 2,Online,1,2026-03-05 14:19:15.683837
78,173704,5.6,5,45,7,97192,115078,Male,Tier 3,Store,0,2026-03-05 14:19:15.683837
30,63365,7.7,6,13,6,94847,4864,Male,Tier 1,Online,1,2026-03-05 14:19:15.683837
28,82593,6.4,7,43,12,127963,68675,Other,Tier 3,Store,0,2026-03-05 14:19:15.683837
71,179503,3.1,7,27,4,123124,146463,Other,Tier 2,Store,0,2026-03-05 14:19:15.683837
33,183508,9.1,4,33,0,89915,58127,Other,Tier 3,Store,0,2026-03-05 14:19:15.683837
25,164485,6.1,4,38,15,3622,117742,Female,Tier 3,Store,0,2026-03-05 14:19:15.683837
57,241833,4.5,5,3,10,132881,30015,Other,Tier 1,Store,0,2026-03-05 14:19:15.683837
76,53485,4.9,9,23,17,62259,6212,Female,Tier 3,Online,1,2026-03-05 14:19:15.683837
74,214304,3.6,10,26,8,15469,103023,Male,Tier 1,Store,0,2026-03-05 14:19:15.683837
57,126504,6.7,1,41,3,37495,30490,Male,Tier 2,Store,0,2026-03-05 14:19:15.683837
62,31101,5.8,8,10,6,107595,46687,Other,Tier 1,Store,0,2026-03-05 14:19:15.683837
76,23831,10.0,8,22,6,123085,13774,Male,Tier 2,Online,1,2026-03-05 14:19:15.683837
19,230655,7.0,7,41,12,1106,145688,Other,Tier 3,Store,0,2026-03-05 14:19:15.683837
47,66897,9.9,6,31,18,121925,75608,Male,Tier 1,Store,0,2026-03-05 14:19:15.683837
47,20004,4.1,3,49,6,132245,130211,Female,Tier 3,Store,0,2026-03-05 14:19:15.683837
29,234313,5.3,8,3,6,104238,55175,Female,Tier 1,Store,0,2026-03-05 14:19:15.683837
27,60924,7.8,7,18,12,105960,82829,Other,Tier 2,Store,0,2026-03-05 14:19:15.683837
61,167581,7.2,8,6,3,125204,106522,Male,Tier 1,Store,0,2026-03-05 14:19:15.683837
28,52170,6.0,2,32,11,61723,148342,Male,Tier 2,Store,0,2026-03-05 14:19:15.683837
32,58555,3.8,8,13,7,17735,85643,Other,Tier 2,Store,0,2026-03-05 14:19:15.683837
33,160734,1.6,7,12,15,99611,142663,Other,Tier 3,Store,0,2026-03-05 14:19:15.683837
34,133115,5.6,6,5,10,99746,120201,Other,Tier 2,Store,0,2026-03-05 14:19:15.683837
43,119216,5.6,9,18,3,110753,134407,Female,Tier 1,Store,0,2026-03-05 14:19:15.683837
19,80930,6.3,8,8,14,67678,53898,Male,Tier 3,Store,0,2026-03-05 14:19:15.683837
67,193475,3.1,5,34,11,121681,120650,Female,Tier 1,Store,0,2026-03-05 14:19:15.683837
29,51365,4.2,5,48,1,4125,84005,Other,Tier 3,Store,0,2026-03-05 14:19:15.683837
68,77188,6.8,9,47,5,13601,106023,Female,Tier 3,Store,0,2026-03-05 14:19:15.683837
43,222132,7.2,8,25,17,20286,111977,Male,Tier 2,Store,0,2026-03-05 14:19:15.683837
40,113633,6.4,4,3,11,102379,78126,Female,Tier 3,Store,0,2026-03-05 14:19:15.683837
35,172745,5.3,9,47,15,27165,28998,Female,Tier 1,Store,0,2026-03-05 14:19:15.683837
79,78471,3.6,6,27,0,88547,41106,Other,Tier 1,Store,0,2026-03-05 14:19:15.683837
49,163228,7.9,5,26,18,66264,62633,Other,Tier 2,Store,0,2026-03-05 14:19:15.683837
66,72287,7.5,10,43,3,58999,38343,Male,Tier 3,Store,0,2026-03-05 14:19:15.683837
79,147717,4.9,7,6,9,986,110583,Female,Tier 3,Store,0,2026-03-05 14:19:15.683837
55,74076,7.7,9,8,9,115326,13191,Male,Tier 1,Online,1,2026-03-05 14:19:15.683837
74,240657,5.9,1,33,6,109431,133692,Other,Tier 3,Store,0,2026-03-05 14:19:15.683837
64,131475,4.6,9,7,5,106240,103711,Male,Tier 2,Store,0,2026-03-05 14:19:15.683837
20,221423,7.9,10,9,11,67346,133389,Other,Tier 1,Store,0,2026-03-05 14:19:15.683837
55,65151,6.2,5,0,9,35240,67302,Male,Tier 1,Store,0,2026-03-05 14:19:15.683837
20,82384,5.1,9,49,11,24439,132506,Male,Tier 1,Store,0,2026-03-05 14:19:15.683837
47,114865,3.4,5,7,12,79619,89350,Female,Tier 1,Store,0,2026-03-05 14:19:15.683837
78,48541,3.6,7,44,14,35419,98082,Other,Tier 1,Store,0,2026-03-05 14:19:15.683837
18,87847,7.7,7,38,12,120297,78488,Female,Tier 2,Store,0,2026-03-05 14:19:15.683837
47,233171,6.9,9,45,18,111140,133783,Male,Tier 3,Store,0,2026-03-05 14:19:15.683837
62,226811,3.7,5,38,15,43805,83036,Male,Tier 3,Store,0,2026-03-05 14:19:15.683837
49,65955,3.6,7,16,10,67537,41414,Other,Tier 2,Store,0,2026-03-05 14:19:15.683837
45,155362,10.2,5,17,0,19895,56156,Other,Tier 3,Store,0,2026-03-05 14:19:15.683837
38,246426,6.9,4,33,17,146789,25985,Other,Tier 1,Store,0,2026-03-05 14:19:15.683837
75,205014,8.4,1,34,6,42983,47385,Other,Tier 3,Store,0,2026-03-05 14:19:15.683837
63,228739,9.0,5,2,11,18764,35522,Male,Tier 2,Store,0,2026-03-05 14:19:15.683837
30,176215,4.1,4,11,17,143069,8744,Male,Tier 2,Hybrid,0,2026-03-05 14:19:15.683837
44,170581,9.5,1,3,11,23712,57006,Other,Tier 1,Store,0,2026-03-05 14:19:15.683837
53,102780,3.8,10,35,8,148274,96247,Male,Tier 3,Store,0,2026-03-05 14:19:15.683837
24,182813,7.5,1,8,16,132106,49895,Female,Tier 2,Store,0,2026-03-05 14:19:15.683837
39,172970,5.8,5,34,3,128373,98808,Female,Tier 1,Store,0,2026-03-05 14:19:15.683837
27,114919,7.4,9,2,3,66003,30636,Female,Tier 2,Store,0,2026-03-05 14:19:15.683837
56,127854,5.6,1,24,19,101878,140277,Male,Tier 1,Store,0,2026-03-05 14:19:15.683837
70,231746,7.1,8,25,19,109832,61337,Other,Tier 3,Store,0,2026-03-05 14:19:15.683837
32,209020,8.7,9,36,0,64474,103724,Female,Tier 3,Store,0,2026-03-05 14:19:15.683837
32,76768,8.2,10,47,2,119083,147945,Male,Tier 3,Store,0,2026-03-05 14:19:15.683837
21,58262,5.9,4,26,18,138467,47642,Other,Tier 1,Store,0,2026-03-05 14:19:15.683837
49,151578,4.1,8,27,7,70755,14494,Female,Tier 1,Store,0,2026-03-05 14:19:15.683837
40,35605,5.4,1,18,19,61244,53816,Other,Tier 3,Store,0,2026-03-05 14:19:15.683837
72,93590,6.9,4,23,0,141627,80796,Female,Tier 1,Store,0,2026-03-05 14:19:15.683837
23,43231,7.3,10,36,5,139329,38587,Male,Tier 2,Store,0,2026-03-05 14:19:15.683837
41,94397,8.1,2,39,8,51812,22913,Female,Tier 1,Hybrid,0,2026-03-05 14:19:15.683837
37,92123,4.5,10,43,17,109273,130335,Female,Tier 3,Store,0,2026-03-05 14:19:15.683837
75,28515,4.1,4,37,8,135350,52486,Other,Tier 3,Store,0,2026-03-05 14:19:15.683837
54,102211,4.0,2,24,19,146855,109263,Other,Tier 2,Store,0,2026-03-05 14:19:15.683837
37,184694,5.6,3,33,9,37757,95712,Male,Tier 2,Store,0,2026-03-05 14:19:15.683837
29,31600,6.4,1,14,15,128724,120673,Other,Tier 3,Store,0,2026-03-05 14:19:15.683837
50,173964,6.7,10,15,11,114088,95191,Male,Tier 3,Store,0,2026-03-05 14:19:15.683837
45,229351,3.2,3,3,5,65387,89860,Female,Tier 3,Store,0,2026-03-05 14:19:15.683837
25,84310,4.1,7,25,13,24197,85222,Female,Tier 1,Store,0,2026-03-05 14:19:15.683837
18,167873,4.6,8,46,7,67993,39512,Female,Tier 3,Hybrid,0,2026-03-05 14:19:15.683837
54,183767,9.5,6,38,14,37659,5946,Other,Tier 2,Online,1,2026-03-05 14:19:15.683837
39,174925,5.2,1,46,9,22107,39636,Other,Tier 3,Store,0,2026-03-05 14:19:15.683837
23,150501,3.0,7,25,4,110754,15945,Other,Tier 1,Hybrid,0,2026-03-05 14:19:15.683837
78,150678,6.8,3,47,19,134322,34258,Female,Tier 3,Store,0,2026-03-05 14:19:15.683837
38,150550,5.8,9,27,15,138618,3176,Female,Tier 3,Online,1,2026-03-05 14:19:15.683837
49,129380,3.7,2,48,7,129196,43404,Other,Tier 1,Store,0,2026-03-05 14:19:15.683837
52,229888,5.1,9,36,10,43498,53963,Other,Tier 2,Store,0,2026-03-05 14:19:15.683837
32,186206,5.3,10,37,2,73331,36247,Other,Tier 1,Store,0,2026-03-05 14:19:15.683837
22,216035,5.8,2,35,1,47417,67228,Other,Tier 1,Store,0,2026-03-05 14:19:15.683837
77,126780,7.9,2,9,0,139079,84610,Female,Tier 3,Store,0,2026-03-05 14:19:15.683837
73,216969,7.1,4,32,0,45231,116327,Female,Tier 1,Store,0,2026-03-05 14:19:15.683837
63,171547,6.3,2,7,19,129310,70322,Other,Tier 1,Store,0,2026-03-05 14:19:15.683837
67,81177,8.0,7,37,9,31717,72954,Other,Tier 2,Store,0,2026-03-05 14:19:15.683837
65,167802,5.2,3,41,17,57232,62289,Female,Tier 3,Store,0,2026-03-05 14:19:15.683837
23,167185,4.5,4,35,15,128893,10766,Other,Tier 1,Hybrid,0,2026-03-05 14:19:15.683837
42,166083,6.6,1,20,18,70181,24274,Male,Tier 2,Store,0,2026-03-05 14:19:15.683837
73,70746,6.5,10,44,15,83265,141328,Other,Tier 3,Store,0,2026-03-05 14:19:15.683837
63,138075,3.0,4,49,2,63217,95474,Female,Tier 1,Store,0,2026-03-05 14:19:15.683837
76,188925,9.0,4,19,6,82940,113988,Female,Tier 1,Store,0,2026-03-05 14:19:15.683837
73,100195,4.0,4,33,5,56139,49082,Male,Tier 1,Store,0,2026-03-05 14:19:15.683837
57,51818,7.1,9,37,10,77528,133412,Female,Tier 1,Store,0,2026-03-05 14:19:15.683837
46,183393,7.1,3,42,4,131782,110166,Other,Tier 3,Store,0,2026-03-05 14:19:15.683837
24,36309,1.0,7,27,8,89104,75269,Male,Tier 3,Store,0,2026-03-05 14:19:15.683837
57,164760,6.5,4,31,3,39462,78875,Other,Tier 3,Store,0,2026-03-05 14:19:15.683837
30,43176,9.3,1,11,11,114946,145336,Male,Tier 3,Store,0,2026-03-05 14:19:15.683837
55,83879,4.6,10,8,9,60200,101370,Female,Tier 3,Store,0,2026-03-05 14:19:15.683837
35,82592,2.2,3,42,2,23475,84894,Other,Tier 2,Store,0,2026-03-05 14:19:15.683837
19,99728,5.8,9,14,6,61606,7334,Female,Tier 3,Online,1,2026-03-05 14:19:15.683837
25,235084,6.9,10,12,1,77395,31536,Female,Tier 3,Store,0,2026-03-05 14:19:15.683837
28,155488,5.8,6,1,7,17672,110285,Female,Tier 1,Store,0,2026-03-05 14:19:15.683837
50,186066,4.1,8,19,12,149207,81486,Other,Tier 3,Store,0,2026-03-05 14:19:15.683837
71,212494,3.9,9,13,14,48399,4992,Other,Tier 2,Online,1,2026-03-05 14:19:15.683837
78,23584,2.8,8,41,0,50857,1405,Male,Tier 2,Online,1,2026-03-05 14:19:15.683837
55,139555,2.3,5,14,1,10552,70282,Male,Tier 2,Store,0,2026-03-05 14:19:15.683837
65,108302,5.3,6,28,17,119648,129087,Male,Tier 1,Store,0,2026-03-05 14:19:15.683837
44,137408,6.8,10,20,18,133142,8047,Other,Tier 1,Online,1,2026-03-05 14:19:15.683837
37,33830,6.3,2,9,6,81622,78594,Other,Tier 2,Store,0,2026-03-05 14:19:15.683837
29,231897,6.5,9,40,1,121669,59391,Male,Tier 3,Store,0,2026-03-05 14:19:15.683837
60,92066,7.3,6,37,15,74915,70244,Female,Tier 3,Store,0,2026-03-05 14:19:15.683837
78,18591,8.6,8,20,15,95369,106445,Female,Tier 2,Store,0,2026-03-05 14:19:15.683837
48,108878,6.1,7,34,3,110385,105859,Male,Tier 2,Store,0,2026-03-05 14:19:15.683837
44,140407,6.7,10,43,16,55837,130523,Male,Tier 1,Store,0,2026-03-05 14:19:15.683837
49,131869,6.7,2,16,13,113374,141507,Female,Tier 1,Store,0,2026-03-05 14:19:15.683837
78,36395,6.3,2,43,7,1031,33029,Other,Tier 3,Store,0,2026-03-05 14:19:15.683837
27,200254,6.0,5,3,8,106807,32517,Male,Tier 1,Store,0,2026-03-05 14:19:15.683837
20,31738,6.2,3,13,7,47788,140674,Female,Tier 2,Store,0,2026-03-05 14:19:15.683837
62,148703,9.1,1,39,17,86299,100682,Female,Tier 3,Store,0,2026-03-05 14:19:15.683837
44,163977,8.9,10,31,6,1773,138070,Other,Tier 2,Store,0,2026-03-05 14:19:15.683837
52,34056,2.6,3,17,12,104293,11131,Other,Tier 2,Store,0,2026-03-05 14:19:15.683837
48,136656,6.4,7,33,0,54041,18673,Other,Tier 2,Online,1,2026-03-05 14:19:15.683837
32,130316,6.0,10,31,7,126810,52839,Male,Tier 3,Store,0,2026-03-05 14:19:15.683837
33,235154,8.5,9,13,8,29093,96952,Male,Tier 3,Store,0,2026-03-05 14:19:15.683837
78,181519,5.9,4,35,18,140976,18896,Female,Tier 2,Store,0,2026-03-05 14:19:15.683837
30,69418,6.5,8,33,14,41613,87181,Other,Tier 1,Store,0,2026-03-05 14:19:15.683837
66,52190,4.7,6,5,2,12390,668,Other,Tier 3,Online,1,2026-03-05 14:19:15.683837
52,41014,7.6,4,39,10,61596,101088,Female,Tier 3,Store,0,2026-03-05 14:19:15.683837
69,219071,3.5,3,34,13,11447,77444,Female,Tier 1,Store,0,2026-03-05 14:19:15.683837
28,196350,5.4,5,14,11,148175,101845,Other,Tier 2,Store,0,2026-03-05 14:19:15.683837
76,140563,3.9,3,19,4,44117,111056,Female,Tier 1,Store,0,2026-03-05 14:19:15.683837
38,16780,5.4,8,27,1,118433,117143,Female,Tier 2,Store,0,2026-03-05 14:19:15.683837
68,237715,4.9,6,36,6,77925,90882,Other,Tier 2,Store,0,2026-03-05 14:19:15.683837
71,205330,7.7,6,37,4,12725,74651,Male,Tier 2,Store,0,2026-03-05 14:19:15.683837
28,243195,5.6,7,20,2,75050,147386,Female,Tier 3,Store,0,2026-03-05 14:19:15.683837
47,57192,9.0,7,23,9,87248,88736,Other,Tier 2,Store,0,2026-03-05 14:19:15.683837
77,205372,5.5,8,9,10,8878,143021,Other,Tier 1,Store,0,2026-03-05 14:19:15.683837
65,119875,3.8,5,35,7,75085,58035,Female,Tier 2,Store,0,2026-03-05 14:19:15.683837
70,236576,5.5,5,8,5,137067,133497,Male,Tier 1,Store,0,2026-03-05 14:19:15.683837
52,114129,7.0,6,21,11,2939,100349,Male,Tier 3,Store,0,2026-03-05 14:19:15.683837
39,58923,9.4,4,41,12,60138,31160,Other,Tier 2,Store,0,2026-03-05 14:19:15.683837
55,104196,4.7,2,36,1,67655,23850,Male,Tier 3,Hybrid,0,2026-03-05 14:19:15.683837
48,17395,9.3,2,15,15,18211,130461,Other,Tier 1,Store,0,2026-03-05 14:19:15.683837
31,117449,5.6,2,42,12,83563,42869,Male,Tier 2,Store,0,2026-03-05 14:19:15.683837
41,136747,5.1,2,23,8,2635,142876,Female,Tier 3,Store,0,2026-03-05 14:19:15.683837
67,243456,7.6,5,3,12,41418,88532,Female,Tier 2,Store,0,2026-03-05 14:19:15.683837
66,161851,8.8,2,43,14,12701,142201,Other,Tier 2,Store,0,2026-03-05 14:19:15.683837
49,86028,7.1,7,22,7,98776,72970,Other,Tier 1,Store,0,2026-03-05 14:19:15.683837
53,175794,3.2,4,41,16,145432,103321,Male,Tier 3,Store,0,2026-03-05 14:19:15.683837
49,153183,6.7,10,21,9,144342,37636,Male,Tier 1,Store,0,2026-03-05 14:19:15.683837
72,156056,10.3,5,1,8,33826,48301,Female,Tier 3,Store,0,2026-03-05 14:19:15.683837
32,243624,1.4,2,27,16,38658,6566,Female,Tier 1,Store,0,2026-03-05 14:19:15.683837
60,108176,6.7,1,18,16,68681,62112,Male,Tier 1,Store,0,2026-03-05 14:19:15.683837
75,218400,5.4,9,19,18,85927,124769,Female,Tier 3,Store,0,2026-03-05 14:19:15.683837
52,41924,4.1,6,27,18,120701,32998,Male,Tier 1,Store,0,2026-03-05 14:19:15.683837
20,198775,8.1,5,41,1,144815,16147,Female,Tier 2,Online,1,2026-03-05 14:19:15.683837
33,47577,2.5,5,23,10,43531,67846,Male,Tier 1,Store,0,2026-03-05 14:19:15.683837
22,153783,5.3,2,26,7,116581,123123,Other,Tier 1,Store,0,2026-03-05 14:19:15.683837
38,100548,8.0,8,43,16,105393,5246,Other,Tier 1,Online,1,2026-03-05 14:19:15.683837
78,245941,7.8,4,1,0,101811,15689,Other,Tier 2,Online,1,2026-03-05 14:19:15.683837
27,248043,7.2,4,6,17,82165,13511,Male,Tier 2,Store,0,2026-03-05 14:19:15.683837
36,140093,6.3,8,0,6,140679,97186,Male,Tier 2,Store,0,2026-03-05 14:19:15.683837
42,150168,5.8,4,10,8,125018,27459,Other,Tier 1,Store,0,2026-03-05 14:19:15.683837
21,81555,5.1,1,30,8,35316,59710,Female,Tier 1,Store,0,2026-03-05 14:19:15.683837
78,104848,4.1,4,29,9,12370,142172,Female,Tier 1,Store,0,2026-03-05 14:19:15.683837
46,221084,7.6,10,12,15,146989,94257,Female,Tier 2,Store,0,2026-03-05 14:19:15.683837
36,23254,6.4,1,23,10,9462,127465,Other,Tier 1,Store,0,2026-03-05 14:19:15.683837
60,140410,7.7,6,17,5,96446,83694,Female,Tier 2,Store,0,2026-03-05 14:19:15.683837
19,244027,4.4,2,12,11,35590,95069,Other,Tier 3,Store,0,2026-03-05 14:19:15.683837
27,223192,4.4,9,16,9,105148,53011,Other,Tier 1,Store,0,2026-03-05 14:19:15.683837
78,152037,7.0,10,45,15,108316,81608,Male,Tier 3,Store,0,2026-03-05 14:19:15.683837
60,223072,1.4,4,47,13,139783,37906,Other,Tier 2,Store,0,2026-03-05 14:19:15.683837
42,224047,1.0,8,29,16,131004,90478,Other,Tier 1,Store,0,2026-03-05 14:19:15.683837
37,204059,8.0,2,18,19,75744,608,Male,Tier 3,Online,1,2026-03-05 14:19:15.683837
65,118025,4.6,5,11,4,27564,23552,Female,Tier 1,Store,0,2026-03-05 14:19:15.683837
36,145509,6.4,8,25,3,112669,97434,Male,Tier 1,Store,0,2026-03-05 14:19:15.683837
40,47963,6.8,1,17,12,121043,127198,Female,Tier 3,Store,0,2026-03-05 14:19:15.683837
41,240048,8.1,6,11,6,83409,119114,Male,Tier 3,Store,0,2026-03-05 14:19:15.683837
28,18273,5.1,2,43,10,8581,135469,Other,Tier 3,Store,0,2026-03-05 14:19:15.683837
63,30330,5.2,5,49,10,149355,28278,Male,Tier 2,Store,0,2026-03-05 14:19:15.683837
51,167566,4.8,1,41,11,86776,7213,Female,Tier 1,Store,0,2026-03-05 14:19:15.683837
72,91422,7.2,4,1,2,19821,89033,Female,Tier 1,Store,0,2026-03-05 14:19:15.683837
45,137089,7.3,3,19,11,11590,6032,Other,Tier 3,Online,1,2026-03-05 14:19:15.683837
22,18212,8.6,10,5,2,133255,13662,Other,Tier 1,Hybrid,0,2026-03-05 14:19:15.683837
76,247131,3.5,5,0,0,120245,90490,Female,Tier 1,Store,0,2026-03-05 14:19:15.683837
22,229513,10.5,8,25,9,100056,24998,Male,Tier 2,Store,0,2026-03-05 14:19:15.683837
68,102594,5.4,9,6,0,48958,73271,Other,Tier 2,Store,0,2026-03-05 14:19:15.683837
38,147152,5.9,5,31,0,23091,68019,Other,Tier 3,Store,0,2026-03-05 14:19:15.683837
29,47675,6.3,9,32,10,90993,118612,Female,Tier 3,Store,0,2026-03-05 14:19:15.683837
67,37007,4.2,10,9,15,89543,34885,Female,Tier 3,Store,0,2026-03-05 14:19:15.683837
21,128805,5.2,4,44,2,7581,62026,Other,Tier 3,Store,0,2026-03-05 14:19:15.683837
71,97641,8.9,5,40,2,106589,64459,Other,Tier 3,Store,0,2026-03-05 14:19:15.683837
66,110815,9.0,9,14,7,69434,85634,Other,Tier 2,Store,0,2026-03-05 14:19:15.683837
59,61815,6.4,9,30,12,138859,51813,Male,Tier 2,Store,0,2026-03-05 14:19:15.683837
37,98482,8.1,2,23,15,86002,28668,Female,Tier 1,Store,0,2026-03-05 14:19:15.683837
55,15639,6.8,5,28,14,5859,83835,Female,Tier 3,Store,0,2026-03-05 14:19:15.683837
42,78593,5.9,8,17,9,31541,65234,Female,Tier 2,Store,0,2026-03-05 14:19:15.683837
31,93038,4.5,1,6,16,88650,116862,Female,Tier 1,Store,0,2026-03-05 14:19:15.683837
28,249566,4.3,4,33,2,104692,7565,Female,Tier 3,Online,1,2026-03-05 14:19:15.683837
49,108899,4.5,8,13,13,20280,88507,Other,Tier 2,Store,0,2026-03-05 14:19:15.683837
28,18736,9.2,10,19,0,33554,114241,Female,Tier 2,Store,0,2026-03-05 14:19:15.683837
78,31473,7.7,2,28,8,116009,67354,Other,Tier 3,Store,0,2026-03-05 14:19:15.683837
35,143771,8.9,1,36,18,30074,111086,Female,Tier 2,Store,0,2026-03-05 14:19:15.683837
44,140801,6.8,6,41,9,95763,22494,Other,Tier 2,Online,1,2026-03-05 14:19:15.683837
72,180091,4.2,6,30,10,58196,90791,Male,Tier 2,Store,0,2026-03-05 14:19:15.683837
71,122598,7.2,1,18,13,125433,37994,Other,Tier 3,Store,0,2026-03-05 14:19:15.683837
35,101623,8.5,3,22,15,86566,68461,Male,Tier 3,Store,0,2026-03-05 14:19:15.683837
73,240097,7.3,10,6,6,130050,88958,Female,Tier 3,Store,0,2026-03-05 14:19:15.683837
40,51820,3.4,8,5,8,116751,117459,Other,Tier 2,Store,0,2026-03-05 14:19:15.683837
28,230933,3.1,9,34,12,76269,99014,Female,Tier 1,Store,0,2026-03-05 14:19:15.683837
38,72589,7.3,8,28,6,13832,4645,Other,Tier 3,Online,1,2026-03-05 14:19:15.683837
61,211879,5.4,1,12,0,114260,73253,Male,Tier 1,Store,0,2026-03-05 14:19:15.683837
22,33414,6.6,4,38,6,61544,112680,Female,Tier 3,Store,0,2026-03-05 14:19:15.683837
40,142378,4.6,9,24,1,80780,37888,Other,Tier 3,Store,0,2026-03-05 14:19:15.683837
58,39220,6.3,1,33,1,3718,149340,Female,Tier 1,Store,0,2026-03-05 14:19:15.683837
76,75531,3.8,4,18,0,59271,146343,Other,Tier 2,Store,0,2026-03-05 14:19:15.683837
42,125002,6.5,10,3,8,36433,68817,Other,Tier 3,Store,0,2026-03-05 14:19:15.683837
58,188497,7.5,7,23,9,19298,58327,Other,Tier 3,Store,0,2026-03-05 14:19:15.683837
71,24387,7.6,7,32,9,107607,128190,Other,Tier 2,Store,0,2026-03-05 14:19:15.683837
27,91815,3.4,7,42,4,149383,65975,Other,Tier 1,Store,0,2026-03-05 14:19:15.683837
39,42584,6.9,10,1,6,47473,97373,Other,Tier 3,Store,0,2026-03-05 14:19:15.683837
36,59783,4.8,4,1,9,3529,107486,Male,Tier 2,Store,0,2026-03-05 14:19:15.683837
18,185881,9.1,8,13,2,39566,121999,Other,Tier 1,Store,0,2026-03-05 14:19:15.683837
24,200399,7.9,3,49,11,38227,46618,Other,Tier 1,Store,0,2026-03-05 14:19:15.683837
21,139494,6.1,9,10,19,122145,16612,Male,Tier 3,Online,1,2026-03-05 14:19:15.683837
18,130814,10.4,6,33,15,47436,57003,Male,Tier 3,Store,0,2026-03-05 14:19:15.683837
32,145752,4.5,7,37,17,125381,115857,Male,Tier 3,Store,0,2026-03-05 14:19:15.683837
57,156929,5.9,9,27,15,63540,10421,Other,Tier 1,Online,1,2026-03-05 14:19:15.683837
29,188333,7.1,4,38,9,19763,95539,Other,Tier 2,Store,0,2026-03-05 14:19:15.683837
39,88588,10.1,5,21,0,60307,148721,Male,Tier 1,Store,0,2026-03-05 14:19:15.683837
39,163067,8.9,1,41,15,81973,11498,Male,Tier 1,Online,1,2026-03-05 14:19:15.683837
67,28580,7.6,10,32,4,38935,95018,Female,Tier 2,Store,0,2026-03-05 14:19:15.683837
64,33240,4.2,8,37,11,43913,115631,Male,Tier 3,Store,0,2026-03-05 14:19:15.683837
34,98446,4.2,2,30,15,127875,98359,Female,Tier 3,Store,0,2026-03-05 14:19:15.683837
46,221824,7.4,5,13,13,99184,139287,Female,Tier 3,Store,0,2026-03-05 14:19:15.683837
63,119533,3.5,5,37,9,42511,56349,Female,Tier 3,Store,0,2026-03-05 14:19:15.683837
31,192183,6.6,10,8,15,4712,55657,Male,Tier 2,Store,0,2026-03-05 14:19:15.683837
67,236519,7.6,4,23,14,142487,18724,Female,Tier 2,Store,0,2026-03-05 14:19:15.683837
37,180938,3.0,4,28,10,29936,133568,Male,Tier 3,Store,0,2026-03-05 14:19:15.683837
67,95974,7.3,2,4,5,3354,23649,Other,Tier 2,Store,0,2026-03-05 14:19:15.683837
65,88401,7.8,3,41,18,51903,88018,Male,Tier 3,Store,0,2026-03-05 14:19:15.683837
50,228165,5.3,10,38,14,91543,12121,Other,Tier 3,Online,1,2026-03-05 14:19:15.683837
72,158283,5.7,2,26,12,15085,7316,Male,Tier 2,Online,1,2026-03-05 14:19:15.683837
76,205057,2.4,1,7,18,102484,10084,Other,Tier 1,Store,0,2026-03-05 14:19:15.683837
60,179340,5.8,4,28,0,87587,64254,Other,Tier 2,Store,0,2026-03-05 14:19:15.683837
32,18646,2.9,9,11,9,127004,111921,Other,Tier 2,Store,0,2026-03-05 14:19:15.683837
29,201443,4.6,6,7,10,134950,102605,Other,Tier 1,Store,0,2026-03-05 14:19:15.683837
57,57816,5.2,8,41,11,86820,72725,Other,Tier 2,Store,0,2026-03-05 14:19:15.683837
71,104460,3.7,2,40,13,116269,34841,Male,Tier 1,Store,0,2026-03-05 14:19:15.683837
37,59112,3.5,2,20,15,59791,26989,Female,Tier 2,Store,0,2026-03-05 14:19:15.683837
47,66048,3.6,2,47,6,116867,78449,Male,Tier 1,Store,0,2026-03-05 14:19:15.683837
55,200983,8.4,8,46,3,5584,72110,Other,Tier 2,Store,0,2026-03-05 14:19:15.683837
20,221518,5.9,1,8,15,112080,47576,Female,Tier 2,Store,0,2026-03-05 14:19:15.683837
45,147850,8.5,5,13,18,51818,108830,Other,Tier 3,Store,0,2026-03-05 14:19:15.683837
73,60752,5.2,4,0,2,97610,109861,Other,Tier 2,Store,0,2026-03-05 14:19:15.683837
43,231049,5.2,1,30,8,103497,74074,Other,Tier 1,Store,0,2026-03-05 14:19:15.683837
47,85726,5.2,10,15,16,51481,101127,Other,Tier 1,Store,0,2026-03-05 14:19:15.683837
30,226912,1.0,7,38,3,86030,27587,Male,Tier 3,Online,1,2026-03-05 14:19:15.683837
30,173361,7.0,1,26,8,92817,50551,Male,Tier 3,Store,0,2026-03-05 14:19:15.683837
19,59788,5.8,6,10,13,116787,8206,Other,Tier 1,Online,1,2026-03-05 14:19:15.683837
54,19747,6.1,1,1,11,78009,45207,Other,Tier 3,Store,0,2026-03-05 14:19:15.683837
66,220894,1.8,9,30,18,118094,4501,Female,Tier 2,Online,1,2026-03-05 14:19:15.683837
55,15045,5.9,3,49,10,58862,116678,Other,Tier 2,Store,0,2026-03-05 14:19:15.683837
19,241350,5.1,2,23,3,80762,102235,Female,Tier 1,Store,0,2026-03-05 14:19:15.683837
53,22758,6.3,7,38,12,29613,104739,Female,Tier 1,Store,0,2026-03-05 14:19:15.683837
71,140076,5.8,1,2,13,11196,98477,Female,Tier 2,Store,0,2026-03-05 14:19:15.683837
43,169509,5.0,7,47,9,100489,63978,Male,Tier 1,Store,0,2026-03-05 14:19:15.683837
28,165657,7.1,9,3,15,16269,17932,Male,Tier 3,Store,0,2026-03-05 14:19:15.683837
25,244831,8.0,4,29,19,120275,102212,Male,Tier 2,Store,0,2026-03-05 14:19:15.683837
61,155926,5.2,10,2,19,93648,143835,Other,Tier 2,Store,0,2026-03-05 14:19:15.683837
57,198148,3.1,2,3,5,25239,7728,Other,Tier 1,Hybrid,0,2026-03-05 14:19:15.683837
60,71950,3.2,4,12,11,36001,27998,Other,Tier 1,Store,0,2026-03-05 14:19:15.683837
39,163421,6.8,9,13,15,88189,73042,Other,Tier 1,Store,0,2026-03-05 14:19:15.683837
37,242300,8.6,8,9,7,72650,45810,Female,Tier 1,Store,0,2026-03-05 14:19:15.683837
25,167420,2.4,5,13,2,72568,36484,Other,Tier 3,Store,0,2026-03-05 14:19:15.683837
46,180368,4.0,8,16,14,15347,138288,Other,Tier 1,Store,0,2026-03-05 14:19:15.683837
57,247352,5.3,7,21,17,133310,29700,Other,Tier 3,Store,0,2026-03-05 14:19:15.683837
43,34455,1.9,4,45,7,72061,73411,Male,Tier 1,Store,0,2026-03-05 14:19:15.683837
47,224896,5.8,3,36,8,51341,116821,Female,Tier 1,Store,0,2026-03-05 14:19:15.683837
34,200093,6.7,1,20,19,84573,58859,Female,Tier 2,Store,0,2026-03-05 14:19:15.683837
37,217995,7.0,3,24,11,56817,108220,Male,Tier 1,Store,0,2026-03-05 14:19:15.683837
69,246897,5.2,8,2,14,9164,112129,Male,Tier 2,Store,0,2026-03-05 14:19:15.683837
72,185365,5.3,9,18,11,64635,17803,Other,Tier 2,Hybrid,0,2026-03-05 14:19:15.683837
33,245502,4.0,9,31,14,5895,147749,Male,Tier 3,Store,0,2026-03-05 14:19:15.683837
63,103552,2.5,5,14,17,115133,112059,Female,Tier 2,Store,0,2026-03-05 14:19:15.683837
79,61116,5.6,4,40,2,23500,44514,Male,Tier 3,Store,0,2026-03-05 14:19:15.683837
60,135461,6.8,6,23,17,144418,120077,Male,Tier 2,Store,0,2026-03-05 14:19:15.683837
24,55484,6.0,7,8,7,34641,3204,Female,Tier 1,Online,1,2026-03-05 14:19:15.683837
33,176287,8.2,6,9,17,47295,97805,Male,Tier 2,Store,0,2026-03-05 14:19:15.683837
62,96638,6.7,5,47,9,115831,145694,Other,Tier 2,Store,0,2026-03-05 14:19:15.683837
76,149476,7.3,2,31,6,77479,30687,Other,Tier 3,Store,0,2026-03-05 14:19:15.683837
64,183332,6.3,3,39,1,92786,82732,Other,Tier 2,Store,0,2026-03-05 14:19:15.683837
73,115647,9.7,9,6,17,119258,83702,Female,Tier 2,Store,0,2026-03-05 14:19:15.683837
65,80642,5.0,7,45,9,78742,136890,Other,Tier 3,Store,0,2026-03-05 14:19:15.683837
44,226803,7.4,10,49,18,63116,66951,Female,Tier 3,Store,0,2026-03-05 14:19:15.683837
70,61009,6.5,2,26,2,71346,112283,Other,Tier 3,Store,0,2026-03-05 14:19:15.683837
40,238761,7.5,1,14,5,19227,149644,Female,Tier 1,Store,0,2026-03-05 14:19:15.683837
41,143824,6.7,1,43,9,18774,20860,Female,Tier 3,Store,0,2026-03-05 14:19:15.683837
26,44605,5.9,1,20,19,57126,110059,Female,Tier 3,Store,0,2026-03-05 14:19:15.683837
52,125879,6.8,6,9,9,116707,111749,Male,Tier 2,Store,0,2026-03-05 14:19:15.683837
68,199277,7.0,5,22,12,129078,94920,Other,Tier 3,Store,0,2026-03-05 14:19:15.683837
37,183641,7.3,7,4,9,92981,4086,Female,Tier 3,Online,1,2026-03-05 14:19:15.683837
54,135827,8.9,5,48,18,125251,124080,Male,Tier 2,Store,0,2026-03-05 14:19:15.683837
59,20580,6.4,9,5,13,107377,40751,Female,Tier 3,Store,0,2026-03-05 14:19:15.683837
34,129902,3.8,1,21,10,64738,108997,Male,Tier 3,Store,0,2026-03-05 14:19:15.683837
64,20400,6.3,9,27,19,132948,126613,Male,Tier 3,Store,0,2026-03-05 14:19:15.683837
48,185715,5.1,4,18,15,96522,35905,Other,Tier 3,Store,0,2026-03-05 14:19:15.683837
72,242257,5.1,10,48,2,117330,44376,Female,Tier 2,Store,0,2026-03-05 14:19:15.683837
74,111032,5.4,7,13,12,144709,33757,Other,Tier 3,Store,0,2026-03-05 14:19:15.683837
25,142319,4.2,2,47,13,47559,55617,Female,Tier 1,Store,0,2026-03-05 14:19:15.683837
32,232245,1.2,3,6,8,113019,69706,Male,Tier 2,Store,0,2026-03-05 14:19:15.683837
48,121960,9.0,4,14,3,16977,58559,Female,Tier 2,Store,0,2026-03-05 14:19:15.683837
70,54015,5.0,5,31,13,149721,7136,Female,Tier 1,Online,1,2026-03-05 14:19:15.683837
47,86713,2.6,2,21,10,126353,119730,Other,Tier 3,Store,0,2026-03-05 14:19:15.683837
63,218877,6.4,7,45,11,18567,3307,Female,Tier 1,Online,1,2026-03-05 14:19:15.683837
37,161046,7.2,6,20,16,108093,53422,Female,Tier 1,Store,0,2026-03-05 14:19:15.683837
77,160109,5.6,9,18,15,79989,75623,Male,Tier 2,Store,0,2026-03-05 14:19:15.683837
56,230364,3.4,7,12,0,73760,30013,Male,Tier 2,Store,0,2026-03-05 14:19:15.683837
70,162239,3.2,10,21,15,44967,43084,Male,Tier 1,Store,0,2026-03-05 14:19:15.683837
72,103754,10.6,10,9,17,86944,61382,Other,Tier 2,Store,0,2026-03-05 14:19:15.683837
29,236775,3.2,2,45,10,138226,55729,Female,Tier 3,Store,0,2026-03-05 14:19:15.683837
66,58148,2.7,3,45,1,131314,40712,Male,Tier 1,Store,0,2026-03-05 14:19:15.683837
34,218225,5.4,3,43,15,127108,109212,Other,Tier 1,Store,0,2026-03-05 14:19:15.683837
59,167606,7.6,8,23,15,1323,119642,Male,Tier 1,Store,0,2026-03-05 14:19:15.683837
47,237067,9.3,8,7,3,26260,93100,Male,Tier 3,Store,0,2026-03-05 14:19:15.683837
46,137790,5.6,3,7,0,27979,113435,Male,Tier 1,Store,0,2026-03-05 14:19:15.683837
36,101078,5.5,8,48,10,108586,122237,Other,Tier 2,Store,0,2026-03-05 14:19:15.683837
63,71879,3.4,5,48,6,112118,51761,Male,Tier 1,Store,0,2026-03-05 14:19:15.683837
28,134894,8.2,4,38,5,108458,82411,Female,Tier 1,Store,0,2026-03-05 14:19:15.683837
51,80839,5.9,4,49,5,139397,90801,Female,Tier 3,Store,0,2026-03-05 14:19:15.683837
67,44756,5.9,4,18,19,22013,98870,Male,Tier 2,Store,0,2026-03-05 14:19:15.683837
24,158755,6.9,1,41,17,50195,25814,Female,Tier 1,Store,0,2026-03-05 14:19:15.683837
61,195557,6.6,7,17,7,70598,92061,Other,Tier 1,Store,0,2026-03-05 14:19:15.683837
75,244303,5.7,10,32,5,119578,143829,Female,Tier 3,Store,0,2026-03-05 14:19:15.683837
51,157097,8.6,10,47,7,43053,51380,Other,Tier 3,Store,0,2026-03-05 14:19:15.683837
76,232498,2.8,4,36,2,33735,102766,Female,Tier 1,Store,0,2026-03-05 14:19:15.683837
37,164787,6.4,2,28,3,94813,131510,Male,Tier 3,Store,0,2026-03-05 14:19:15.683837
67,216169,6.8,1,31,5,75179,144417,Female,Tier 1,Store,0,2026-03-05 14:19:15.683837
55,244455,5.2,3,7,16,97915,107089,Male,Tier 2,Store,0,2026-03-05 14:19:15.683837
41,248139,7.2,1,31,0,4796,76087,Other,Tier 1,Store,0,2026-03-05 14:19:15.683837
27,107943,7.3,5,11,14,56439,75879,Male,Tier 3,Store,0,2026-03-05 14:19:15.683837
49,233188,8.2,6,21,14,147451,74541,Other,Tier 2,Store,0,2026-03-05 14:19:15.683837
69,221777,5.8,6,19,11,39702,86946,Female,Tier 2,Store,0,2026-03-05 14:19:15.683837
32,163188,5.6,6,44,5,28173,51345,Female,Tier 1,Store,0,2026-03-05 14:19:15.683837
54,51744,7.1,7,25,19,59251,909,Female,Tier 2,Online,1,2026-03-05 14:19:15.683837
37,139697,5.6,1,16,4,75661,30254,Male,Tier 3,Store,0,2026-03-05 14:19:15.683837
20,233651,3.0,4,41,6,7566,58353,Other,Tier 1,Store,0,2026-03-05 14:19:15.683837
54,131072,7.7,10,33,7,100805,141763,Male,Tier 3,Store,0,2026-03-05 14:19:15.683837
79,148196,2.3,10,30,9,144490,28361,Male,Tier 1,Hybrid,0,2026-03-05 14:19:15.683837
74,184123,6.8,9,17,6,138159,94931,Other,Tier 1,Store,0,2026-03-05 14:19:15.683837
57,22176,11.1,10,2,6,48648,127841,Male,Tier 2,Store,0,2026-03-05 14:19:15.683837
25,106310,7.1,2,17,13,123944,72286,Female,Tier 1,Store,0,2026-03-05 14:19:15.683837
57,210890,4.6,8,19,3,92840,45964,Female,Tier 2,Store,0,2026-03-05 14:19:15.683837
61,164748,5.1,7,20,9,129731,59947,Other,Tier 3,Store,0,2026-03-05 14:19:15.683837
73,60177,6.7,7,34,12,3092,14249,Female,Tier 2,Online,1,2026-03-05 14:19:15.683837
40,236368,6.0,3,41,6,6639,83905,Male,Tier 1,Store,0,2026-03-05 14:19:15.683837
57,125623,7.5,2,42,2,18593,75816,Female,Tier 2,Store,0,2026-03-05 14:19:15.683837
28,15997,8.9,2,29,4,8616,40347,Other,Tier 1,Store,0,2026-03-05 14:19:15.683837
63,205402,8.6,3,35,17,53559,19976,Other,Tier 1,Store,0,2026-03-05 14:19:15.683837
25,189841,3.7,3,3,6,32805,90970,Female,Tier 3,Store,0,2026-03-05 14:19:15.683837
46,249040,6.0,10,14,5,9863,84320,Female,Tier 2,Store,0,2026-03-05 14:19:15.683837
47,135179,7.0,2,47,7,17033,52154,Other,Tier 2,Store,0,2026-03-05 14:19:15.683837
73,224725,9.0,7,6,6,27372,33330,Male,Tier 2,Store,0,2026-03-05 14:19:15.683837
77,135403,6.7,2,31,19,102176,58322,Female,Tier 3,Store,0,2026-03-05 14:19:15.683837
27,157303,4.6,6,32,10,60152,23261,Other,Tier 3,Store,0,2026-03-05 14:19:15.683837
56,110287,6.9,5,12,9,15863,16086,Other,Tier 3,Online,1,2026-03-05 14:19:15.683837
45,134574,9.6,7,16,5,51842,104815,Other,Tier 3,Store,0,2026-03-05 14:19:15.683837
66,219048,5.5,7,39,17,57428,27344,Male,Tier 3,Store,0,2026-03-05 14:19:15.683837
53,136509,4.6,8,37,5,7510,31647,Other,Tier 2,Hybrid,0,2026-03-05 14:19:15.683837
78,100447,5.9,4,5,9,90328,4765,Female,Tier 1,Online,1,2026-03-05 14:19:15.683837
30,124522,4.7,10,49,8,37459,88474,Female,Tier 1,Store,0,2026-03-05 14:19:15.683837
49,202037,7.7,5,3,7,75332,127789,Other,Tier 3,Store,0,2026-03-05 14:19:15.683837
53,96144,4.7,10,14,11,140066,2216,Other,Tier 3,Online,1,2026-03-05 14:19:15.683837
54,241273,8.6,4,7,9,53325,58169,Other,Tier 2,Store,0,2026-03-05 14:19:15.683837
43,207589,7.0,7,33,11,41420,20564,Other,Tier 1,Store,0,2026-03-05 14:19:15.683837
39,107693,7.4,3,29,17,30699,84643,Female,Tier 1,Store,0,2026-03-05 14:19:15.683837
21,109315,7.4,10,22,18,996,135139,Female,Tier 2,Store,0,2026-03-05 14:19:15.683837
48,241576,7.7,2,8,13,123429,70303,Other,Tier 3,Store,0,2026-03-05 14:19:15.683837
35,42387,5.4,4,23,12,93206,12237,Female,Tier 1,Online,1,2026-03-05 14:19:15.683837
55,19090,4.0,5,43,6,24440,108575,Female,Tier 3,Store,0,2026-03-05 14:19:15.683837
41,135846,5.0,1,7,7,137376,77690,Male,Tier 3,Store,0,2026-03-05 14:19:15.683837
73,171017,7.9,3,49,14,83225,128231,Male,Tier 2,Store,0,2026-03-05 14:19:15.683837
40,55239,2.5,8,5,8,112529,102680,Male,Tier 2,Store,0,2026-03-05 14:19:15.683837
39,18743,2.0,5,24,2,58242,46773,Other,Tier 3,Store,0,2026-03-05 14:19:15.683837
19,45924,6.4,1,12,4,84806,49632,Male,Tier 2,Store,0,2026-03-05 14:19:15.683837
48,156268,7.7,4,33,3,106073,83100,Female,Tier 2,Store,0,2026-03-05 14:19:15.683837
72,145160,8.0,8,24,19,105181,29011,Other,Tier 1,Store,0,2026-03-05 14:19:15.683837
28,106815,4.1,8,17,19,103507,82896,Other,Tier 2,Store,0,2026-03-05 14:19:15.683837
45,120312,3.6,2,8,5,38599,72955,Male,Tier 2,Store,0,2026-03-05 14:19:15.683837
63,83860,4.6,9,32,7,39751,33822,Female,Tier 2,Store,0,2026-03-05 14:19:15.683837
49,187472,5.2,10,5,2,23396,146881,Female,Tier 2,Store,0,2026-03-05 14:19:15.683837
79,231249,5.3,1,13,3,28237,88617,Other,Tier 1,Store,0,2026-03-05 14:19:15.683837
22,239090,6.2,10,5,16,70947,130041,Male,Tier 3,Store,0,2026-03-05 14:19:15.683837
55,244602,8.8,8,17,16,86609,28966,Other,Tier 1,Store,0,2026-03-05 14:19:15.683837
27,95399,5.9,8,42,4,41719,79232,Other,Tier 2,Store,0,2026-03-05 14:19:15.683837
57,63795,7.9,6,38,16,53833,37823,Female,Tier 1,Store,0,2026-03-05 14:19:15.683837
63,66553,7.3,1,25,11,64863,63502,Other,Tier 2,Store,0,2026-03-05 14:19:15.683837
41,249094,4.6,9,35,2,14207,14613,Other,Tier 1,Online,1,2026-03-05 14:19:15.683837
52,118976,7.3,10,35,1,13652,102031,Male,Tier 2,Store,0,2026-03-05 14:19:15.683837
61,170183,7.1,3,10,10,42163,149270,Other,Tier 1,Store,0,2026-03-05 14:19:15.683837
65,128566,6.0,1,17,5,20599,125042,Male,Tier 3,Store,0,2026-03-05 14:19:15.683837
77,209155,6.3,7,14,16,8371,97726,Male,Tier 3,Store,0,2026-03-05 14:19:15.683837
79,134968,5.9,10,29,18,44143,36597,Female,Tier 2,Store,0,2026-03-05 14:19:15.683837
40,76600,3.8,5,40,12,126834,48974,Other,Tier 1,Store,0,2026-03-05 14:19:15.683837
34,65022,10.7,2,24,4,143547,96925,Other,Tier 3,Store,0,2026-03-05 14:19:15.683837
18,149271,8.1,1,15,4,69128,126345,Male,Tier 3,Store,0,2026-03-05 14:19:15.683837
72,65897,7.1,6,11,18,94408,5293,Male,Tier 3,Store,0,2026-03-05 14:19:15.683837
48,53038,5.2,1,13,14,132267,9495,Female,Tier 1,Store,0,2026-03-05 14:19:15.683837
48,138323,5.8,6,46,3,3678,123986,Female,Tier 2,Store,0,2026-03-05 14:19:15.683837
59,201110,3.7,1,12,5,144305,36845,Male,Tier 3,Store,0,2026-03-05 14:19:15.683837
74,135278,6.9,7,38,2,33852,70275,Other,Tier 1,Store,0,2026-03-05 14:19:15.683837
72,126054,6.7,7,29,10,36826,99047,Female,Tier 1,Store,0,2026-03-05 14:19:15.683837
59,22897,5.6,10,35,18,10691,128820,Other,Tier 3,Store,0,2026-03-05 14:19:15.683837
70,79541,6.1,4,45,3,96061,86070,Other,Tier 3,Store,0,2026-03-05 14:19:15.683837
73,121968,5.4,7,15,6,119164,137585,Male,Tier 1,Store,0,2026-03-05 14:19:15.683837
51,29892,5.0,8,0,2,117187,10848,Male,Tier 3,Online,1,2026-03-05 14:19:15.683837
26,154343,4.4,8,40,4,68223,25750,Male,Tier 3,Online,1,2026-03-05 14:19:15.683837
39,249534,4.0,3,28,15,145949,114511,Other,Tier 1,Store,0,2026-03-05 14:19:15.683837
30,39815,4.6,8,26,18,112584,84092,Female,Tier 2,Store,0,2026-03-05 14:19:15.683837
42,60612,4.7,3,12,17,61582,89738,Male,Tier 3,Store,0,2026-03-05 14:19:15.683837
65,179429,8.2,5,16,2,135981,93992,Female,Tier 3,Store,0,2026-03-05 14:19:15.683837
35,221160,4.8,1,27,4,97962,74916,Other,Tier 1,Store,0,2026-03-05 14:19:15.683837
68,31267,1.9,7,19,6,114639,141721,Other,Tier 3,Store,0,2026-03-05 14:19:15.683837
29,33268,6.6,10,4,6,132395,53622,Other,Tier 2,Store,0,2026-03-05 14:19:15.683837
57,129463,7.2,8,23,2,51338,107102,Female,Tier 3,Store,0,2026-03-05 14:19:15.683837
34,160335,7.9,4,8,8,56009,15250,Other,Tier 1,Store,0,2026-03-05 14:19:15.683837
32,217007,6.3,7,32,7,12011,101281,Other,Tier 2,Store,0,2026-03-05 14:19:15.683837
59,110347,3.7,7,33,17,103296,77794,Female,Tier 2,Store,0,2026-03-05 14:19:15.683837
32,205732,4.4,6,45,9,110236,111362,Female,Tier 3,Store,0,2026-03-05 14:19:15.683837
32,211599,7.2,5,26,19,44114,48452,Male,Tier 1,Store,0,2026-03-05 14:19:15.683837
72,209451,8.9,10,36,7,20939,88541,Female,Tier 3,Store,0,2026-03-05 14:19:15.683837
56,109542,3.7,4,32,7,132996,116996,Female,Tier 3,Store,0,2026-03-05 14:19:15.683837
30,187343,6.4,5,47,16,83611,128013,Female,Tier 2,Store,0,2026-03-05 14:19:15.683837
34,81612,4.9,7,37,16,20709,131137,Other,Tier 1,Store,0,2026-03-05 14:19:15.683837
49,153307,4.4,8,28,3,61443,130592,Other,Tier 1,Store,0,2026-03-05 14:19:15.683837
26,103757,6.1,4,37,5,104624,139657,Male,Tier 2,Store,0,2026-03-05 14:19:15.683837
57,162489,5.7,5,34,18,67265,50870,Female,Tier 2,Store,0,2026-03-05 14:19:15.683837
37,113075,2.0,6,19,0,4020,138946,Male,Tier 2,Store,0,2026-03-05 14:19:15.683837
43,49609,6.4,9,18,3,16774,35347,Female,Tier 3,Store,0,2026-03-05 14:19:15.683837
44,117785,6.7,10,4,10,66924,3375,Other,Tier 1,Online,1,2026-03-05 14:19:15.683837
38,179974,7.5,6,24,5,5918,54161,Female,Tier 3,Store,0,2026-03-05 14:19:15.683837
35,38645,4.9,7,28,11,42009,88020,Other,Tier 3,Store,0,2026-03-05 14:19:15.683837
30,208945,2.8,8,25,4,89611,141435,Female,Tier 1,Store,0,2026-03-05 14:19:15.683837
33,233290,5.2,3,45,13,67039,121817,Other,Tier 3,Store,0,2026-03-05 14:19:15.683837
26,210630,7.4,5,1,16,108516,148086,Other,Tier 2,Store,0,2026-03-05 14:19:15.683837
29,77233,5.8,4,14,3,44468,50503,Female,Tier 3,Store,0,2026-03-05 14:19:15.683837
61,126443,7.7,1,44,14,148004,104481,Male,Tier 2,Store,0,2026-03-05 14:19:15.683837
55,169473,3.4,4,5,5,46443,39070,Male,Tier 3,Store,0,2026-03-05 14:19:15.683837
36,22771,7.6,2,0,12,37725,60472,Other,Tier 3,Store,0,2026-03-05 14:19:15.683837
77,187407,6.5,4,8,11,67418,3509,Other,Tier 2,Store,0,2026-03-05 14:19:15.683837
24,220523,5.3,2,42,9,76963,113357,Male,Tier 3,Store,0,2026-03-05 14:19:15.683837
74,225506,8.1,4,15,5,126554,40067,Male,Tier 1,Store,0,2026-03-05 14:19:15.683837
52,213521,6.5,4,13,8,51584,67825,Other,Tier 1,Store,0,2026-03-05 14:19:15.683837
65,117601,4.0,3,9,15,48727,81008,Female,Tier 1,Store,0,2026-03-05 14:19:15.683837
35,238676,8.0,5,18,7,50338,141220,Female,Tier 3,Store,0,2026-03-05 14:19:15.683837
33,148014,5.5,9,7,6,35848,80467,Other,Tier 2,Store,0,2026-03-05 14:19:15.683837
72,166460,6.1,1,47,13,73067,99804,Male,Tier 1,Store,0,2026-03-05 14:19:15.683837
56,140224,4.3,7,11,3,138435,90719,Male,Tier 2,Store,0,2026-03-05 14:19:15.683837
21,98251,5.9,10,5,2,31341,778,Other,Tier 1,Online,1,2026-03-05 14:19:15.683837
76,72042,4.1,1,34,2,37708,74183,Female,Tier 1,Store,0,2026-03-05 14:19:15.683837
42,68740,5.7,10,5,18,135613,20084,Female,Tier 1,Store,0,2026-03-05 14:19:15.683837
49,211945,6.1,1,5,9,61324,15468,Other,Tier 3,Store,0,2026-03-05 14:19:15.683837
79,62024,7.2,2,34,13,92646,60054,Other,Tier 1,Store,0,2026-03-05 14:19:15.683837
57,169522,3.2,10,43,5,43791,66128,Female,Tier 1,Store,0,2026-03-05 14:19:15.683837
30,71965,8.0,6,10,11,53607,82441,Female,Tier 2,Store,0,2026-03-05 14:19:15.683837
62,25057,8.1,9,37,11,21825,116401,Male,Tier 2,Store,0,2026-03-05 14:19:15.683837
34,239321,5.6,3,26,3,62200,63049,Male,Tier 2,Store,0,2026-03-05 14:19:15.683837
66,23983,6.3,5,25,9,77529,133758,Male,Tier 2,Store,0,2026-03-05 14:19:15.683837
54,145469,6.6,8,27,11,103869,42056,Other,Tier 2,Store,0,2026-03-05 14:19:15.683837
23,34995,6.2,10,7,16,50109,43112,Female,Tier 1,Store,0,2026-03-05 14:19:15.683837
36,129587,7.2,6,24,6,15508,11616,Female,Tier 3,Hybrid,0,2026-03-05 14:19:15.683837
30,248076,5.2,3,18,9,83235,44350,Male,Tier 1,Store,0,2026-03-05 14:19:15.683837
74,237700,4.5,2,15,0,52302,33830,Male,Tier 1,Store,0,2026-03-05 14:19:15.683837
77,223753,6.9,3,49,18,82678,90846,Female,Tier 2,Store,0,2026-03-05 14:19:15.683837
43,53886,2.9,6,25,19,59314,122006,Female,Tier 3,Store,0,2026-03-05 14:19:15.683837
31,104025,7.2,5,43,4,131001,14975,Female,Tier 3,Online,1,2026-03-05 14:19:15.683837
48,242644,7.4,8,14,5,23454,68814,Other,Tier 2,Store,0,2026-03-05 14:19:15.683837
71,110149,4.4,10,38,0,68678,90456,Male,Tier 1,Store,0,2026-03-05 14:19:15.683837
21,109020,8.8,2,11,14,10186,5712,Male,Tier 1,Store,0,2026-03-05 14:19:15.683837
77,17673,5.3,2,23,1,62327,103811,Male,Tier 2,Store,0,2026-03-05 14:19:15.683837
56,180962,5.1,4,12,17,9744,89637,Other,Tier 2,Store,0,2026-03-05 14:19:15.683837
25,92513,4.7,9,16,12,6994,19881,Female,Tier 3,Hybrid,0,2026-03-05 14:19:15.683837
42,38466,6.9,5,12,1,145736,90214,Female,Tier 3,Store,0,2026-03-05 14:19:15.683837
30,107545,5.2,7,16,7,106149,30144,Other,Tier 3,Store,0,2026-03-05 14:19:15.683837
49,65406,3.1,7,42,4,89277,141114,Other,Tier 3,Store,0,2026-03-05 14:19:15.683837
76,149760,6.7,6,0,14,124184,124625,Male,Tier 3,Store,0,2026-03-05 14:19:15.683837
55,84284,5.4,6,10,12,3069,139928,Male,Tier 1,Store,0,2026-03-05 14:19:15.683837
55,129579,8.2,9,19,16,3287,49562,Male,Tier 3,Store,0,2026-03-05 14:19:15.683837
73,28665,6.6,4,30,3,137679,40593,Male,Tier 3,Store,0,2026-03-05 14:19:15.683837
45,248506,6.5,2,43,6,25773,39841,Male,Tier 2,Store,0,2026-03-05 14:19:15.683837
70,35641,8.0,7,34,1,81579,131135,Female,Tier 2,Store,0,2026-03-05 14:19:15.683837
47,178572,6.3,6,38,8,20001,144865,Male,Tier 2,Store,0,2026-03-05 14:19:15.683837
20,50797,7.6,4,5,1,56719,119818,Female,Tier 1,Store,0,2026-03-05 14:19:15.683837
45,230838,4.7,1,34,16,131196,84355,Other,Tier 2,Store,0,2026-03-05 14:19:15.683837
20,60950,9.3,4,27,17,45523,147763,Female,Tier 1,Store,0,2026-03-05 14:19:15.683837
62,171118,6.6,6,40,5,133324,39852,Male,Tier 2,Store,0,2026-03-05 14:19:15.683837
71,144554,3.6,3,43,17,90921,95568,Male,Tier 1,Store,0,2026-03-05 14:19:15.683837
51,117339,6.3,1,0,5,68639,1880,Male,Tier 1,Online,1,2026-03-05 14:19:15.683837
33,128431,6.4,2,15,1,64877,80022,Other,Tier 1,Store,0,2026-03-05 14:19:15.683837
39,247275,6.2,6,48,1,120048,31788,Male,Tier 2,Store,0,2026-03-05 14:19:15.683837
49,155710,1.4,1,44,5,45467,112810,Female,Tier 1,Store,0,2026-03-05 14:19:15.683837
78,232435,4.9,6,11,8,124736,67320,Male,Tier 2,Store,0,2026-03-05 14:19:15.683837
55,36173,3.2,1,27,3,4468,138255,Male,Tier 3,Store,0,2026-03-05 14:19:15.683837
25,159294,3.3,1,14,9,12144,39939,Female,Tier 3,Store,0,2026-03-05 14:19:15.683837
72,196136,6.3,6,7,19,88643,139002,Male,Tier 3,Store,0,2026-03-05 14:19:15.683837
25,183082,4.9,1,3,1,50965,113048,Male,Tier 3,Store,0,2026-03-05 14:19:15.683837
79,33095,5.3,9,30,12,24568,42116,Other,Tier 1,Store,0,2026-03-05 14:19:15.683837
74,138554,4.2,2,45,3,49637,13554,Female,Tier 2,Online,1,2026-03-05 14:19:15.683837
23,147511,8.8,9,29,10,141124,113246,Male,Tier 2,Store,0,2026-03-05 14:19:15.683837
31,140614,6.1,5,34,9,72396,117477,Other,Tier 1,Store,0,2026-03-05 14:19:15.683837
49,249989,3.0,5,5,12,102363,31524,Female,Tier 2,Store,0,2026-03-05 14:19:15.683837
52,231622,7.3,10,37,6,103177,87367,Male,Tier 3,Store,0,2026-03-05 14:19:15.683837
27,151447,5.3,8,20,3,4129,11997,Male,Tier 2,Hybrid,0,2026-03-05 14:19:15.683837
20,104023,8.4,1,29,4,114076,116147,Other,Tier 3,Store,0,2026-03-05 14:19:15.683837
76,122181,6.0,9,15,6,6084,20465,Other,Tier 3,Online,1,2026-03-05 14:19:15.683837
29,237310,4.6,1,7,10,18081,98400,Other,Tier 3,Store,0,2026-03-05 14:19:15.683837
66,35600,4.9,5,26,2,142199,99880,Male,Tier 3,Store,0,2026-03-05 14:19:15.683837
76,17466,5.2,8,32,12,149037,103961,Other,Tier 3,Store,0,2026-03-05 14:19:15.683837
48,191169,7.0,1,42,2,127770,122121,Male,Tier 3,Store,0,2026-03-05 14:19:15.683837
46,124934,4.4,5,11,4,105089,126850,Female,Tier 3,Store,0,2026-03-05 14:19:15.683837
22,68276,8.5,3,42,13,5742,127191,Other,Tier 3,Store,0,2026-03-05 14:19:15.683837
79,196189,6.7,8,44,19,7521,127795,Female,Tier 1,Store,0,2026-03-05 14:19:15.683837
69,193043,6.4,3,41,4,144738,15828,Male,Tier 3,Online,1,2026-03-05 14:19:15.683837
42,21928,6.1,8,22,16,32654,137795,Male,Tier 3,Store,0,2026-03-05 14:19:15.683837
58,234088,6.0,2,45,13,3017,110757,Other,Tier 3,Store,0,2026-03-05 14:19:15.683837
48,70309,3.5,10,38,15,36914,11046,Male,Tier 2,Online,1,2026-03-05 14:19:15.683837
79,220719,6.6,3,45,19,116161,141742,Male,Tier 3,Store,0,2026-03-05 14:19:15.683837
38,186960,9.9,1,0,5,142826,47310,Male,Tier 1,Store,0,2026-03-05 14:19:15.683837
75,241097,7.4,1,6,4,124960,81786,Other,Tier 3,Store,0,2026-03-05 14:19:15.683837
37,189904,6.9,4,35,17,140697,72862,Other,Tier 1,Store,0,2026-03-05 14:19:15.683837
56,131196,2.9,5,24,17,8310,14997,Female,Tier 1,Store,0,2026-03-05 14:19:15.683837
39,24404,8.2,3,20,14,122859,122970,Other,Tier 3,Store,0,2026-03-05 14:19:15.683837
21,179711,7.6,2,36,18,115738,51851,Other,Tier 1,Store,0,2026-03-05 14:19:15.683837
30,224190,8.3,1,11,3,149305,149197,Other,Tier 3,Store,0,2026-03-05 14:19:15.683837
62,206670,4.2,3,31,5,131018,132297,Male,Tier 2,Store,0,2026-03-05 14:19:15.683837
59,212471,5.2,1,48,8,66312,49847,Female,Tier 3,Store,0,2026-03-05 14:19:15.683837
67,128187,3.0,10,37,8,117048,142919,Other,Tier 3,Store,0,2026-03-05 14:19:15.683837
66,125449,2.9,10,15,18,144753,118192,Other,Tier 2,Store,0,2026-03-05 14:19:15.683837
37,42684,4.8,6,0,16,61216,23767,Other,Tier 2,Store,0,2026-03-05 14:19:15.683837
69,83591,6.9,3,43,19,108259,90726,Female,Tier 2,Store,0,2026-03-05 14:19:15.683837
30,134821,5.2,4,25,13,147970,26871,Other,Tier 2,Store,0,2026-03-05 14:19:15.683837
34,223794,4.7,8,13,7,149024,147897,Male,Tier 3,Store,0,2026-03-05 14:19:15.683837
71,17682,6.7,10,5,8,137317,81317,Other,Tier 2,Store,0,2026-03-05 14:19:15.683837
53,126186,1.0,5,40,1,56597,26047,Female,Tier 3,Online,1,2026-03-05 14:19:15.683837
50,184118,4.9,5,19,7,96888,69707,Female,Tier 1,Store,0,2026-03-05 14:19:15.683837
18,36832,6.7,8,2,8,146550,24774,Male,Tier 2,Store,0,2026-03-05 14:19:15.683837
32,31997,5.2,10,42,12,18502,8247,Male,Tier 3,Online,1,2026-03-05 14:19:15.683837
30,49640,8.6,10,11,9,77510,138935,Female,Tier 2,Store,0,2026-03-05 14:19:15.683837
34,222954,4.7,10,32,12,107579,109895,Male,Tier 2,Store,0,2026-03-05 14:19:15.683837
41,55491,4.8,4,48,4,44343,88630,Male,Tier 3,Store,0,2026-03-05 14:19:15.683837
75,78043,4.0,8,49,14,91015,92239,Male,Tier 1,Store,0,2026-03-05 14:19:15.683837
25,127175,4.5,10,44,19,9192,144937,Male,Tier 1,Store,0,2026-03-05 14:19:15.683837
67,143568,6.6,5,0,6,139502,68184,Male,Tier 1,Store,0,2026-03-05 14:19:15.683837
44,129250,7.6,6,18,11,46955,109233,Male,Tier 2,Store,0,2026-03-05 14:19:15.683837
62,87725,10.3,1,1,19,81559,122900,Other,Tier 1,Store,0,2026-03-05 14:19:15.683837
40,143131,7.2,9,22,15,98617,92469,Other,Tier 3,Store,0,2026-03-05 14:19:15.683837
63,60520,3.6,4,44,1,127729,50449,Male,Tier 2,Store,0,2026-03-05 14:19:15.683837
25,77919,8.5,1,7,9,145913,121617,Female,Tier 3,Store,0,2026-03-05 14:19:15.683837
25,124869,7.0,7,33,8,124471,121805,Other,Tier 1,Store,0,2026-03-05 14:19:15.683837
76,79442,6.1,10,3,19,17505,139046,Female,Tier 1,Store,0,2026-03-05 14:19:15.683837
43,167842,8.1,4,7,2,62765,140629,Other,Tier 3,Store,0,2026-03-05 14:19:15.683837
64,120246,10.7,5,26,10,83623,11364,Male,Tier 1,Online,1,2026-03-05 14:19:15.683837
76,193570,5.6,7,25,9,116358,127725,Male,Tier 3,Store,0,2026-03-05 14:19:15.683837
30,124687,4.3,7,32,12,67077,18401,Male,Tier 2,Online,1,2026-03-05 14:19:15.683837
56,138447,8.7,9,42,1,93165,36070,Other,Tier 1,Store,0,2026-03-05 14:19:15.683837
54,76477,11.3,9,39,15,137657,27352,Male,Tier 1,Online,1,2026-03-05 14:19:15.683837
66,15244,6.3,7,44,7,78305,11559,Male,Tier 2,Online,1,2026-03-05 14:19:15.683837
45,178860,6.1,10,47,19,136978,126670,Other,Tier 2,Store,0,2026-03-05 14:19:15.683837
42,241413,6.3,9,39,9,131577,76451,Other,Tier 3,Store,0,2026-03-05 14:19:15.683837
78,94453,6.9,5,49,16,26136,130421,Other,Tier 2,Store,0,2026-03-05 14:19:15.683837
33,203809,3.2,2,2,17,119341,139900,Other,Tier 2,Store,0,2026-03-05 14:19:15.683837
72,192561,6.6,9,8,19,26334,92874,Other,Tier 3,Store,0,2026-03-05 14:19:15.683837
19,142962,6.5,6,9,9,30666,129995,Male,Tier 2,Store,0,2026-03-05 14:19:15.683837
71,86303,6.4,6,28,1,60191,38913,Female,Tier 1,Store,0,2026-03-05 14:19:15.683837
35,43390,6.3,9,20,1,63512,106632,Male,Tier 3,Store,0,2026-03-05 14:19:15.683837
34,25247,6.2,1,41,9,64843,87535,Male,Tier 3,Store,0,2026-03-05 14:19:15.683837
47,215123,1.8,2,49,1,51534,28529,Male,Tier 1,Hybrid,0,2026-03-05 14:19:15.683837
56,205791,4.6,3,17,13,95314,104090,Male,Tier 3,Store,0,2026-03-05 14:19:15.683837
30,180750,7.7,1,16,18,65169,32343,Female,Tier 3,Store,0,2026-03-05 14:19:15.683837
49,233874,8.2,4,20,8,30772,47017,Female,Tier 1,Store,0,2026-03-05 14:19:15.683837
67,222358,5.2,2,2,15,51467,10410,Male,Tier 2,Store,0,2026-03-05 14:19:15.683837
46,44583,4.1,3,26,2,98408,71092,Male,Tier 2,Store,0,2026-03-05 14:19:15.683837
63,154148,7.4,8,31,10,26110,73965,Other,Tier 1,Store,0,2026-03-05 14:19:15.683837
47,164078,6.5,4,41,11,60889,118373,Other,Tier 1,Store,0,2026-03-05 14:19:15.683837
35,161123,5.8,9,28,6,64037,22509,Female,Tier 2,Store,0,2026-03-05 14:19:15.683837
30,150386,7.7,6,46,4,18449,90158,Other,Tier 2,Store,0,2026-03-05 14:19:15.683837
60,43670,3.6,1,28,19,25698,53541,Female,Tier 2,Store,0,2026-03-05 14:19:15.683837
38,246829,8.3,6,25,1,110389,48566,Other,Tier 3,Store,0,2026-03-05 14:19:15.683837
47,213623,3.0,7,8,3,26952,6887,Female,Tier 2,Online,1,2026-03-05 14:19:15.683837
38,139920,4.3,4,26,16,13995,48945,Male,Tier 1,Store,0,2026-03-05 14:19:15.683837
65,25236,3.9,8,11,17,128564,27201,Female,Tier 1,Store,0,2026-03-05 14:19:15.683837
72,50568,4.8,10,15,1,47866,132284,Female,Tier 3,Store,0,2026-03-05 14:19:15.683837
34,206386,6.6,3,46,8,137826,62377,Other,Tier 2,Store,0,2026-03-05 14:19:15.683837
57,122327,7.4,7,1,17,114638,26859,Other,Tier 2,Store,0,2026-03-05 14:19:15.683837
36,125188,5.8,7,38,11,136004,107426,Female,Tier 3,Store,0,2026-03-05 14:19:15.683837
69,237975,3.4,4,26,9,47254,132108,Other,Tier 3,Store,0,2026-03-05 14:19:15.683837
32,31352,2.0,1,8,6,18819,32435,Male,Tier 2,Store,0,2026-03-05 14:19:15.683837
26,140721,7.7,10,45,2,135974,109458,Male,Tier 3,Store,0,2026-03-05 14:19:15.683837
69,191722,7.4,10,1,17,81064,119102,Female,Tier 3,Store,0,2026-03-05 14:19:15.683837
27,156418,8.1,6,41,1,27455,78101,Other,Tier 1,Store,0,2026-03-05 14:19:15.683837
61,171228,5.7,10,6,2,126663,31487,Other,Tier 2,Store,0,2026-03-05 14:19:15.683837
48,70904,7.3,7,7,14,70330,6990,Female,Tier 1,Online,1,2026-03-05 14:19:15.683837
70,160107,4.7,3,37,8,125098,32526,Male,Tier 2,Store,0,2026-03-05 14:19:15.683837
40,137141,7.0,5,5,2,50072,84905,Other,Tier 3,Store,0,2026-03-05 14:19:15.683837
69,31108,5.0,8,18,5,116986,26347,Female,Tier 3,Store,0,2026-03-05 14:19:15.683837
47,17853,4.4,7,14,10,43124,26400,Female,Tier 1,Store,0,2026-03-05 14:19:15.683837
50,99156,6.5,2,44,1,3307,109959,Female,Tier 3,Store,0,2026-03-05 14:19:15.683837
74,19176,6.4,4,27,16,111324,52155,Other,Tier 2,Store,0,2026-03-05 14:19:15.683837
69,115459,7.8,7,29,2,27391,118564,Female,Tier 1,Store,0,2026-03-05 14:19:15.683837
26,171992,3.4,9,26,6,127572,141291,Female,Tier 1,Store,0,2026-03-05 14:19:15.683837
71,200922,7.9,7,9,9,3310,89600,Other,Tier 3,Store,0,2026-03-05 14:19:15.683837
64,152901,6.3,8,44,18,131330,128156,Male,Tier 1,Store,0,2026-03-05 14:19:15.683837
18,138225,8.1,10,30,2,65453,133871,Other,Tier 1,Store,0,2026-03-05 14:19:15.683837
61,246262,8.1,9,0,19,26051,4020,Female,Tier 1,Online,1,2026-03-05 14:19:15.683837
52,236738,1.1,1,49,0,41282,18799,Female,Tier 1,Store,0,2026-03-05 14:19:15.683837
28,133458,8.1,3,31,9,104560,21420,Male,Tier 2,Hybrid,0,2026-03-05 14:19:15.683837
51,125893,8.2,6,15,12,46514,113042,Female,Tier 2,Store,0,2026-03-05 14:19:15.683837
33,88927,3.5,8,5,7,138278,69058,Male,Tier 1,Store,0,2026-03-05 14:19:15.683837
26,230932,2.9,7,1,14,69983,115115,Male,Tier 2,Store,0,2026-03-05 14:19:15.683837
49,133178,7.5,6,41,0,81445,107819,Female,Tier 1,Store,0,2026-03-05 14:19:15.683837
32,55667,6.2,4,1,11,115774,47597,Male,Tier 2,Store,0,2026-03-05 14:19:15.683837
29,211914,4.7,8,2,2,120167,22618,Other,Tier 3,Store,0,2026-03-05 14:19:15.683837
50,181915,8.9,10,18,5,54380,53751,Female,Tier 2,Store,0,2026-03-05 14:19:15.683837
62,196880,6.6,4,3,9,16664,65409,Male,Tier 3,Store,0,2026-03-05 14:19:15.683837
31,176615,1.8,6,40,5,18652,32507,Male,Tier 1,Store,0,2026-03-05 14:19:15.683837
74,218852,4.0,3,42,16,107982,13415,Male,Tier 1,Online,1,2026-03-05 14:19:15.683837
74,21611,8.1,7,17,6,41539,73277,Female,Tier 2,Store,0,2026-03-05 14:19:15.683837
25,103242,6.1,6,17,13,147418,130517,Male,Tier 2,Store,0,2026-03-05 14:19:15.683837
25,99612,4.6,7,46,1,16656,112997,Other,Tier 1,Store,0,2026-03-05 14:19:15.683837
44,61902,6.9,5,45,13,96693,147331,Other,Tier 1,Store,0,2026-03-05 14:19:15.683837
79,48043,4.8,5,44,5,69881,63854,Male,Tier 1,Store,0,2026-03-05 14:19:15.683837
29,151343,3.5,2,45,0,29033,1501,Other,Tier 3,Online,1,2026-03-05 14:19:15.683837
18,87867,8.0,6,20,17,103677,78480,Other,Tier 2,Store,0,2026-03-05 14:19:15.683837
60,92089,8.3,1,20,5,44500,49064,Other,Tier 2,Store,0,2026-03-05 14:19:15.683837
57,73745,7.0,7,38,17,122949,9683,Male,Tier 2,Online,1,2026-03-05 14:19:15.683837
59,242948,2.9,3,29,3,127780,25861,Male,Tier 1,Store,0,2026-03-05 14:19:15.683837
79,208149,9.7,2,40,13,73347,73744,Male,Tier 2,Store,0,2026-03-05 14:19:15.683837
68,205191,9.6,7,16,2,95682,28293,Other,Tier 3,Store,0,2026-03-05 14:19:15.683837
28,157645,8.5,9,4,13,18817,4234,Female,Tier 2,Online,1,2026-03-05 14:19:15.683837
56,167481,6.6,1,4,4,137394,14936,Male,Tier 2,Store,0,2026-03-05 14:19:15.683837
60,100970,6.2,6,8,13,118779,116882,Female,Tier 3,Store,0,2026-03-05 14:19:15.683837
48,39464,6.9,8,10,18,88481,57707,Female,Tier 3,Store,0,2026-03-05 14:19:15.683837
34,188912,3.7,2,37,7,135238,25296,Female,Tier 2,Store,0,2026-03-05 14:19:15.683837
50,194857,4.9,5,47,4,22762,41071,Female,Tier 3,Store,0,2026-03-05 14:19:15.683837
49,133523,4.8,4,39,9,123189,3901,Male,Tier 1,Online,1,2026-03-05 14:19:15.683837
75,35662,7.2,10,13,12,34038,126244,Other,Tier 2,Store,0,2026-03-05 14:19:15.683837
46,33228,6.5,3,37,5,8159,20965,Other,Tier 1,Store,0,2026-03-05 14:19:15.683837
38,75721,4.1,10,5,19,131157,132491,Other,Tier 2,Store,0,2026-03-05 14:19:15.683837
38,195295,2.8,8,13,9,109426,109042,Male,Tier 1,Store,0,2026-03-05 14:19:15.683837
57,153458,6.7,2,7,12,42591,132921,Other,Tier 2,Store,0,2026-03-05 14:19:15.683837
40,21862,3.9,1,29,19,48920,70800,Female,Tier 2,Store,0,2026-03-05 14:19:15.683837
73,55108,3.5,1,0,9,101219,71305,Female,Tier 3,Store,0,2026-03-05 14:19:15.683837
23,106788,10.2,10,24,0,7316,52086,Female,Tier 1,Store,0,2026-03-05 14:19:15.683837
39,221095,10.6,5,12,3,112364,61080,Male,Tier 2,Store,0,2026-03-05 14:19:15.683837
67,95140,5.1,9,26,12,135456,60311,Other,Tier 1,Store,0,2026-03-05 14:19:15.683837
55,229035,2.4,4,24,5,123811,5764,Male,Tier 1,Online,1,2026-03-05 14:19:15.683837
54,173273,8.4,7,3,7,84019,127945,Male,Tier 1,Store,0,2026-03-05 14:19:15.683837
62,83578,6.7,2,46,8,5679,116381,Male,Tier 2,Store,0,2026-03-05 14:19:15.683837
68,64966,7.5,3,30,8,104366,102923,Female,Tier 2,Store,0,2026-03-05 14:19:15.683837
71,200846,4.7,10,48,13,31005,83147,Female,Tier 3,Store,0,2026-03-05 14:19:15.683837
25,25386,3.9,9,17,0,127320,121731,Male,Tier 3,Store,0,2026-03-05 14:19:15.683837
58,92228,5.5,5,16,4,86530,17252,Other,Tier 1,Online,1,2026-03-05 14:19:15.683837
66,161297,6.3,6,10,16,67366,67564,Male,Tier 1,Store,0,2026-03-05 14:19:15.683837
52,162765,4.5,3,11,5,48965,147351,Other,Tier 2,Store,0,2026-03-05 14:19:15.683837
68,87197,8.6,6,2,16,11632,3861,Male,Tier 1,Hybrid,0,2026-03-05 14:19:15.683837
28,58021,2.5,10,14,4,45763,53798,Female,Tier 2,Store,0,2026-03-05 14:19:15.683837
41,133915,6.8,8,5,1,104214,136303,Female,Tier 3,Store,0,2026-03-05 14:19:15.683837
66,164333,6.3,10,4,17,120574,16036,Other,Tier 2,Store,0,2026-03-05 14:19:15.683837
38,173450,8.4,1,30,5,77560,111337,Male,Tier 1,Store,0,2026-03-05 14:19:15.683837
68,132174,4.1,10,7,13,5685,45065,Male,Tier 1,Store,0,2026-03-05 14:19:15.683837
19,101755,7.4,8,9,0,110880,35874,Other,Tier 3,Store,0,2026-03-05 14:19:15.683837
57,158009,7.0,8,2,10,62342,53352,Male,Tier 3,Store,0,2026-03-05 14:19:15.683837
36,81330,6.5,7,11,9,23652,149838,Female,Tier 1,Store,0,2026-03-05 14:19:15.683837
56,193438,4.2,4,27,14,28313,103595,Male,Tier 2,Store,0,2026-03-05 14:19:15.683837
45,87322,4.5,1,11,8,132867,146776,Other,Tier 3,Store,0,2026-03-05 14:19:15.683837
76,117318,5.4,10,41,6,47617,92296,Male,Tier 1,Store,0,2026-03-05 14:19:15.683837
34,186232,5.0,2,29,11,149229,111580,Female,Tier 1,Store,0,2026-03-05 14:19:15.683837
23,60313,8.5,10,18,7,2809,36681,Male,Tier 3,Store,0,2026-03-05 14:19:15.683837
36,249729,6.3,3,20,9,101111,33692,Male,Tier 3,Store,0,2026-03-05 14:19:15.683837
73,247783,7.6,5,16,1,11542,106959,Female,Tier 3,Store,0,2026-03-05 14:19:15.683837
55,42032,3.1,3,13,13,117482,95053,Female,Tier 2,Store,0,2026-03-05 14:19:15.683837
45,238035,2.3,8,38,8,78520,108428,Female,Tier 3,Store,0,2026-03-05 14:19:15.683837
19,163430,5.6,6,10,0,122144,48119,Other,Tier 2,Store,0,2026-03-05 14:19:15.683837
55,76710,3.4,3,28,15,24133,47463,Male,Tier 2,Store,0,2026-03-05 14:19:15.683837
72,110326,6.1,2,49,4,22161,38681,Female,Tier 3,Store,0,2026-03-05 14:19:15.683837
54,101157,4.3,3,6,7,117295,83307,Other,Tier 2,Store,0,2026-03-05 14:19:15.683837
68,194893,6.6,2,48,19,20551,118946,Female,Tier 2,Store,0,2026-03-05 14:19:15.683837
69,43365,4.4,3,0,0,28238,71689,Female,Tier 2,Store,0,2026-03-05 14:19:15.683837
21,28189,7.1,9,40,16,21925,70548,Female,Tier 3,Store,0,2026-03-05 14:19:15.683837
39,222821,4.2,1,6,6,47152,1623,Male,Tier 1,Store,0,2026-03-05 14:19:15.683837
43,22248,2.3,3,13,10,100996,40309,Other,Tier 2,Store,0,2026-03-05 14:19:15.683837
66,19369,7.7,7,15,6,113318,70809,Female,Tier 3,Store,0,2026-03-05 14:19:15.683837
60,209835,4.5,2,34,6,148610,66677,Male,Tier 1,Store,0,2026-03-05 14:19:15.683837
53,154122,8.7,3,15,3,73457,110306,Other,Tier 3,Store,0,2026-03-05 14:19:15.683837
75,43605,4.7,6,20,19,55935,120169,Other,Tier 3,Store,0,2026-03-05 14:19:15.683837
30,64616,4.4,2,12,0,70142,112775,Male,Tier 1,Store,0,2026-03-05 14:19:15.683837
69,200551,5.4,1,17,14,32093,26913,Other,Tier 1,Store,0,2026-03-05 14:19:15.683837
75,118719,4.9,10,28,1,50230,85202,Other,Tier 2,Store,0,2026-03-05 14:19:15.683837
49,227006,6.3,2,20,8,142788,130336,Male,Tier 3,Store,0,2026-03-05 14:19:15.683837
34,186955,6.8,4,8,13,110163,92064,Female,Tier 3,Store,0,2026-03-05 14:19:15.683837
58,48055,7.1,5,30,15,146596,15305,Other,Tier 3,Store,0,2026-03-05 14:19:15.683837
53,214803,5.8,1,36,16,24585,98395,Other,Tier 2,Store,0,2026-03-05 14:19:15.683837
72,237059,3.0,4,44,6,91870,88685,Other,Tier 2,Store,0,2026-03-05 14:19:15.683837
77,131680,9.4,5,16,1,9415,144039,Male,Tier 1,Store,0,2026-03-05 14:19:15.683837
63,22450,5.3,4,30,5,132226,3328,Male,Tier 3,Online,1,2026-03-05 14:19:15.683837
36,148997,5.2,2,23,2,90976,46284,Other,Tier 1,Store,0,2026-03-05 14:19:15.683837
75,226123,5.8,1,46,5,118137,114935,Male,Tier 3,Store,0,2026-03-05 14:19:15.683837
77,65272,5.5,4,46,5,25893,58682,Other,Tier 3,Store,0,2026-03-05 14:19:15.683837
52,20310,2.5,2,5,7,2916,29182,Female,Tier 3,Store,0,2026-03-05 14:19:15.683837
63,46817,7.1,10,31,7,131697,59955,Male,Tier 3,Store,0,2026-03-05 14:19:15.683837
57,239016,4.4,9,30,8,6209,102831,Other,Tier 3,Store,0,2026-03-05 14:19:15.683837
73,190600,5.4,4,17,14,147375,27209,Other,Tier 2,Store,0,2026-03-05 14:19:15.683837
76,201851,9.5,3,47,16,62075,24631,Other,Tier 3,Store,0,2026-03-05 14:19:15.683837
45,230888,7.9,7,8,3,114402,48033,Female,Tier 2,Store,0,2026-03-05 14:19:15.683837
18,97641,9.2,3,2,0,56172,35498,Female,Tier 1,Store,0,2026-03-05 14:19:15.683837
59,230155,4.6,10,36,5,102572,6905,Female,Tier 2,Online,1,2026-03-05 14:19:15.683837
35,222382,7.5,8,6,18,90267,9787,Other,Tier 2,Store,0,2026-03-05 14:19:15.683837
65,30457,6.8,5,25,4,145100,11337,Other,Tier 2,Online,1,2026-03-05 14:19:15.683837
57,57311,5.9,4,12,10,64881,144111,Female,Tier 1,Store,0,2026-03-05 14:19:15.683837
50,150052,4.5,1,33,9,139133,110397,Male,Tier 2,Store,0,2026-03-05 14:19:15.683837
29,166958,8.2,5,42,8,7544,87240,Other,Tier 2,Store,0,2026-03-05 14:19:15.683837
25,223184,5.0,9,28,15,57665,127632,Other,Tier 1,Store,0,2026-03-05 14:19:15.683837
41,196949,6.3,8,32,18,124226,68609,Other,Tier 1,Store,0,2026-03-05 14:19:15.683837
33,138573,7.8,4,4,17,15247,34016,Female,Tier 1,Store,0,2026-03-05 14:19:15.683837
67,112427,4.0,9,35,12,142908,64287,Female,Tier 2,Store,0,2026-03-05 14:19:15.683837
21,51181,3.8,7,14,6,29755,72148,Male,Tier 3,Store,0,2026-03-05 14:19:15.683837
55,179334,11.0,2,9,16,107359,22870,Male,Tier 2,Store,0,2026-03-05 14:19:15.683837
61,147019,4.3,7,3,8,84608,143799,Other,Tier 3,Store,0,2026-03-05 14:19:15.683837
44,146094,9.2,4,38,9,21562,51740,Female,Tier 2,Store,0,2026-03-05 14:19:15.683837
26,16128,5.9,5,36,19,57325,123335,Female,Tier 3,Store,0,2026-03-05 14:19:15.683837
64,94522,5.1,1,46,12,16055,103021,Other,Tier 2,Store,0,2026-03-05 14:19:15.683837
33,178394,5.3,4,36,15,51592,93515,Female,Tier 2,Store,0,2026-03-05 14:19:15.683837
73,63929,5.9,2,44,3,52725,107236,Male,Tier 3,Store,0,2026-03-05 14:19:15.683837
29,96696,8.7,9,37,9,62869,23871,Other,Tier 1,Online,1,2026-03-05 14:19:15.683837
48,130245,7.5,8,31,0,47483,57546,Male,Tier 1,Store,0,2026-03-05 14:19:15.683837
41,24808,5.6,3,23,7,30944,94792,Female,Tier 1,Store,0,2026-03-05 14:19:15.683837
72,110148,2.3,7,19,19,106985,144440,Female,Tier 2,Store,0,2026-03-05 14:19:15.683837
31,198954,6.0,7,47,17,105935,69024,Male,Tier 1,Store,0,2026-03-05 14:19:15.683837
62,36725,6.3,6,40,4,22972,88088,Male,Tier 3,Store,0,2026-03-05 14:19:15.683837
42,87534,8.5,3,37,10,97811,74844,Male,Tier 2,Store,0,2026-03-05 14:19:15.683837
51,54950,3.1,9,39,18,118098,25574,Male,Tier 3,Store,0,2026-03-05 14:19:15.683837
20,235026,5.0,9,3,8,119959,103728,Other,Tier 2,Store,0,2026-03-05 14:19:15.683837
75,98576,4.9,6,40,14,875,139569,Female,Tier 3,Store,0,2026-03-05 14:19:15.683837
41,35557,5.9,3,10,4,12901,15933,Male,Tier 2,Store,0,2026-03-05 14:19:15.683837
79,36825,6.2,4,10,4,148900,132407,Male,Tier 2,Store,0,2026-03-05 14:19:15.683837
71,23998,6.9,5,15,11,84485,4423,Other,Tier 2,Online,1,2026-03-05 14:19:15.683837
59,51080,2.2,9,40,8,48770,68671,Other,Tier 2,Store,0,2026-03-05 14:19:15.683837
26,203869,6.3,3,0,4,71358,87555,Female,Tier 1,Store,0,2026-03-05 14:19:15.683837
43,161874,6.5,9,32,9,72062,36534,Male,Tier 2,Store,0,2026-03-05 14:19:15.683837
37,157239,6.2,5,6,5,11214,14223,Female,Tier 3,Store,0,2026-03-05 14:19:15.683837
57,246700,5.6,6,2,9,17322,120288,Other,Tier 2,Store,0,2026-03-05 14:19:15.683837
27,57407,1.0,2,6,5,75063,31757,Male,Tier 1,Store,0,2026-03-05 14:19:15.683837
36,135283,7.1,2,0,19,119245,21984,Other,Tier 2,Store,0,2026-03-05 14:19:15.683837
20,28338,4.1,2,32,9,115250,136494,Female,Tier 3,Store,0,2026-03-05 14:19:15.683837
41,91289,7.2,7,6,8,68268,112912,Male,Tier 3,Store,0,2026-03-05 14:19:15.683837
22,217592,8.5,6,3,2,23872,140146,Female,Tier 3,Store,0,2026-03-05 14:19:15.683837
20,164967,2.6,7,17,10,9545,104651,Male,Tier 3,Store,0,2026-03-05 14:19:15.683837
75,193982,7.2,3,36,10,75107,46427,Other,Tier 1,Store,0,2026-03-05 14:19:15.683837
44,146029,3.5,4,13,3,78509,73791,Female,Tier 2,Store,0,2026-03-05 14:19:15.683837
33,124367,5.9,6,14,16,71989,7849,Male,Tier 2,Store,0,2026-03-05 14:19:15.683837
66,80898,5.7,3,24,8,139248,54599,Female,Tier 3,Store,0,2026-03-05 14:19:15.683837
32,149526,7.5,1,17,5,65470,37346,Male,Tier 3,Store,0,2026-03-05 14:19:15.683837
52,132486,7.2,6,3,10,35952,148556,Male,Tier 3,Store,0,2026-03-05 14:19:15.683837
29,101540,6.5,10,1,18,11906,81935,Male,Tier 3,Store,0,2026-03-05 14:19:15.683837
58,206869,2.7,10,42,17,7104,47367,Male,Tier 1,Store,0,2026-03-05 14:19:15.683837
70,247631,1.0,2,25,7,54722,134072,Female,Tier 2,Store,0,2026-03-05 14:19:15.683837
61,229209,7.8,7,19,13,92010,17557,Female,Tier 1,Hybrid,0,2026-03-05 14:19:15.683837
43,196709,7.5,5,14,18,12838,52264,Male,Tier 2,Store,0,2026-03-05 14:19:15.683837
64,151421,4.0,1,5,15,124018,22090,Male,Tier 3,Store,0,2026-03-05 14:19:15.683837
51,140416,6.7,9,36,2,41689,102620,Other,Tier 3,Store,0,2026-03-05 14:19:15.683837
40,54963,5.6,2,42,12,54918,24259,Other,Tier 3,Store,0,2026-03-05 14:19:15.683837
48,221655,8.2,2,41,16,95725,33456,Male,Tier 2,Store,0,2026-03-05 14:19:15.683837
67,153822,6.2,10,12,18,64062,134004,Other,Tier 2,Store,0,2026-03-05 14:19:15.683837
37,109929,7.8,10,15,4,16191,36259,Male,Tier 1,Store,0,2026-03-05 14:19:15.683837
29,168535,4.8,4,41,15,120145,145326,Male,Tier 2,Store,0,2026-03-05 14:19:15.683837
40,89935,6.6,2,37,13,31114,105239,Female,Tier 3,Store,0,2026-03-05 14:19:15.683837
21,204864,5.2,10,1,18,82380,6834,Female,Tier 1,Online,1,2026-03-05 14:19:15.683837
40,28686,4.8,6,0,19,147231,105901,Female,Tier 3,Store,0,2026-03-05 14:19:15.683837
65,78528,1.3,5,4,3,37775,91692,Male,Tier 2,Store,0,2026-03-05 14:19:15.683837
72,114811,7.8,10,29,5,41536,78174,Other,Tier 1,Store,0,2026-03-05 14:19:15.683837
65,37787,9.5,10,30,8,143797,52838,Other,Tier 1,Store,0,2026-03-05 14:19:15.683837
18,160848,3.2,3,42,7,10371,40753,Female,Tier 1,Store,0,2026-03-05 14:19:15.683837
71,130613,7.4,2,31,11,79431,74001,Other,Tier 3,Store,0,2026-03-05 14:19:15.683837
42,241135,7.3,6,2,10,48509,13692,Female,Tier 1,Store,0,2026-03-05 14:19:15.683837
19,203499,5.0,2,2,6,69107,85373,Male,Tier 1,Store,0,2026-03-05 14:19:15.683837
47,119887,4.5,4,41,7,67338,83062,Female,Tier 3,Store,0,2026-03-05 14:19:15.683837
20,76086,8.4,5,4,9,38309,33010,Other,Tier 3,Store,0,2026-03-05 14:19:15.683837
75,117231,8.2,8,34,2,80443,42399,Male,Tier 1,Store,0,2026-03-05 14:19:15.683837
38,78308,6.9,1,21,5,39927,74243,Female,Tier 2,Store,0,2026-03-05 14:19:15.683837
42,30797,5.0,7,31,10,112955,142002,Female,Tier 1,Store,0,2026-03-05 14:19:15.683837
37,248607,8.2,6,22,3,66186,61049,Male,Tier 3,Store,0,2026-03-05 14:19:15.683837
66,20302,4.3,3,37,11,54805,77070,Male,Tier 2,Store,0,2026-03-05 14:19:15.683837
69,209244,8.8,10,41,2,86996,5818,Other,Tier 3,Online,1,2026-03-05 14:19:15.683837
39,53059,9.3,10,7,9,31489,97893,Female,Tier 1,Store,0,2026-03-05 14:19:15.683837
38,146980,8.4,10,3,6,19400,67202,Other,Tier 1,Store,0,2026-03-05 14:19:15.683837
79,206324,6.7,1,5,1,11255,75092,Female,Tier 2,Store,0,2026-03-05 14:19:15.683837
78,226731,1.0,2,26,11,15309,2059,Female,Tier 1,Online,1,2026-03-05 14:19:15.683837
50,158949,5.6,1,44,13,38936,26123,Male,Tier 3,Store,0,2026-03-05 14:19:15.683837
69,29239,9.5,3,18,6,67764,77830,Other,Tier 2,Store,0,2026-03-05 14:19:15.683837
55,233043,7.9,1,41,16,47793,111722,Female,Tier 1,Store,0,2026-03-05 14:19:15.683837
78,42313,6.9,10,43,14,135222,79201,Female,Tier 1,Store,0,2026-03-05 14:19:15.683837
32,246962,4.6,5,43,17,143438,17502,Female,Tier 2,Hybrid,0,2026-03-05 14:19:15.683837
75,57103,8.0,10,28,4,89130,116771,Female,Tier 1,Store,0,2026-03-05 14:19:15.683837
75,194480,2.9,6,37,10,147351,145356,Female,Tier 3,Store,0,2026-03-05 14:19:15.683837
63,229323,5.7,1,43,7,73738,113771,Male,Tier 2,Store,0,2026-03-05 14:19:15.683837
69,103771,9.5,1,5,13,50195,148440,Female,Tier 2,Store,0,2026-03-05 14:19:15.683837
32,141228,4.4,4,2,1,137409,44488,Male,Tier 1,Store,0,2026-03-05 14:19:15.683837
63,106665,7.2,4,31,19,149923,9407,Female,Tier 2,Online,1,2026-03-05 14:19:15.683837
42,25534,2.5,8,47,6,60014,91452,Male,Tier 3,Store,0,2026-03-05 14:19:15.683837
38,246182,4.7,10,15,7,123418,133381,Male,Tier 2,Store,0,2026-03-05 14:19:15.683837
41,58060,6.4,7,32,3,79849,39642,Male,Tier 1,Store,0,2026-03-05 14:19:15.683837
74,32189,6.7,7,1,9,80254,123756,Other,Tier 2,Store,0,2026-03-05 14:19:15.683837
75,143431,10.1,9,42,13,7286,135092,Female,Tier 2,Store,0,2026-03-05 14:19:15.683837
22,101067,5.0,8,25,14,27266,140201,Other,Tier 3,Store,0,2026-03-05 14:19:15.683837
23,25967,7.2,3,34,9,45421,145814,Male,Tier 2,Store,0,2026-03-05 14:19:15.683837
66,228063,7.1,4,27,15,51015,94791,Female,Tier 1,Store,0,2026-03-05 14:19:15.683837
60,80563,4.8,8,42,2,45472,130002,Other,Tier 3,Store,0,2026-03-05 14:19:15.683837
65,23660,7.9,5,48,1,75813,110894,Female,Tier 2,Store,0,2026-03-05 14:19:15.683837
61,133671,7.3,5,10,0,115364,14793,Other,Tier 1,Online,1,2026-03-05 14:19:15.683837
64,236947,5.5,8,45,10,81626,46828,Female,Tier 1,Store,0,2026-03-05 14:19:15.683837
40,144909,6.4,8,23,15,10175,111414,Male,Tier 3,Store,0,2026-03-05 14:19:15.683837
21,185895,4.1,6,15,11,55806,35097,Male,Tier 3,Store,0,2026-03-05 14:19:15.683837
44,201914,4.2,9,24,4,139823,4818,Male,Tier 3,Online,1,2026-03-05 14:19:15.683837
35,155688,6.0,4,22,19,106122,107543,Other,Tier 1,Store,0,2026-03-05 14:19:15.683837
38,90976,7.5,10,38,14,47578,102573,Female,Tier 2,Store,0,2026-03-05 14:19:15.683837
45,248208,5.3,1,34,16,9216,47697,Female,Tier 3,Store,0,2026-03-05 14:19:15.683837
52,194810,4.8,10,24,7,66721,111009,Female,Tier 2,Store,0,2026-03-05 14:19:15.683837
39,28107,5.5,2,40,18,43816,24076,Male,Tier 1,Store,0,2026-03-05 14:19:15.683837
57,207476,7.7,1,38,18,22700,122850,Female,Tier 3,Store,0,2026-03-05 14:19:15.683837
40,109182,3.3,4,44,11,149674,113334,Female,Tier 3,Store,0,2026-03-05 14:19:15.683837
20,106787,7.7,9,32,6,5630,119525,Male,Tier 1,Store,0,2026-03-05 14:19:15.683837
57,30954,7.0,6,21,5,121474,59995,Female,Tier 1,Store,0,2026-03-05 14:19:15.683837
67,31943,3.3,6,9,1,23025,118340,Other,Tier 1,Store,0,2026-03-05 14:19:15.683837
27,55725,5.5,6,0,2,124571,78379,Other,Tier 3,Store,0,2026-03-05 14:19:15.683837
42,60434,7.3,1,45,8,1154,66525,Male,Tier 3,Store,0,2026-03-05 14:19:15.683837
69,100751,2.2,1,37,10,44184,69043,Other,Tier 2,Store,0,2026-03-05 14:19:15.683837
66,25110,3.9,3,21,17,7010,38764,Male,Tier 3,Store,0,2026-03-05 14:19:15.683837
25,233163,3.0,5,31,15,127414,93336,Female,Tier 1,Store,0,2026-03-05 14:19:15.683837
72,31462,4.8,2,22,9,75182,85713,Female,Tier 3,Store,0,2026-03-05 14:19:15.683837
28,94232,8.1,1,29,15,140835,104858,Female,Tier 2,Store,0,2026-03-05 14:19:15.683837
78,200153,7.6,9,22,8,48045,91441,Other,Tier 3,Store,0,2026-03-05 14:19:15.683837
22,198871,5.0,1,42,19,61163,125997,Female,Tier 1,Store,0,2026-03-05 14:19:15.683837
75,81567,8.1,4,46,1,76163,2486,Other,Tier 1,Online,1,2026-03-05 14:19:15.683837
62,235373,7.3,9,11,17,65444,77371,Male,Tier 2,Store,0,2026-03-05 14:19:15.683837
70,197296,8.6,10,18,15,70235,19005,Male,Tier 2,Hybrid,0,2026-03-05 14:19:15.683837
72,142425,5.8,2,6,19,134213,97109,Male,Tier 2,Store,0,2026-03-05 14:19:15.683837
54,71063,7.1,10,26,13,46313,110304,Female,Tier 3,Store,0,2026-03-05 14:19:15.683837
73,128394,12.0,3,25,11,129622,55877,Male,Tier 3,Store,0,2026-03-05 14:19:15.683837
76,70240,5.4,4,17,3,139441,139998,Male,Tier 2,Store,0,2026-03-05 14:19:15.683837
62,96352,5.9,2,27,16,90471,33764,Male,Tier 3,Store,0,2026-03-05 14:19:15.683837
55,163940,5.7,2,10,19,93644,109845,Male,Tier 2,Store,0,2026-03-05 14:19:15.683837
46,222045,5.8,6,1,19,29772,98403,Female,Tier 3,Store,0,2026-03-05 14:19:15.683837
22,95989,7.1,10,16,6,123117,62226,Male,Tier 3,Store,0,2026-03-05 14:19:15.683837
26,37222,6.1,5,45,3,50520,16195,Other,Tier 2,Online,1,2026-03-05 14:19:15.683837
76,94794,3.3,5,28,14,123550,82262,Other,Tier 3,Store,0,2026-03-05 14:19:15.683837
65,78924,6.0,9,31,13,87842,10439,Other,Tier 3,Online,1,2026-03-05 14:19:15.683837
19,114854,4.9,7,49,19,137478,37837,Other,Tier 3,Store,0,2026-03-05 14:19:15.683837
18,93513,2.5,9,14,0,99972,68790,Female,Tier 2,Store,0,2026-03-05 14:19:15.683837
57,69649,8.3,1,17,8,94093,133604,Male,Tier 2,Store,0,2026-03-05 14:19:15.683837
77,117986,4.9,2,27,3,912,32614,Female,Tier 2,Store,0,2026-03-05 14:19:15.683837
68,98749,6.8,5,26,19,58545,48941,Male,Tier 2,Store,0,2026-03-05 14:19:15.683837
47,248127,1.0,10,40,8,57445,104892,Other,Tier 3,Store,0,2026-03-05 14:19:15.683837
28,156295,7.0,7,46,8,120443,105417,Female,Tier 1,Store,0,2026-03-05 14:19:15.683837
45,194238,5.4,8,32,11,135207,7286,Female,Tier 3,Online,1,2026-03-05 14:19:15.683837
61,54369,2.9,7,43,15,48238,12096,Other,Tier 1,Store,0,2026-03-05 14:19:15.683837
29,101379,4.9,9,49,4,2352,63125,Male,Tier 1,Store,0,2026-03-05 14:19:15.683837
56,84392,4.6,3,9,16,94810,104622,Male,Tier 1,Store,0,2026-03-05 14:19:15.683837
43,205598,7.5,5,23,5,30092,71199,Male,Tier 3,Store,0,2026-03-05 14:19:15.683837
30,27661,6.2,6,33,8,95553,24668,Female,Tier 2,Store,0,2026-03-05 14:19:15.683837
76,161663,3.0,10,42,10,64597,43437,Other,Tier 2,Store,0,2026-03-05 14:19:15.683837
25,86718,6.9,7,26,1,56899,83567,Female,Tier 1,Store,0,2026-03-05 14:19:15.683837
78,201307,1.9,7,19,6,114930,125861,Other,Tier 2,Store,0,2026-03-05 14:19:15.683837
78,22970,3.7,4,40,16,74662,58940,Female,Tier 2,Store,0,2026-03-05 14:19:15.683837
71,62922,6.0,1,24,10,77369,95897,Other,Tier 2,Store,0,2026-03-05 14:19:15.683837
45,246470,4.8,8,48,9,22025,96845,Other,Tier 3,Store,0,2026-03-05 14:19:15.683837
75,45755,8.4,10,25,0,26015,19359,Other,Tier 1,Online,1,2026-03-05 14:19:15.683837
47,135926,6.3,1,42,18,82968,139562,Other,Tier 2,Store,0,2026-03-05 14:19:15.683837
26,34416,7.3,1,20,0,144562,113967,Female,Tier 2,Store,0,2026-03-05 14:19:15.683837
56,28672,7.3,9,49,19,39584,57826,Male,Tier 3,Store,0,2026-03-05 14:19:15.683837
48,229540,5.1,10,12,19,51789,95582,Other,Tier 3,Store,0,2026-03-05 14:19:15.683837
75,143145,3.9,10,48,5,101341,8594,Male,Tier 1,Online,1,2026-03-05 14:19:15.683837
38,193068,5.9,3,32,15,107545,20637,Other,Tier 3,Store,0,2026-03-05 14:19:15.683837
73,89095,7.7,9,9,11,32693,51173,Female,Tier 1,Store,0,2026-03-05 14:19:15.683837
64,15064,5.5,10,27,10,39535,50457,Male,Tier 2,Store,0,2026-03-05 14:19:15.683837
51,83835,7.2,10,32,17,55324,115792,Other,Tier 3,Store,0,2026-03-05 14:19:15.683837
72,216457,5.9,1,10,6,10561,95561,Other,Tier 3,Store,0,2026-03-05 14:19:15.683837
48,151711,2.9,7,13,13,3025,8017,Other,Tier 2,Hybrid,0,2026-03-05 14:19:15.683837
69,157127,3.1,5,19,12,98015,68755,Male,Tier 1,Store,0,2026-03-05 14:19:15.683837
42,205292,9.1,4,35,19,81899,79972,Female,Tier 1,Store,0,2026-03-05 14:19:15.683837
29,102594,3.7,5,40,7,75671,65463,Female,Tier 2,Store,0,2026-03-05 14:19:15.683837
18,175499,4.7,1,19,13,122914,99828,Female,Tier 3,Store,0,2026-03-05 14:19:15.683837
72,131916,7.8,10,7,17,78522,86233,Other,Tier 1,Store,0,2026-03-05 14:19:15.683837
39,135308,3.6,7,14,3,57730,61400,Female,Tier 3,Store,0,2026-03-05 14:19:15.683837
57,97516,4.6,2,32,3,80033,139365,Other,Tier 2,Store,0,2026-03-05 14:19:15.683837
54,79666,5.6,9,18,8,81127,79354,Female,Tier 2,Store,0,2026-03-05 14:19:15.683837
64,210346,5.3,5,47,1,135920,123167,Male,Tier 2,Store,0,2026-03-05 14:19:15.683837
18,133294,4.1,5,11,13,81356,114196,Other,Tier 2,Store,0,2026-03-05 14:19:15.683837
18,25866,5.6,3,16,11,120117,108364,Male,Tier 2,Store,0,2026-03-05 14:19:15.683837
74,18889,7.4,10,32,18,129918,48140,Other,Tier 2,Store,0,2026-03-05 14:19:15.683837
59,133194,5.8,2,19,17,135188,33729,Other,Tier 3,Store,0,2026-03-05 14:19:15.683837
71,139714,4.7,8,45,11,44141,57983,Male,Tier 2,Store,0,2026-03-05 14:19:15.683837
59,194298,7.9,9,30,0,62975,114779,Female,Tier 1,Store,0,2026-03-05 14:19:15.683837
38,46335,9.4,3,37,9,129911,23235,Female,Tier 1,Store,0,2026-03-05 14:19:15.683837
32,65547,7.9,8,18,1,134822,132350,Female,Tier 1,Store,0,2026-03-05 14:19:15.683837
34,172234,3.8,6,18,13,87111,66232,Male,Tier 3,Store,0,2026-03-05 14:19:15.683837
39,235521,3.8,9,43,19,137560,99664,Other,Tier 2,Store,0,2026-03-05 14:19:15.683837
55,170759,6.9,10,12,15,72222,140085,Female,Tier 1,Store,0,2026-03-05 14:19:15.683837
52,113756,6.3,4,37,18,115746,96295,Female,Tier 2,Store,0,2026-03-05 14:19:15.683837
62,25995,3.6,3,48,13,61936,108725,Male,Tier 2,Store,0,2026-03-05 14:19:15.683837
33,202560,6.6,7,0,13,19275,113701,Female,Tier 1,Store,0,2026-03-05 14:19:15.683837
25,17631,6.2,1,10,3,86767,68536,Male,Tier 3,Store,0,2026-03-05 14:19:15.683837
79,181026,9.0,3,26,10,129030,50989,Other,Tier 1,Store,0,2026-03-05 14:19:15.683837
64,152039,5.1,7,36,1,53022,33149,Female,Tier 2,Store,0,2026-03-05 14:19:15.683837
34,103294,8.8,7,38,6,58922,139304,Female,Tier 3,Store,0,2026-03-05 14:19:15.683837
34,102278,8.9,9,0,12,85660,110230,Male,Tier 1,Store,0,2026-03-05 14:19:15.683837
71,79471,4.7,10,14,7,43221,97243,Other,Tier 3,Store,0,2026-03-05 14:19:15.683837
43,52116,6.7,9,17,11,127065,145118,Male,Tier 3,Store,0,2026-03-05 14:19:15.683837
30,107116,5.6,7,42,6,52914,12029,Female,Tier 1,Online,1,2026-03-05 14:19:15.683837
34,180299,5.5,3,24,1,137421,81708,Male,Tier 1,Store,0,2026-03-05 14:19:15.683837
55,148014,6.5,3,0,5,136449,148418,Male,Tier 2,Store,0,2026-03-05 14:19:15.683837
34,62664,4.4,5,18,10,138648,137778,Female,Tier 1,Store,0,2026-03-05 14:19:15.683837
65,174141,2.8,9,33,16,136507,62256,Male,Tier 1,Store,0,2026-03-05 14:19:15.683837
31,102342,4.9,1,9,14,79464,26293,Other,Tier 2,Store,0,2026-03-05 14:19:15.683837
62,29407,8.4,1,11,19,112050,140309,Female,Tier 1,Store,0,2026-03-05 14:19:15.683837
23,128926,5.6,9,38,10,47096,65471,Male,Tier 3,Store,0,2026-03-05 14:19:15.683837
52,74201,6.0,7,44,8,32158,45893,Other,Tier 1,Store,0,2026-03-05 14:19:15.683837
63,95093,7.6,4,1,16,13639,9055,Male,Tier 3,Store,0,2026-03-05 14:19:15.683837
31,200420,2.8,1,31,19,87098,34888,Female,Tier 2,Store,0,2026-03-05 14:19:15.683837
64,228053,6.9,6,25,9,74278,51825,Male,Tier 3,Store,0,2026-03-05 14:19:15.683837
25,32878,9.3,9,19,3,25579,79561,Other,Tier 1,Store,0,2026-03-05 14:19:15.683837
78,98100,6.2,6,5,3,51426,145519,Other,Tier 3,Store,0,2026-03-05 14:19:15.683837
32,93629,2.2,5,6,15,116451,127329,Male,Tier 3,Store,0,2026-03-05 14:19:15.683837
71,201492,5.8,1,1,0,141852,112840,Male,Tier 1,Store,0,2026-03-05 14:19:15.683837
78,247164,7.2,9,16,6,89290,4182,Other,Tier 3,Online,1,2026-03-05 14:19:15.683837
44,238059,6.2,9,25,1,82158,105292,Male,Tier 2,Store,0,2026-03-05 14:19:15.683837
30,58168,6.5,1,30,3,69382,18118,Female,Tier 1,Store,0,2026-03-05 14:19:15.683837
66,69862,6.8,4,33,1,29712,20866,Male,Tier 1,Hybrid,0,2026-03-05 14:19:15.683837
48,235694,4.1,1,17,15,147053,2106,Female,Tier 3,Online,1,2026-03-05 14:19:15.683837
70,228097,4.4,10,40,3,1655,103774,Female,Tier 2,Store,0,2026-03-05 14:19:15.683837
73,43004,5.3,4,42,9,87169,114763,Male,Tier 1,Store,0,2026-03-05 14:19:15.683837
52,35471,6.8,7,13,9,103704,41453,Other,Tier 3,Store,0,2026-03-05 14:19:15.683837
77,106820,3.6,8,4,2,70905,9180,Female,Tier 2,Hybrid,0,2026-03-05 14:19:15.683837
23,206239,10.1,3,22,8,56162,37347,Other,Tier 2,Store,0,2026-03-05 14:19:15.683837
22,117229,1.2,3,0,6,125182,106290,Other,Tier 1,Store,0,2026-03-05 14:19:15.683837
39,229900,2.6,10,19,18,120010,57722,Female,Tier 1,Store,0,2026-03-05 14:19:15.683837
75,80308,7.1,5,1,7,107393,2873,Male,Tier 2,Online,1,2026-03-05 14:19:15.683837
66,98969,6.9,6,42,17,59636,75021,Male,Tier 3,Store,0,2026-03-05 14:19:15.683837
40,29568,5.9,3,45,3,36588,143786,Male,Tier 3,Store,0,2026-03-05 14:19:15.683837
42,24466,7.4,6,36,4,121692,69385,Male,Tier 3,Store,0,2026-03-05 14:19:15.683837
51,237129,7.1,10,0,15,114521,70682,Female,Tier 2,Store,0,2026-03-05 14:19:15.683837
43,72324,6.0,7,9,17,131794,129005,Male,Tier 3,Store,0,2026-03-05 14:19:15.683837
64,117208,6.5,6,49,5,63617,147308,Other,Tier 1,Store,0,2026-03-05 14:19:15.683837
22,161539,1.0,6,4,11,133178,115292,Male,Tier 1,Store,0,2026-03-05 14:19:15.683837
43,243627,5.7,2,40,19,42020,40805,Male,Tier 3,Store,0,2026-03-05 14:19:15.683837
37,90955,5.9,4,44,4,91299,145494,Male,Tier 1,Store,0,2026-03-05 14:19:15.683837
23,199020,9.8,1,12,18,146715,83286,Other,Tier 2,Store,0,2026-03-05 14:19:15.683837
23,162748,4.3,10,3,12,85641,75024,Other,Tier 3,Store,0,2026-03-05 14:19:15.683837
76,109791,5.9,5,23,12,145518,142287,Male,Tier 2,Store,0,2026-03-05 14:19:15.683837
67,177586,8.8,10,47,3,13445,105607,Male,Tier 2,Store,0,2026-03-05 14:19:15.683837
35,123718,7.1,3,26,10,80276,51000,Female,Tier 1,Store,0,2026-03-05 14:19:15.683837
21,37650,6.1,3,35,5,90094,107279,Male,Tier 1,Store,0,2026-03-05 14:19:15.683837
34,103290,7.9,4,42,8,16446,60818,Other,Tier 3,Store,0,2026-03-05 14:19:15.683837
74,92701,4.4,9,35,19,47592,8783,Male,Tier 2,Hybrid,0,2026-03-05 14:19:15.683837
31,25683,9.5,6,1,6,27233,89102,Male,Tier 2,Store,0,2026-03-05 14:19:15.683837
31,244164,7.3,10,31,11,143184,75405,Other,Tier 3,Store,0,2026-03-05 14:19:15.683837
30,205891,2.7,8,16,9,10610,60786,Male,Tier 2,Store,0,2026-03-05 14:19:15.683837
24,95978,4.8,5,11,2,112149,104928,Other,Tier 2,Store,0,2026-03-05 14:19:15.683837
61,19860,1.7,6,11,6,131917,121210,Male,Tier 3,Store,0,2026-03-05 14:19:15.683837
72,149801,7.6,3,20,9,125870,103836,Other,Tier 2,Store,0,2026-03-05 14:19:15.683837
32,46351,7.1,7,7,0,61553,26064,Male,Tier 1,Online,1,2026-03-05 14:19:15.683837
36,77744,5.1,9,21,11,10562,6504,Female,Tier 1,Online,1,2026-03-05 14:19:15.683837
60,170418,8.4,9,9,0,44269,17867,Female,Tier 2,Online,1,2026-03-05 14:19:15.683837
64,135198,5.8,7,19,12,52793,34505,Other,Tier 2,Store,0,2026-03-05 14:19:15.683837
61,89155,11.2,3,27,6,76775,95111,Female,Tier 3,Store,0,2026-03-05 14:19:15.683837
52,136449,3.6,5,24,17,60942,144138,Female,Tier 1,Store,0,2026-03-05 14:19:15.683837
34,91700,7.3,10,48,7,129847,106559,Other,Tier 3,Store,0,2026-03-05 14:19:15.683837
52,21955,5.2,9,27,5,73567,121180,Male,Tier 3,Store,0,2026-03-05 14:19:15.683837
36,211714,4.6,9,3,14,96492,115343,Male,Tier 1,Store,0,2026-03-05 14:19:15.683837
37,216362,5.7,3,44,17,94885,75914,Male,Tier 3,Store,0,2026-03-05 14:19:15.683837
53,190365,6.7,5,25,3,113047,32933,Female,Tier 1,Store,0,2026-03-05 14:19:15.683837
52,207408,6.1,1,12,11,72136,27924,Other,Tier 1,Store,0,2026-03-05 14:19:15.683837
49,36662,7.4,7,18,7,135222,103863,Other,Tier 3,Store,0,2026-03-05 14:19:15.683837
75,21408,7.2,2,33,4,96516,14428,Female,Tier 1,Online,1,2026-03-05 14:19:15.683837
65,186475,8.9,10,44,1,62546,62883,Other,Tier 3,Store,0,2026-03-05 14:19:15.683837
61,16225,3.6,10,15,17,135244,138572,Other,Tier 1,Store,0,2026-03-05 14:19:15.683837
57,158268,2.9,6,44,3,43989,98707,Male,Tier 3,Store,0,2026-03-05 14:19:15.683837
41,215858,5.9,10,3,18,95266,58564,Male,Tier 2,Store,0,2026-03-05 14:19:15.683837
78,161444,4.4,6,19,7,124235,63921,Other,Tier 1,Store,0,2026-03-05 14:19:15.683837
78,32279,7.7,7,40,0,144085,7809,Other,Tier 1,Online,1,2026-03-05 14:19:15.683837
34,125401,3.9,3,25,11,61796,119469,Other,Tier 3,Store,0,2026-03-05 14:19:15.683837
24,241801,4.9,8,43,5,44491,28321,Other,Tier 3,Hybrid,0,2026-03-05 14:19:15.683837
60,200312,5.3,5,37,19,145208,52660,Other,Tier 1,Store,0,2026-03-05 14:19:15.683837
67,107404,9.5,10,29,6,42301,98397,Other,Tier 1,Store,0,2026-03-05 14:19:15.683837
18,184259,10.2,4,5,10,116656,48073,Female,Tier 2,Store,0,2026-03-05 14:19:15.683837
52,63481,3.7,9,37,8,32578,138906,Male,Tier 2,Store,0,2026-03-05 14:19:15.683837
49,174547,1.6,9,12,7,65217,146471,Other,Tier 1,Store,0,2026-03-05 14:19:15.683837
53,59552,4.9,2,35,16,35552,113194,Male,Tier 2,Store,0,2026-03-05 14:19:15.683837
30,214041,5.9,1,16,10,62372,65618,Female,Tier 1,Store,0,2026-03-05 14:19:15.683837
23,222606,5.9,3,26,15,148618,14707,Other,Tier 2,Store,0,2026-03-05 14:19:15.683837
75,242741,5.8,10,34,8,86566,77289,Female,Tier 3,Store,0,2026-03-05 14:19:15.683837
31,245677,7.6,8,39,11,2883,106706,Other,Tier 3,Store,0,2026-03-05 14:19:15.683837
54,152930,5.2,4,32,3,71765,121605,Female,Tier 1,Store,0,2026-03-05 14:19:15.683837
65,220558,6.4,5,17,2,46614,50689,Other,Tier 1,Store,0,2026-03-05 14:19:15.683837
32,89474,7.3,5,19,11,32743,42616,Male,Tier 1,Store,0,2026-03-05 14:19:15.683837
64,40168,6.4,2,32,17,74863,81226,Female,Tier 1,Store,0,2026-03-05 14:19:15.683837
79,47099,7.4,1,30,3,36782,25373,Other,Tier 1,Online,1,2026-03-05 14:19:15.683837
21,217252,2.6,8,36,15,89712,139299,Male,Tier 2,Store,0,2026-03-05 14:19:15.683837
57,76455,6.2,10,18,6,117774,71565,Other,Tier 2,Store,0,2026-03-05 14:19:15.683837
76,69240,6.5,5,32,9,94819,10695,Female,Tier 1,Online,1,2026-03-05 14:19:15.683837
33,89796,5.7,2,16,0,79511,37917,Other,Tier 1,Store,0,2026-03-05 14:19:15.683837
45,69592,4.8,7,32,13,66729,105306,Male,Tier 3,Store,0,2026-03-05 14:19:15.683837
33,137181,6.9,2,35,17,72983,104984,Female,Tier 3,Store,0,2026-03-05 14:19:15.683837
79,193530,6.2,6,4,0,148528,144993,Male,Tier 1,Store,0,2026-03-05 14:19:15.683837
21,116611,5.9,9,39,6,73108,78811,Male,Tier 3,Store,0,2026-03-05 14:19:15.683837
62,73046,5.3,4,46,17,62132,38812,Female,Tier 2,Store,0,2026-03-05 14:19:15.683837
43,31488,5.4,5,44,16,23039,114993,Other,Tier 3,Store,0,2026-03-05 14:19:15.683837
45,204913,4.5,1,26,10,126402,1592,Male,Tier 1,Online,1,2026-03-05 14:19:15.683837
49,133521,5.0,1,6,1,126778,96148,Other,Tier 2,Store,0,2026-03-05 14:19:15.683837
62,146467,4.1,9,13,7,16502,60818,Male,Tier 1,Store,0,2026-03-05 14:19:15.683837
19,198741,5.2,5,3,4,72826,81511,Male,Tier 1,Store,0,2026-03-05 14:19:15.683837
48,156917,6.7,3,49,3,148896,26411,Other,Tier 2,Store,0,2026-03-05 14:19:15.683837
20,182131,7.6,2,17,2,29284,136653,Female,Tier 1,Store,0,2026-03-05 14:19:15.683837
71,33394,5.9,10,33,10,6099,14701,Other,Tier 2,Online,1,2026-03-05 14:19:15.683837
25,108993,5.8,7,48,14,141347,96044,Male,Tier 1,Store,0,2026-03-05 14:19:15.683837
41,191978,6.3,4,15,6,18660,108821,Male,Tier 1,Store,0,2026-03-05 14:19:15.683837
32,74332,8.0,3,26,2,129291,22603,Male,Tier 3,Online,1,2026-03-05 14:19:15.683837
60,183377,5.6,2,37,16,25315,141967,Other,Tier 3,Store,0,2026-03-05 14:19:15.683837
48,57628,6.9,10,19,19,48305,77344,Female,Tier 1,Store,0,2026-03-05 14:19:15.683837
26,36352,6.7,10,45,16,112265,26707,Female,Tier 3,Online,1,2026-03-05 14:19:15.683837
56,232754,4.8,4,18,19,34135,27770,Other,Tier 2,Store,0,2026-03-05 14:19:15.683837
62,97971,7.4,9,0,10,8255,58401,Female,Tier 3,Store,0,2026-03-05 14:19:15.683837
19,66993,1.9,10,43,17,117378,143362,Other,Tier 2,Store,0,2026-03-05 14:19:15.683837
25,185458,8.1,7,22,5,149817,23804,Other,Tier 3,Hybrid,0,2026-03-05 14:19:15.683837
24,118027,3.6,1,47,13,54689,54421,Other,Tier 3,Store,0,2026-03-05 14:19:15.683837
73,202696,5.7,3,8,4,104962,73432,Other,Tier 3,Store,0,2026-03-05 14:19:15.683837
61,203137,7.7,5,27,14,2945,18807,Female,Tier 3,Store,0,2026-03-05 14:19:15.683837
68,135212,5.1,7,19,1,90677,1776,Other,Tier 2,Online,1,2026-03-05 14:19:15.683837
56,231576,6.5,5,15,18,134193,72935,Male,Tier 2,Store,0,2026-03-05 14:19:15.683837
59,23539,7.7,9,12,14,9998,55833,Female,Tier 1,Store,0,2026-03-05 14:19:15.683837
78,147335,9.7,7,32,8,60959,25029,Other,Tier 2,Hybrid,0,2026-03-05 14:19:15.683837
74,159377,6.0,1,2,4,92868,107191,Female,Tier 2,Store,0,2026-03-05 14:19:15.683837
33,68817,6.4,6,14,1,130572,51574,Other,Tier 2,Store,0,2026-03-05 14:19:15.683837
52,170470,6.1,2,15,0,144926,75776,Male,Tier 3,Store,0,2026-03-05 14:19:15.683837
47,243688,5.6,6,29,2,75833,136503,Male,Tier 2,Store,0,2026-03-05 14:19:15.683837
27,221873,3.3,3,24,4,103857,108806,Male,Tier 2,Store,0,2026-03-05 14:19:15.683837
55,64107,3.8,2,13,19,52695,92703,Other,Tier 1,Store,0,2026-03-05 14:19:15.683837
35,178224,6.0,3,0,15,51038,24794,Female,Tier 1,Store,0,2026-03-05 14:19:15.683837
67,239332,6.7,10,32,5,27276,52829,Female,Tier 3,Store,0,2026-03-05 14:19:15.683837
22,176696,8.5,4,36,7,135017,37920,Male,Tier 3,Store,0,2026-03-05 14:19:15.683837
70,144240,5.6,1,28,2,16622,40426,Female,Tier 3,Store,0,2026-03-05 14:19:15.683837
46,114655,9.1,4,36,11,70879,122582,Female,Tier 2,Store,0,2026-03-05 14:19:15.683837
56,71132,3.6,6,7,0,60291,123332,Other,Tier 2,Store,0,2026-03-05 14:19:15.683837
77,140701,6.4,5,0,19,89723,21132,Other,Tier 3,Store,0,2026-03-05 14:19:15.683837
51,120494,5.5,5,23,13,94814,9564,Female,Tier 1,Hybrid,0,2026-03-05 14:19:15.683837
60,67979,3.4,9,49,10,6515,6459,Male,Tier 3,Online,1,2026-03-05 14:19:15.683837
79,73013,2.6,9,0,19,139087,30927,Male,Tier 2,Store,0,2026-03-05 14:19:15.683837
62,240997,5.1,9,45,6,30353,92911,Female,Tier 2,Store,0,2026-03-05 14:19:15.683837
40,78797,5.3,7,42,3,145270,24940,Male,Tier 2,Hybrid,0,2026-03-05 14:19:15.683837
22,66798,4.2,10,9,5,125088,57824,Other,Tier 2,Store,0,2026-03-05 14:19:15.683837
47,162722,7.5,9,17,13,36270,67388,Female,Tier 3,Store,0,2026-03-05 14:19:15.683837
23,172086,5.2,8,20,9,48604,4649,Other,Tier 3,Online,1,2026-03-05 14:19:15.683837
73,91421,4.0,8,9,3,97804,74783,Female,Tier 3,Store,0,2026-03-05 14:19:15.683837
75,22434,5.5,5,21,12,30652,9142,Female,Tier 1,Online,1,2026-03-05 14:19:15.683837
78,45028,4.7,9,44,7,139042,23811,Female,Tier 1,Online,1,2026-03-05 14:19:15.683837
63,81558,9.3,8,8,17,105577,66211,Male,Tier 1,Store,0,2026-03-05 14:19:15.683837
61,39331,5.4,7,8,4,3047,68978,Male,Tier 1,Store,0,2026-03-05 14:19:15.683837
21,82573,4.2,8,39,11,88404,31918,Female,Tier 1,Store,0,2026-03-05 14:19:15.683837
46,144473,9.3,9,44,4,105114,97213,Male,Tier 3,Store,0,2026-03-05 14:19:15.683837
40,220364,7.5,7,38,6,145007,138327,Male,Tier 3,Store,0,2026-03-05 14:19:15.683837
23,192398,6.2,9,20,18,48735,117770,Male,Tier 2,Store,0,2026-03-05 14:19:15.683837
49,97979,4.4,8,30,13,142294,132944,Male,Tier 2,Store,0,2026-03-05 14:19:15.683837
59,245800,7.5,2,1,10,4310,40928,Other,Tier 3,Store,0,2026-03-05 14:19:15.683837
35,19123,3.1,3,23,19,49651,8914,Other,Tier 1,Store,0,2026-03-05 14:19:15.683837
32,31603,7.4,6,32,10,12627,18514,Other,Tier 2,Hybrid,0,2026-03-05 14:19:15.683837
57,80941,6.5,6,10,2,21921,103701,Male,Tier 3,Store,0,2026-03-05 14:19:15.683837
75,57597,8.0,7,0,12,26683,144012,Other,Tier 1,Store,0,2026-03-05 14:19:15.683837
49,209310,1.3,2,48,5,121439,87870,Other,Tier 2,Store,0,2026-03-05 14:19:15.683837
26,99238,4.2,1,7,15,11195,78491,Male,Tier 1,Store,0,2026-03-05 14:19:15.683837
54,188791,4.0,5,8,5,18842,141189,Female,Tier 3,Store,0,2026-03-05 14:19:15.683837
27,237858,3.8,2,20,5,38609,70517,Female,Tier 3,Store,0,2026-03-05 14:19:15.683837
37,56751,6.9,9,46,5,2891,110857,Other,Tier 2,Store,0,2026-03-05 14:19:15.683837
23,141462,5.4,3,21,12,30873,121153,Other,Tier 3,Store,0,2026-03-05 14:19:15.683837
65,101978,4.3,2,28,7,44533,34400,Other,Tier 3,Store,0,2026-03-05 14:19:15.683837
73,32693,3.8,7,39,16,51682,17022,Female,Tier 3,Hybrid,0,2026-03-05 14:19:15.683837
76,235613,4.1,6,2,1,84499,22423,Male,Tier 2,Store,0,2026-03-05 14:19:15.683837
20,183769,7.7,8,48,5,18157,64892,Female,Tier 1,Store,0,2026-03-05 14:19:15.683837
59,109524,5.9,9,24,5,31162,34871,Other,Tier 1,Hybrid,0,2026-03-05 14:19:15.683837
28,112869,7.7,3,17,6,65108,89107,Male,Tier 2,Store,0,2026-03-05 14:19:15.683837
60,176064,11.3,8,10,0,15344,143215,Male,Tier 1,Store,0,2026-03-05 14:19:15.683837
34,78825,6.0,4,29,7,41552,140331,Female,Tier 1,Store,0,2026-03-05 14:19:15.683837
49,155594,3.2,2,24,2,77473,134640,Male,Tier 3,Store,0,2026-03-05 14:19:15.683837
21,145475,5.7,4,10,3,105760,24321,Other,Tier 3,Store,0,2026-03-05 14:19:15.683837
21,60406,9.8,4,33,16,110335,3299,Female,Tier 3,Online,1,2026-03-05 14:19:15.683837
34,158193,8.2,8,23,2,16490,12899,Other,Tier 3,Online,1,2026-03-05 14:19:15.683837
58,138371,4.7,10,47,1,130746,27431,Female,Tier 2,Online,1,2026-03-05 14:19:15.683837
36,160291,5.4,8,31,13,143921,126548,Female,Tier 2,Store,0,2026-03-05 14:19:15.683837
22,16617,7.6,7,2,5,99963,39937,Male,Tier 1,Store,0,2026-03-05 14:19:15.683837
49,58016,7.0,4,44,17,83625,87378,Male,Tier 1,Store,0,2026-03-05 14:19:15.683837
39,196744,7.6,2,24,1,127256,139245,Male,Tier 3,Store,0,2026-03-05 14:19:15.683837
73,39276,5.5,1,44,11,144828,17595,Other,Tier 3,Hybrid,0,2026-03-05 14:19:15.683837
23,245959,6.8,2,19,4,2316,91690,Male,Tier 2,Store,0,2026-03-05 14:19:15.683837
52,87240,5.4,2,19,9,36735,129228,Female,Tier 3,Store,0,2026-03-05 14:19:15.683837
39,121292,8.8,3,16,14,131774,99688,Female,Tier 2,Store,0,2026-03-05 14:19:15.683837
18,201807,2.9,10,19,12,132683,44003,Female,Tier 2,Store,0,2026-03-05 14:19:15.683837
37,32959,3.0,5,17,9,117500,55243,Male,Tier 2,Store,0,2026-03-05 14:19:15.683837
39,43522,4.6,1,13,16,22419,9408,Male,Tier 3,Store,0,2026-03-05 14:19:15.683837
65,202159,4.6,5,33,12,109657,67024,Other,Tier 1,Store,0,2026-03-05 14:19:15.683837
72,156025,2.9,7,15,6,63235,64893,Male,Tier 2,Store,0,2026-03-05 14:19:15.683837
28,41567,2.6,1,31,3,46886,49261,Male,Tier 1,Store,0,2026-03-05 14:19:15.683837
30,206595,8.1,4,7,1,12105,106404,Other,Tier 1,Store,0,2026-03-05 14:19:15.683837
76,77708,5.7,2,41,4,91903,95891,Other,Tier 2,Store,0,2026-03-05 14:19:15.683837
59,141206,5.5,8,15,9,37638,84195,Other,Tier 3,Store,0,2026-03-05 14:19:15.683837
20,37560,6.1,2,38,18,105762,82298,Male,Tier 2,Store,0,2026-03-05 14:19:15.683837
26,73390,9.2,1,37,8,21353,39999,Female,Tier 2,Store,0,2026-03-05 14:19:15.683837
77,140772,6.2,2,3,1,76261,12035,Other,Tier 2,Online,1,2026-03-05 14:19:15.683837
29,214221,5.8,10,34,8,106817,80977,Female,Tier 1,Store,0,2026-03-05 14:19:15.683837
40,182732,4.7,4,27,12,12300,30008,Other,Tier 3,Store,0,2026-03-05 14:19:15.683837
31,60104,7.2,5,42,0,89274,54916,Male,Tier 1,Store,0,2026-03-05 14:19:15.683837
50,72805,5.9,2,41,14,59527,93746,Other,Tier 1,Store,0,2026-03-05 14:19:15.683837
35,248807,9.3,4,13,12,33501,38677,Other,Tier 1,Store,0,2026-03-05 14:19:15.683837
66,39496,5.7,7,4,13,121073,31996,Other,Tier 1,Store,0,2026-03-05 14:19:15.683837
76,229373,8.0,5,1,10,15449,36307,Male,Tier 3,Store,0,2026-03-05 14:19:15.683837
58,106257,4.6,8,44,1,58931,19415,Female,Tier 2,Online,1,2026-03-05 14:19:15.683837
26,18515,4.6,10,49,0,64583,128782,Female,Tier 3,Store,0,2026-03-05 14:19:15.683837
40,19454,2.3,9,23,10,85340,116577,Female,Tier 2,Store,0,2026-03-05 14:19:15.683837
27,37873,7.6,1,2,15,39256,44529,Other,Tier 1,Store,0,2026-03-05 14:19:15.683837
36,88920,5.9,1,22,4,93528,73666,Female,Tier 2,Store,0,2026-03-05 14:19:15.683837
78,28727,7.3,3,10,18,41041,121225,Male,Tier 2,Store,0,2026-03-05 14:19:15.683837
64,143376,9.4,8,37,9,69746,6411,Male,Tier 3,Online,1,2026-03-05 14:19:15.683837
22,84070,4.3,1,34,19,30709,10945,Female,Tier 1,Store,0,2026-03-05 14:19:15.683837
64,114059,4.0,10,0,14,145444,31609,Male,Tier 3,Store,0,2026-03-05 14:19:15.683837
69,139564,4.4,2,5,1,93103,66436,Other,Tier 2,Store,0,2026-03-05 14:19:15.683837
40,243497,1.8,1,5,2,111356,69546,Male,Tier 3,Store,0,2026-03-05 14:19:15.683837
47,132213,5.6,1,39,13,52745,122279,Male,Tier 1,Store,0,2026-03-05 14:19:15.683837
42,196051,7.8,9,25,16,55050,9730,Female,Tier 2,Online,1,2026-03-05 14:19:15.683837
45,40465,6.1,10,34,6,98845,56463,Male,Tier 1,Store,0,2026-03-05 14:19:15.683837
51,199972,2.9,1,12,13,112934,48385,Other,Tier 3,Store,0,2026-03-05 14:19:15.683837
62,74799,5.3,4,24,9,39364,87028,Male,Tier 2,Store,0,2026-03-05 14:19:15.683837
73,111129,6.3,7,21,15,53589,36134,Female,Tier 2,Store,0,2026-03-05 14:19:15.683837
65,167402,7.9,5,16,13,136218,120617,Female,Tier 1,Store,0,2026-03-05 14:19:15.683837
64,154374,7.6,10,13,13,31858,126451,Male,Tier 2,Store,0,2026-03-05 14:19:15.683837
42,224515,5.3,5,2,9,14090,94810,Male,Tier 2,Store,0,2026-03-05 14:19:15.683837
27,236038,5.3,7,3,14,131008,81896,Male,Tier 2,Store,0,2026-03-05 14:19:15.683837
31,122288,7.2,6,34,17,104492,55488,Other,Tier 1,Store,0,2026-03-05 14:19:15.683837
59,218789,4.8,6,46,0,1376,15422,Other,Tier 2,Online,1,2026-03-05 14:19:15.683837
74,27875,7.7,8,27,2,1101,20909,Other,Tier 1,Online,1,2026-03-05 14:19:15.683837
63,42219,4.7,10,42,8,114977,117606,Female,Tier 1,Store,0,2026-03-05 14:19:15.683837
75,51182,9.1,9,1,9,58009,68660,Female,Tier 3,Store,0,2026-03-05 14:19:15.683837
47,226613,6.5,2,44,4,120862,146574,Other,Tier 2,Store,0,2026-03-05 14:19:15.683837
72,188341,2.1,10,47,4,57451,113567,Female,Tier 1,Store,0,2026-03-05 14:19:15.683837
58,94781,7.3,4,37,14,63513,143399,Male,Tier 2,Store,0,2026-03-05 14:19:15.683837
42,21457,6.5,10,46,3,128248,25505,Other,Tier 1,Hybrid,0,2026-03-05 14:19:15.683837
31,152821,7.0,9,3,3,104249,88658,Male,Tier 2,Store,0,2026-03-05 14:19:15.683837
52,48064,10.5,10,46,17,34713,39468,Female,Tier 2,Store,0,2026-03-05 14:19:15.683837
69,155893,5.5,1,48,6,120388,34302,Male,Tier 1,Store,0,2026-03-05 14:19:15.683837
65,130256,2.9,10,11,19,101971,5181,Female,Tier 2,Online,1,2026-03-05 14:19:15.683837
51,113297,8.5,8,33,0,133239,72728,Other,Tier 2,Store,0,2026-03-05 14:19:15.683837
27,249659,2.4,1,36,13,46762,148923,Male,Tier 3,Store,0,2026-03-05 14:19:15.683837
52,224727,4.5,4,43,6,127103,35971,Other,Tier 3,Store,0,2026-03-05 14:19:15.683837
28,153736,6.1,9,40,18,106226,145464,Other,Tier 3,Store,0,2026-03-05 14:19:15.683837
28,175353,4.2,4,29,8,11504,69939,Male,Tier 3,Store,0,2026-03-05 14:19:15.683837
38,177893,5.9,5,20,11,23656,122619,Female,Tier 1,Store,0,2026-03-05 14:19:15.683837
38,249841,5.7,9,27,9,91490,129814,Male,Tier 3,Store,0,2026-03-05 14:19:15.683837
39,170719,9.1,8,41,5,53039,59640,Male,Tier 2,Store,0,2026-03-05 14:19:15.683837
62,84918,1.2,1,49,2,77257,133760,Male,Tier 2,Store,0,2026-03-05 14:19:15.683837
24,228057,6.2,3,4,10,127855,58269,Male,Tier 3,Store,0,2026-03-05 14:19:15.683837
72,228871,4.2,4,32,0,28453,45763,Female,Tier 1,Store,0,2026-03-05 14:19:15.683837
34,105179,4.9,3,33,0,49075,112083,Other,Tier 3,Store,0,2026-03-05 14:19:15.683837
79,89944,7.4,9,31,6,46582,95424,Other,Tier 3,Store,0,2026-03-05 14:19:15.683837
19,104142,7.0,6,26,10,23524,147192,Other,Tier 2,Store,0,2026-03-05 14:19:15.683837
29,42603,6.7,3,2,9,106687,124850,Female,Tier 1,Store,0,2026-03-05 14:19:15.683837
74,61458,3.5,8,39,1,67756,137296,Male,Tier 2,Store,0,2026-03-05 14:19:15.683837
59,85605,8.4,9,43,6,32610,116849,Female,Tier 3,Store,0,2026-03-05 14:19:15.683837
35,34623,4.2,10,41,0,1091,80109,Other,Tier 2,Store,0,2026-03-05 14:19:15.683837
71,59440,8.8,4,43,4,12275,95611,Other,Tier 2,Store,0,2026-03-05 14:19:15.683837
76,97427,4.7,5,3,17,127535,84452,Female,Tier 3,Store,0,2026-03-05 14:19:15.683837
28,153776,8.1,3,35,2,86168,133468,Female,Tier 1,Store,0,2026-03-05 14:19:15.683837
33,108826,6.2,5,35,4,51440,48761,Other,Tier 1,Store,0,2026-03-05 14:19:15.683837
66,42460,2.7,2,40,9,64949,122566,Female,Tier 2,Store,0,2026-03-05 14:19:15.683837
68,229117,5.3,2,2,4,119133,30655,Male,Tier 2,Store,0,2026-03-05 14:19:15.683837
35,228877,9.4,5,49,17,1181,105303,Female,Tier 2,Store,0,2026-03-05 14:19:15.683837
52,219583,7.6,7,0,13,17287,79640,Male,Tier 3,Store,0,2026-03-05 14:19:15.683837
70,125373,5.1,1,38,3,139840,34288,Male,Tier 2,Store,0,2026-03-05 14:19:15.683837
76,152637,8.6,3,39,6,30497,145371,Male,Tier 1,Store,0,2026-03-05 14:19:15.683837
43,234075,6.6,1,38,18,149682,81703,Male,Tier 3,Store,0,2026-03-05 14:19:15.683837
33,19870,9.3,8,26,19,12648,40982,Male,Tier 2,Store,0,2026-03-05 14:19:15.683837
23,33909,5.8,2,43,6,24583,148828,Male,Tier 2,Store,0,2026-03-05 14:19:15.683837
74,24117,5.4,6,2,10,53066,53284,Male,Tier 2,Store,0,2026-03-05 14:19:15.683837
61,82474,8.0,6,35,16,94134,40731,Female,Tier 1,Store,0,2026-03-05 14:19:15.683837
60,108926,6.5,9,36,13,38829,26477,Female,Tier 1,Hybrid,0,2026-03-05 14:19:15.683837
64,190394,7.1,6,29,7,64738,68091,Other,Tier 2,Store,0,2026-03-05 14:19:15.683837
64,142463,4.3,10,0,18,69253,138882,Female,Tier 1,Store,0,2026-03-05 14:19:15.683837
65,116536,8.3,6,9,1,43872,56349,Male,Tier 1,Store,0,2026-03-05 14:19:15.683837
59,35128,8.0,1,2,7,116942,138826,Female,Tier 1,Store,0,2026-03-05 14:19:15.683837
29,243389,8.7,7,37,10,63724,91223,Male,Tier 2,Store,0,2026-03-05 14:19:15.683837
77,84001,3.3,6,2,18,148110,110308,Male,Tier 3,Store,0,2026-03-05 14:19:15.683837
30,15440,3.7,8,36,5,137823,108134,Male,Tier 2,Store,0,2026-03-05 14:19:15.683837
21,207027,4.5,1,33,10,46420,40619,Female,Tier 3,Store,0,2026-03-05 14:19:15.683837
56,195685,5.5,8,19,16,113709,50603,Female,Tier 2,Store,0,2026-03-05 14:19:15.683837
71,138491,3.3,8,10,15,88391,100909,Male,Tier 1,Store,0,2026-03-05 14:19:15.683837
19,217021,7.3,1,18,19,9551,22184,Female,Tier 1,Store,0,2026-03-05 14:19:15.683837
43,157735,5.1,7,26,8,48139,65937,Other,Tier 2,Store,0,2026-03-05 14:19:15.683837
76,249388,8.5,7,23,12,3784,124623,Male,Tier 2,Store,0,2026-03-05 14:19:15.683837
44,165619,10.2,7,5,6,129199,29853,Female,Tier 3,Store,0,2026-03-05 14:19:15.683837
44,96662,4.8,3,0,15,19453,120763,Male,Tier 1,Store,0,2026-03-05 14:19:15.683837
32,15005,4.5,3,18,3,107883,68545,Other,Tier 1,Store,0,2026-03-05 14:19:15.683837
25,249152,7.5,8,9,10,93439,61236,Male,Tier 3,Store,0,2026-03-05 14:19:15.683837
24,22038,6.2,8,43,18,105262,144206,Other,Tier 3,Store,0,2026-03-05 14:19:15.683837
64,21414,6.7,8,31,13,26226,39317,Female,Tier 3,Store,0,2026-03-05 14:19:15.683837
72,233731,8.7,3,47,14,136458,20155,Male,Tier 2,Store,0,2026-03-05 14:19:15.683837
63,84506,5.5,4,36,7,149680,102333,Male,Tier 1,Store,0,2026-03-05 14:19:15.683837
57,91586,3.9,2,35,11,14745,87599,Female,Tier 2,Store,0,2026-03-05 14:19:15.683837
77,148678,3.5,3,1,10,132819,22104,Female,Tier 1,Store,0,2026-03-05 14:19:15.683837
29,31482,5.6,5,36,5,41307,30248,Other,Tier 1,Store,0,2026-03-05 14:19:15.683837
30,244901,5.3,3,13,12,115304,8755,Male,Tier 3,Store,0,2026-03-05 14:19:15.683837
79,217945,7.7,4,45,17,96552,80509,Female,Tier 1,Store,0,2026-03-05 14:19:15.683837
60,48948,8.8,7,12,2,97918,52285,Other,Tier 3,Store,0,2026-03-05 14:19:15.683837
34,104987,8.8,3,49,19,126400,33911,Female,Tier 2,Store,0,2026-03-05 14:19:15.683837
78,237873,4.6,1,16,1,146672,84221,Male,Tier 2,Store,0,2026-03-05 14:19:15.683837
34,237322,4.4,1,26,2,117530,138460,Male,Tier 1,Store,0,2026-03-05 14:19:15.683837
73,35875,2.4,4,28,7,51794,146382,Female,Tier 3,Store,0,2026-03-05 14:19:15.683837
53,28057,6.0,1,12,2,83203,17264,Female,Tier 2,Store,0,2026-03-05 14:19:15.683837
38,47400,7.8,6,48,9,130705,59946,Female,Tier 2,Store,0,2026-03-05 14:19:15.683837
25,217530,4.6,4,24,6,74752,149945,Other,Tier 3,Store,0,2026-03-05 14:19:15.683837
22,83607,3.0,5,23,8,66729,94992,Other,Tier 2,Store,0,2026-03-05 14:19:15.683837
43,102561,9.8,6,47,17,34538,112538,Other,Tier 1,Store,0,2026-03-05 14:19:15.683837
33,42503,4.6,2,35,15,29815,77010,Female,Tier 2,Store,0,2026-03-05 14:19:15.683837
53,169837,5.8,1,22,16,43954,6443,Other,Tier 1,Online,1,2026-03-05 14:19:15.683837
45,116096,5.1,10,25,19,61207,38520,Male,Tier 3,Store,0,2026-03-05 14:19:15.683837
71,61612,3.3,2,47,6,39559,58296,Other,Tier 3,Store,0,2026-03-05 14:19:15.683837
46,113318,7.8,6,35,18,146586,57735,Other,Tier 2,Store,0,2026-03-05 14:19:15.683837
64,99335,2.5,10,5,4,11258,70373,Other,Tier 1,Store,0,2026-03-05 14:19:15.683837
29,115989,8.2,9,15,14,107111,2071,Female,Tier 1,Online,1,2026-03-05 14:19:15.683837
54,108012,6.5,8,9,1,53312,137225,Female,Tier 2,Store,0,2026-03-05 14:19:15.683837
47,96748,5.5,10,38,14,72788,948,Female,Tier 3,Online,1,2026-03-05 14:19:15.683837
40,155500,5.5,1,26,4,141424,12415,Other,Tier 3,Store,0,2026-03-05 14:19:15.683837
33,177491,6.9,5,1,13,52949,10665,Female,Tier 2,Store,0,2026-03-05 14:19:15.683837
31,80195,4.7,7,9,18,13911,30849,Male,Tier 2,Store,0,2026-03-05 14:19:15.683837
27,219767,6.4,8,47,1,523,64580,Female,Tier 3,Store,0,2026-03-05 14:19:15.683837
24,104846,4.2,7,7,19,37972,130067,Other,Tier 2,Store,0,2026-03-05 14:19:15.683837
62,117404,1.7,1,8,18,102526,91094,Male,Tier 3,Store,0,2026-03-05 14:19:15.683837
69,54142,7.2,4,12,5,77081,36591,Female,Tier 3,Store,0,2026-03-05 14:19:15.683837
77,86540,10.9,4,7,18,17743,10251,Female,Tier 1,Online,1,2026-03-05 14:19:15.683837
78,184361,7.1,9,26,9,118604,60867,Male,Tier 2,Store,0,2026-03-05 14:19:15.683837
54,91948,5.9,6,45,15,13218,129511,Male,Tier 3,Store,0,2026-03-05 14:19:15.683837
46,73951,5.2,6,41,16,121096,59653,Male,Tier 2,Store,0,2026-03-05 14:19:15.683837
20,26755,5.3,5,20,9,90120,138844,Female,Tier 1,Store,0,2026-03-05 14:19:15.683837
32,132985,5.2,5,40,12,66717,19462,Female,Tier 3,Store,0,2026-03-05 14:19:15.683837
53,99553,6.4,9,33,12,58632,118830,Male,Tier 2,Store,0,2026-03-05 14:19:15.683837
64,149962,1.2,2,28,13,61237,90933,Male,Tier 1,Store,0,2026-03-05 14:19:15.683837
63,109376,1.0,10,29,18,117638,122715,Female,Tier 1,Store,0,2026-03-05 14:19:15.683837
69,32175,6.9,5,43,18,71158,11690,Other,Tier 1,Online,1,2026-03-05 14:19:15.683837
36,220799,5.6,1,15,4,16534,34551,Male,Tier 3,Store,0,2026-03-05 14:19:15.683837
30,80687,4.0,5,0,8,127369,81217,Female,Tier 2,Store,0,2026-03-05 14:19:15.683837
59,99983,4.0,4,44,14,46380,11335,Female,Tier 2,Hybrid,0,2026-03-05 14:19:15.683837
38,234359,4.9,4,46,11,83246,31859,Other,Tier 1,Store,0,2026-03-05 14:19:15.683837
54,240783,5.2,4,28,3,61188,110387,Male,Tier 1,Store,0,2026-03-05 14:19:15.683837
44,170360,8.8,3,41,17,49406,81818,Male,Tier 2,Store,0,2026-03-05 14:19:15.683837
72,61629,3.9,6,29,0,33141,66417,Male,Tier 1,Store,0,2026-03-05 14:19:15.683837
69,131779,7.5,3,21,11,139645,3277,Other,Tier 1,Hybrid,0,2026-03-05 14:19:15.683837
46,193872,7.2,6,14,8,137929,41740,Female,Tier 2,Store,0,2026-03-05 14:19:15.683837
37,183439,5.6,6,19,3,16162,48699,Other,Tier 3,Store,0,2026-03-05 14:19:15.683837
42,223882,7.5,10,37,5,118497,136347,Male,Tier 2,Store,0,2026-03-05 14:19:15.683837
23,223826,6.9,2,22,1,97386,42516,Other,Tier 2,Store,0,2026-03-05 14:19:15.683837
53,235400,3.5,9,30,10,16566,93777,Female,Tier 1,Store,0,2026-03-05 14:19:15.683837
19,83513,4.8,10,16,10,23705,23743,Male,Tier 1,Store,0,2026-03-05 14:19:15.683837
39,97762,6.8,8,34,4,58918,122200,Other,Tier 1,Store,0,2026-03-05 14:19:15.683837
49,175094,4.8,7,1,5,29039,95839,Male,Tier 3,Store,0,2026-03-05 14:19:15.683837
33,215401,7.2,9,46,0,49417,54063,Male,Tier 3,Store,0,2026-03-05 14:19:15.683837
35,205486,8.3,8,30,2,2006,17932,Female,Tier 1,Online,1,2026-03-05 14:19:15.683837
22,147731,5.9,9,25,8,84825,121815,Other,Tier 1,Store,0,2026-03-05 14:19:15.683837
71,72941,4.8,8,30,0,89085,11737,Other,Tier 2,Online,1,2026-03-05 14:19:15.683837
53,184002,4.6,3,7,12,117524,78372,Female,Tier 3,Store,0,2026-03-05 14:19:15.683837
47,58473,5.3,10,15,16,40812,103604,Male,Tier 1,Store,0,2026-03-05 14:19:15.683837
62,201670,5.1,1,11,15,133778,19737,Other,Tier 3,Store,0,2026-03-05 14:19:15.683837
36,31040,7.7,6,18,11,93709,94466,Female,Tier 1,Store,0,2026-03-05 14:19:15.683837
40,84806,4.8,3,43,1,141591,100923,Other,Tier 1,Store,0,2026-03-05 14:19:15.683837
51,159358,5.6,3,12,3,115914,80676,Other,Tier 2,Store,0,2026-03-05 14:19:15.683837
30,215211,7.6,6,0,12,47551,15633,Male,Tier 1,Hybrid,0,2026-03-05 14:19:15.683837
60,127076,5.3,10,12,5,133664,1333,Male,Tier 3,Online,1,2026-03-05 14:19:15.683837
79,70916,5.1,9,3,16,90636,96673,Female,Tier 1,Store,0,2026-03-05 14:19:15.683837
71,163672,7.7,5,44,15,718,29606,Female,Tier 3,Hybrid,0,2026-03-05 14:19:15.683837
46,148363,8.3,1,47,8,141236,102594,Female,Tier 2,Store,0,2026-03-05 14:19:15.683837
53,159195,6.1,10,30,14,34384,101329,Male,Tier 2,Store,0,2026-03-05 14:19:15.683837
39,18811,9.3,7,7,1,70432,68196,Female,Tier 1,Store,0,2026-03-05 14:19:15.683837
69,224955,6.3,9,26,1,92337,104349,Female,Tier 2,Store,0,2026-03-05 14:19:15.683837
69,46276,7.8,10,7,16,54046,118265,Other,Tier 1,Store,0,2026-03-05 14:19:15.683837
64,200217,9.9,2,23,13,116826,131466,Female,Tier 2,Store,0,2026-03-05 14:19:15.683837
53,192691,4.7,9,21,14,59823,128803,Male,Tier 3,Store,0,2026-03-05 14:19:15.683837
26,96049,5.0,5,39,1,134634,23084,Other,Tier 1,Online,1,2026-03-05 14:19:15.683837
56,216750,7.6,1,28,2,51212,108622,Male,Tier 3,Store,0,2026-03-05 14:19:15.683837
68,234854,5.7,4,8,17,26708,22831,Male,Tier 3,Store,0,2026-03-05 14:19:15.683837
36,237115,4.1,8,16,4,14613,57376,Other,Tier 2,Store,0,2026-03-05 14:19:15.683837
55,172786,5.3,3,0,3,121187,56324,Female,Tier 3,Store,0,2026-03-05 14:19:15.683837
23,201757,3.2,5,43,6,109295,25302,Other,Tier 1,Hybrid,0,2026-03-05 14:19:15.683837
69,158266,6.0,2,31,6,106284,68246,Female,Tier 2,Store,0,2026-03-05 14:19:15.683837
64,88062,6.3,5,19,4,82317,127280,Male,Tier 2,Store,0,2026-03-05 14:19:15.683837
32,210109,8.2,9,0,19,120199,148842,Female,Tier 1,Store,0,2026-03-05 14:19:15.683837
74,165434,8.4,3,24,14,46353,80086,Female,Tier 2,Store,0,2026-03-05 14:19:15.683837
37,69499,5.4,7,40,19,142820,56103,Other,Tier 3,Store,0,2026-03-05 14:19:15.683837
26,61281,10.2,6,26,4,38544,74081,Male,Tier 1,Store,0,2026-03-05 14:19:15.683837
49,208885,3.9,2,22,13,140640,132877,Female,Tier 3,Store,0,2026-03-05 14:19:15.683837
21,59852,3.2,7,17,2,133759,32756,Other,Tier 2,Store,0,2026-03-05 14:19:15.683837
67,193908,3.5,10,30,0,47125,19576,Female,Tier 3,Online,1,2026-03-05 14:19:15.683837
35,19595,3.7,4,27,1,15897,141965,Male,Tier 2,Store,0,2026-03-05 14:19:15.683837
22,110930,7.5,6,41,12,33876,70679,Female,Tier 1,Store,0,2026-03-05 14:19:15.683837
37,161474,9.4,7,20,1,569,146510,Male,Tier 1,Store,0,2026-03-05 14:19:15.683837
40,211355,9.4,9,11,10,134319,92667,Male,Tier 1,Store,0,2026-03-05 14:19:15.683837
79,107676,2.2,7,36,4,47432,140539,Male,Tier 3,Store,0,2026-03-05 14:19:15.683837
28,234203,7.7,3,23,11,129195,107661,Male,Tier 3,Store,0,2026-03-05 14:19:15.683837
54,188795,9.1,9,38,17,99919,132894,Male,Tier 2,Store,0,2026-03-05 14:19:15.683837
39,197394,8.0,6,48,19,135880,146567,Female,Tier 1,Store,0,2026-03-05 14:19:15.683837
75,192836,4.7,4,32,16,69949,85350,Other,Tier 1,Store,0,2026-03-05 14:19:15.683837
21,170983,6.3,10,16,12,136387,4085,Other,Tier 2,Online,1,2026-03-05 14:19:15.683837
46,237360,4.1,5,32,5,12131,125983,Female,Tier 1,Store,0,2026-03-05 14:19:15.683837
61,34405,7.5,10,15,9,46406,35810,Other,Tier 3,Store,0,2026-03-05 14:19:15.683837
51,73122,3.1,1,26,0,89449,122252,Female,Tier 1,Store,0,2026-03-05 14:19:15.683837
30,235828,7.4,4,40,17,144147,24759,Male,Tier 3,Store,0,2026-03-05 14:19:15.683837
59,245561,4.6,3,27,3,73867,110774,Female,Tier 3,Store,0,2026-03-05 14:19:15.683837
26,247661,6.7,6,35,3,10141,20714,Male,Tier 2,Online,1,2026-03-05 14:19:15.683837
59,143909,5.5,9,6,8,96436,1820,Female,Tier 1,Online,1,2026-03-05 14:19:15.683837
48,18447,5.3,3,33,4,111778,77094,Female,Tier 2,Store,0,2026-03-05 14:19:15.683837
24,199215,7.9,5,45,9,144798,39431,Female,Tier 1,Store,0,2026-03-05 14:19:15.683837
21,208978,9.1,2,0,11,133610,55109,Female,Tier 2,Store,0,2026-03-05 14:19:15.683837
36,25662,4.3,9,3,19,76573,145548,Male,Tier 3,Store,0,2026-03-05 14:19:15.683837
59,209073,6.4,8,25,4,129641,23077,Other,Tier 2,Online,1,2026-03-05 14:19:15.683837
47,73282,3.8,10,19,0,44244,35994,Female,Tier 3,Hybrid,0,2026-03-05 14:19:15.683837
48,150971,5.1,4,12,19,109729,18810,Other,Tier 3,Store,0,2026-03-05 14:19:15.683837
52,43582,4.5,8,34,14,8169,63739,Other,Tier 3,Store,0,2026-03-05 14:19:15.683837
74,82471,3.5,10,9,19,87824,79640,Other,Tier 1,Store,0,2026-03-05 14:19:15.683837
38,138513,8.1,4,7,6,144245,55091,Female,Tier 1,Store,0,2026-03-05 14:19:15.683837
78,188285,6.2,2,17,11,83945,32187,Male,Tier 2,Store,0,2026-03-05 14:19:15.683837
48,122578,4.9,9,16,13,84659,48199,Male,Tier 3,Store,0,2026-03-05 14:19:15.683837
36,90871,5.9,2,4,11,47910,12115,Other,Tier 3,Store,0,2026-03-05 14:19:15.683837
48,98205,8.4,1,29,19,17062,146189,Other,Tier 1,Store,0,2026-03-05 14:19:15.683837
70,89081,8.1,1,30,15,149487,28738,Other,Tier 3,Store,0,2026-03-05 14:19:15.683837
49,120783,7.1,3,38,10,47806,52371,Female,Tier 2,Store,0,2026-03-05 14:19:15.683837
19,249631,4.7,10,23,17,108920,115965,Other,Tier 1,Store,0,2026-03-05 14:19:15.683837
76,98805,6.2,7,16,0,136361,89279,Female,Tier 1,Store,0,2026-03-05 14:19:15.683837
69,139698,3.8,6,33,13,111173,144751,Other,Tier 2,Store,0,2026-03-05 14:19:15.683837
27,183902,5.8,3,42,12,101969,33277,Other,Tier 3,Store,0,2026-03-05 14:19:15.683837
19,153138,8.0,5,34,7,93064,78599,Other,Tier 1,Store,0,2026-03-05 14:19:15.683837
19,25712,8.3,10,14,15,5438,141195,Female,Tier 2,Store,0,2026-03-05 14:19:15.683837
77,96527,4.7,6,10,0,144832,113070,Male,Tier 1,Store,0,2026-03-05 14:19:15.683837
41,144453,7.7,10,33,3,51432,99793,Female,Tier 3,Store,0,2026-03-05 14:19:15.683837
34,141888,7.3,2,7,15,1037,125601,Male,Tier 2,Store,0,2026-03-05 14:19:15.683837
49,247398,5.5,3,14,12,147905,120602,Male,Tier 2,Store,0,2026-03-05 14:19:15.683837
33,211437,7.5,4,35,17,114679,35360,Male,Tier 3,Store,0,2026-03-05 14:19:15.683837
33,102185,8.5,8,36,1,92749,50897,Male,Tier 3,Store,0,2026-03-05 14:19:15.683837
63,114851,7.7,1,22,9,47961,10479,Male,Tier 3,Online,1,2026-03-05 14:19:15.683837
56,176878,3.9,9,38,4,42882,80773,Other,Tier 2,Store,0,2026-03-05 14:19:15.683837
70,27210,5.4,1,25,10,91016,41431,Male,Tier 3,Store,0,2026-03-05 14:19:15.683837
48,51972,6.8,3,33,1,33052,115324,Female,Tier 3,Store,0,2026-03-05 14:19:15.683837
60,49136,4.4,3,10,0,98112,131589,Other,Tier 2,Store,0,2026-03-05 14:19:15.683837
41,190369,9.1,9,11,16,28569,22451,Female,Tier 3,Online,1,2026-03-05 14:19:15.683837
18,131445,6.6,3,7,3,117253,42623,Male,Tier 2,Store,0,2026-03-05 14:19:15.683837
28,30945,5.1,3,45,19,112872,37438,Male,Tier 3,Store,0,2026-03-05 14:19:15.683837
72,241273,5.0,2,7,1,69923,99572,Other,Tier 1,Store,0,2026-03-05 14:19:15.683837
38,188549,4.6,4,40,17,142654,104116,Male,Tier 3,Store,0,2026-03-05 14:19:15.683837
21,94180,7.4,8,4,3,22580,32014,Other,Tier 2,Store,0,2026-03-05 14:19:15.683837
24,85453,7.6,6,44,0,31443,75706,Female,Tier 3,Store,0,2026-03-05 14:19:15.683837
43,100404,4.7,1,9,13,36077,110123,Male,Tier 1,Store,0,2026-03-05 14:19:15.683837
64,223485,8.9,5,2,12,145281,2757,Male,Tier 2,Online,1,2026-03-05 14:19:15.683837
67,159296,5.2,10,42,9,30300,105186,Male,Tier 2,Store,0,2026-03-05 14:19:15.683837
29,18052,4.4,8,36,12,90245,127238,Other,Tier 1,Store,0,2026-03-05 14:19:15.683837
48,42272,7.0,1,21,10,62592,29593,Male,Tier 3,Store,0,2026-03-05 14:19:15.683837
34,56150,3.6,6,24,5,141260,83228,Male,Tier 3,Store,0,2026-03-05 14:19:15.683837
50,242276,3.3,7,3,5,53233,24454,Male,Tier 1,Store,0,2026-03-05 14:19:15.683837
28,163388,4.1,5,36,18,53985,125623,Male,Tier 2,Store,0,2026-03-05 14:19:15.683837
45,199461,4.4,4,7,9,42554,78008,Male,Tier 1,Store,0,2026-03-05 14:19:15.683837
49,209404,7.5,7,29,17,7318,122373,Other,Tier 3,Store,0,2026-03-05 14:19:15.683837
18,153312,3.4,9,8,12,97602,135836,Other,Tier 2,Store,0,2026-03-05 14:19:15.683837
64,112095,6.7,4,14,15,97694,9944,Male,Tier 3,Online,1,2026-03-05 14:19:15.683837
45,83774,7.7,3,0,17,102283,72719,Female,Tier 1,Store,0,2026-03-05 14:19:15.683837
70,58175,8.9,10,43,2,127534,9092,Male,Tier 1,Online,1,2026-03-05 14:19:15.683837
59,146637,5.0,4,12,14,118204,102403,Female,Tier 1,Store,0,2026-03-05 14:19:15.683837
24,233370,5.2,5,3,16,40213,71364,Female,Tier 1,Store,0,2026-03-05 14:19:15.683837
19,217166,10.1,9,15,2,26155,77869,Other,Tier 1,Store,0,2026-03-05 14:19:15.683837
59,31375,8.7,1,43,1,16245,86900,Male,Tier 1,Store,0,2026-03-05 14:19:15.683837
41,40710,5.5,9,46,12,122620,56718,Other,Tier 3,Store,0,2026-03-05 14:19:15.683837
21,195967,8.3,9,0,3,85660,141464,Male,Tier 2,Store,0,2026-03-05 14:19:15.683837
61,222711,6.5,8,13,0,75074,42019,Male,Tier 2,Store,0,2026-03-05 14:19:15.683837
36,161246,6.0,10,26,10,52781,111217,Other,Tier 2,Store,0,2026-03-05 14:19:15.683837
43,122026,11.0,8,25,18,54999,35313,Male,Tier 1,Store,0,2026-03-05 14:19:15.683837
28,233401,8.1,8,46,10,114754,93364,Female,Tier 3,Store,0,2026-03-05 14:19:15.683837
57,42597,9.8,4,31,19,106349,41614,Male,Tier 1,Store,0,2026-03-05 14:19:15.683837
67,89289,3.9,7,39,4,47087,34923,Other,Tier 3,Store,0,2026-03-05 14:19:15.683837
60,184469,9.6,2,1,14,33301,18635,Female,Tier 3,Store,0,2026-03-05 14:19:15.683837
28,217926,5.7,3,15,19,103563,105352,Female,Tier 2,Store,0,2026-03-05 14:19:15.683837
62,179141,5.7,8,27,4,26683,27931,Male,Tier 2,Store,0,2026-03-05 14:19:15.683837
20,100687,6.8,4,48,16,84475,94124,Other,Tier 3,Store,0,2026-03-05 14:19:15.683837
29,133968,7.0,10,25,7,19805,58268,Other,Tier 1,Store,0,2026-03-05 14:19:15.683837
20,55274,8.1,6,10,1,81849,67525,Male,Tier 2,Store,0,2026-03-05 14:19:15.683837
59,220309,7.8,8,22,5,139486,6322,Male,Tier 3,Online,1,2026-03-05 14:19:15.683837
44,218570,4.7,8,29,17,69397,139936,Male,Tier 3,Store,0,2026-03-05 14:19:15.683837
66,184269,4.0,5,30,17,35662,111070,Male,Tier 1,Store,0,2026-03-05 14:19:15.683837
71,63634,5.6,7,1,13,129730,30202,Male,Tier 3,Store,0,2026-03-05 14:19:15.683837
19,45041,6.0,1,19,2,9029,81939,Female,Tier 3,Store,0,2026-03-05 14:19:15.683837
66,153320,6.2,5,28,1,57269,114785,Other,Tier 2,Store,0,2026-03-05 14:19:15.683837
33,100365,8.7,3,9,16,87436,78845,Other,Tier 2,Store,0,2026-03-05 14:19:15.683837
19,148275,6.4,4,17,0,48803,82161,Other,Tier 1,Store,0,2026-03-05 14:19:15.683837
77,66986,11.3,1,30,7,74680,143827,Female,Tier 2,Store,0,2026-03-05 14:19:15.683837
71,40370,8.9,1,3,0,49420,96764,Female,Tier 3,Store,0,2026-03-05 14:19:15.683837
47,50247,5.4,3,26,18,44447,103367,Other,Tier 2,Store,0,2026-03-05 14:19:15.683837
37,139403,2.4,4,17,11,81098,55180,Other,Tier 2,Store,0,2026-03-05 14:19:15.683837
55,134544,10.8,3,43,3,131959,101251,Female,Tier 2,Store,0,2026-03-05 14:19:15.683837
45,221994,5.4,2,30,11,34130,12913,Male,Tier 1,Store,0,2026-03-05 14:19:15.683837
42,146506,7.9,7,6,11,102687,106794,Male,Tier 1,Store,0,2026-03-05 14:19:15.683837
49,77982,4.7,10,18,6,130246,68045,Female,Tier 2,Store,0,2026-03-05 14:19:15.683837
78,80180,9.2,9,38,17,120921,146009,Male,Tier 3,Store,0,2026-03-05 14:19:15.683837
27,123534,7.7,3,1,6,13154,60922,Male,Tier 1,Store,0,2026-03-05 14:19:15.683837
77,180546,3.8,9,13,10,64919,18007,Female,Tier 3,Online,1,2026-03-05 14:19:15.683837
59,39644,2.1,8,35,0,20740,52647,Other,Tier 3,Store,0,2026-03-05 14:19:15.683837
57,53493,6.4,5,42,7,10864,65931,Female,Tier 1,Store,0,2026-03-05 14:19:15.683837
50,98824,7.0,6,45,6,17795,111770,Other,Tier 2,Store,0,2026-03-05 14:19:15.683837
30,150031,7.5,1,27,18,91134,118161,Male,Tier 3,Store,0,2026-03-05 14:19:15.683837
73,62289,4.4,6,37,8,141429,37089,Female,Tier 3,Store,0,2026-03-05 14:19:15.683837
58,157215,4.7,9,2,9,99832,65906,Male,Tier 2,Store,0,2026-03-05 14:19:15.683837
71,185665,2.2,7,28,0,78806,35998,Male,Tier 2,Store,0,2026-03-05 14:19:15.683837
59,185187,4.9,9,26,12,137962,9912,Male,Tier 1,Online,1,2026-03-05 14:19:15.683837
64,168612,2.7,5,47,12,113459,15444,Male,Tier 2,Store,0,2026-03-05 14:19:15.683837
54,50481,4.6,5,47,15,102898,80367,Male,Tier 3,Store,0,2026-03-05 14:19:15.683837
71,241577,6.7,5,2,14,14852,121152,Other,Tier 2,Store,0,2026-03-05 14:19:15.683837
33,92097,6.6,6,47,1,8880,110434,Male,Tier 3,Store,0,2026-03-05 14:19:15.683837
62,37578,4.7,4,29,14,41546,42517,Other,Tier 1,Store,0,2026-03-05 14:19:15.683837
39,158859,6.5,10,17,6,93353,84441,Male,Tier 1,Store,0,2026-03-05 14:19:15.683837
74,87048,9.0,9,7,11,80670,144590,Other,Tier 1,Store,0,2026-03-05 14:19:15.683837
37,198951,5.4,7,9,11,102552,48252,Male,Tier 2,Store,0,2026-03-05 14:19:15.683837
67,156668,3.4,3,21,4,136174,22577,Female,Tier 3,Store,0,2026-03-05 14:19:15.683837
60,243354,7.6,10,23,5,94901,10797,Other,Tier 3,Online,1,2026-03-05 14:19:15.683837
44,206741,8.2,7,2,5,31687,122032,Female,Tier 2,Store,0,2026-03-05 14:19:15.683837
58,166002,4.6,3,13,18,145467,145732,Male,Tier 2,Store,0,2026-03-05 14:19:15.683837
33,194022,4.6,3,46,14,28768,44140,Other,Tier 1,Store,0,2026-03-05 14:19:15.683837
51,110737,2.0,4,23,8,38895,145161,Male,Tier 1,Store,0,2026-03-05 14:19:15.683837
49,33687,5.1,2,26,12,116958,76991,Female,Tier 1,Store,0,2026-03-05 14:19:15.683837
43,198905,4.2,8,33,2,52653,84164,Other,Tier 3,Store,0,2026-03-05 14:19:15.683837
42,137540,3.0,1,30,14,97468,126237,Male,Tier 2,Store,0,2026-03-05 14:19:15.683837
19,182061,5.3,10,47,1,4113,17421,Other,Tier 1,Online,1,2026-03-05 14:19:15.683837
29,45183,6.0,1,26,1,18735,113229,Other,Tier 1,Store,0,2026-03-05 14:19:15.683837
57,35758,5.6,1,44,6,126270,57379,Female,Tier 2,Store,0,2026-03-05 14:19:15.683837
26,147154,5.4,4,28,13,31919,75402,Other,Tier 1,Store,0,2026-03-05 14:19:15.683837
29,111368,9.0,1,28,12,74061,140738,Other,Tier 2,Store,0,2026-03-05 14:19:15.683837
43,60891,6.6,3,46,11,118312,55439,Female,Tier 2,Store,0,2026-03-05 14:19:15.683837
26,191882,7.3,7,45,6,127177,96846,Male,Tier 3,Store,0,2026-03-05 14:19:15.683837
27,61901,9.6,3,49,1,90905,125298,Other,Tier 1,Store,0,2026-03-05 14:19:15.683837
49,229584,8.0,2,47,14,112954,33632,Female,Tier 3,Store,0,2026-03-05 14:19:15.683837
74,118912,5.5,10,11,3,33271,123611,Female,Tier 1,Store,0,2026-03-05 14:19:15.683837
51,86062,2.3,6,13,17,129974,119727,Female,Tier 3,Store,0,2026-03-05 14:19:15.683837
65,242694,5.3,8,26,5,4168,144376,Female,Tier 2,Store,0,2026-03-05 14:19:15.683837
37,167635,8.9,4,46,10,93286,31514,Other,Tier 2,Store,0,2026-03-05 14:19:15.683837
56,87008,8.0,4,1,6,39435,137342,Female,Tier 2,Store,0,2026-03-05 14:19:15.683837
77,148847,5.3,2,36,7,83301,9426,Female,Tier 3,Online,1,2026-03-05 14:19:15.683837
19,161900,5.8,5,44,9,16908,131204,Male,Tier 3,Store,0,2026-03-05 14:19:15.683837
18,32974,6.3,10,17,6,25784,65257,Other,Tier 3,Store,0,2026-03-05 14:19:15.683837
68,168460,4.8,8,12,6,74879,2553,Female,Tier 1,Online,1,2026-03-05 14:19:15.683837
77,95591,4.9,1,8,5,15247,27321,Other,Tier 1,Store,0,2026-03-05 14:19:15.683837
53,33615,4.7,2,28,3,115877,107502,Female,Tier 2,Store,0,2026-03-05 14:19:15.683837
41,183958,7.0,1,9,8,125154,40126,Female,Tier 2,Store,0,2026-03-05 14:19:15.683837
71,37838,3.9,4,19,3,94185,85179,Male,Tier 1,Store,0,2026-03-05 14:19:15.683837
44,55728,8.9,7,36,2,68071,75610,Other,Tier 2,Store,0,2026-03-05 14:19:15.683837
19,131249,6.0,3,28,11,145833,91632,Other,Tier 1,Store,0,2026-03-05 14:19:15.683837
48,93000,3.8,8,5,10,127833,144238,Male,Tier 1,Store,0,2026-03-05 14:19:15.683837
74,67798,8.1,6,40,10,38449,29230,Other,Tier 3,Online,1,2026-03-05 14:19:15.683837
31,218848,9.0,2,25,7,80742,118218,Female,Tier 2,Store,0,2026-03-05 14:19:15.683837
19,216550,12.0,9,21,8,58618,41779,Female,Tier 1,Hybrid,0,2026-03-05 14:19:15.683837
46,165694,8.7,9,42,5,29426,149434,Other,Tier 2,Store,0,2026-03-05 14:19:15.683837
32,159608,4.2,7,46,2,91959,126744,Female,Tier 2,Store,0,2026-03-05 14:19:15.683837
29,213208,6.4,10,37,9,91466,105825,Other,Tier 2,Store,0,2026-03-05 14:19:15.683837
54,151772,11.1,8,25,12,16540,72080,Male,Tier 3,Store,0,2026-03-05 14:19:15.683837
45,184911,4.4,10,16,8,134614,36573,Other,Tier 1,Store,0,2026-03-05 14:19:15.683837
37,25248,3.5,1,0,17,9027,137070,Female,Tier 1,Store,0,2026-03-05 14:19:15.683837
78,60291,5.2,6,30,2,149660,133295,Male,Tier 3,Store,0,2026-03-05 14:19:15.683837
56,97629,4.0,9,8,6,69080,51266,Male,Tier 1,Store,0,2026-03-05 14:19:15.683837
41,230963,4.8,6,25,4,145362,66929,Male,Tier 2,Store,0,2026-03-05 14:19:15.683837
38,140612,4.7,3,49,15,111007,67635,Female,Tier 1,Store,0,2026-03-05 14:19:15.683837
27,32177,7.4,2,5,8,69106,27998,Female,Tier 1,Store,0,2026-03-05 14:19:15.683837
63,165555,3.4,8,45,12,107309,88670,Other,Tier 2,Store,0,2026-03-05 14:19:15.683837
31,58815,6.3,4,1,11,55934,84776,Male,Tier 2,Store,0,2026-03-05 14:19:15.683837
54,53533,4.5,1,41,0,38794,132076,Female,Tier 3,Store,0,2026-03-05 14:19:15.683837
35,15026,7.1,8,26,17,122698,28710,Male,Tier 1,Store,0,2026-03-05 14:19:15.683837
41,119997,7.3,1,0,5,133046,54958,Female,Tier 1,Store,0,2026-03-05 14:19:15.683837
31,75611,7.8,2,29,16,24391,32262,Other,Tier 1,Store,0,2026-03-05 14:19:15.683837
51,102242,7.8,1,17,18,24051,112514,Female,Tier 2,Store,0,2026-03-05 14:19:15.683837
75,170732,4.8,8,33,19,117663,147094,Other,Tier 2,Store,0,2026-03-05 14:19:15.683837
29,201175,6.0,3,20,5,104104,4797,Other,Tier 1,Online,1,2026-03-05 14:19:15.683837
39,198325,8.9,9,0,4,3806,142145,Other,Tier 2,Store,0,2026-03-05 14:19:15.683837
73,119913,6.9,7,46,1,84248,111824,Male,Tier 1,Store,0,2026-03-05 14:19:15.683837
23,57082,7.8,6,31,9,141067,125624,Female,Tier 3,Store,0,2026-03-05 14:19:15.683837
53,162330,3.6,6,42,10,83645,140422,Male,Tier 3,Store,0,2026-03-05 14:19:15.683837
62,118613,7.9,10,33,1,112016,143058,Other,Tier 2,Store,0,2026-03-05 14:19:15.683837
53,113315,2.2,1,46,17,36923,126957,Female,Tier 3,Store,0,2026-03-05 14:19:15.683837
39,104690,2.9,8,13,15,81669,131791,Female,Tier 2,Store,0,2026-03-05 14:19:15.683837
31,110220,4.2,10,4,2,133228,1373,Female,Tier 3,Online,1,2026-03-05 14:19:15.683837
33,30389,6.9,3,35,10,36699,60082,Female,Tier 3,Store,0,2026-03-05 14:19:15.683837
78,106860,7.2,3,31,2,20205,130457,Male,Tier 1,Store,0,2026-03-05 14:19:15.683837
53,173757,4.4,3,8,5,56128,2088,Female,Tier 3,Hybrid,0,2026-03-05 14:19:15.683837
73,205292,2.2,9,44,4,100116,129962,Other,Tier 2,Store,0,2026-03-05 14:19:15.683837
42,173267,7.9,5,34,9,1564,76977,Female,Tier 3,Store,0,2026-03-05 14:19:15.683837
49,36797,7.2,2,24,19,66804,32262,Male,Tier 2,Store,0,2026-03-05 14:19:15.683837
50,126975,6.9,4,10,10,3036,109691,Female,Tier 1,Store,0,2026-03-05 14:19:15.683837
62,217382,9.9,7,45,17,15469,127060,Male,Tier 2,Store,0,2026-03-05 14:19:15.683837
53,112169,6.3,10,40,6,76869,115701,Male,Tier 2,Store,0,2026-03-05 14:19:15.683837
37,81332,4.0,1,12,15,16907,98138,Other,Tier 3,Store,0,2026-03-05 14:19:15.683837
35,239997,8.7,2,29,14,127388,146037,Male,Tier 1,Store,0,2026-03-05 14:19:15.683837
55,208979,5.2,8,33,7,5625,133773,Female,Tier 2,Store,0,2026-03-05 14:19:15.683837
20,153260,5.8,8,31,7,118701,50889,Other,Tier 2,Store,0,2026-03-05 14:19:15.683837
40,38696,4.9,3,29,1,143820,59563,Female,Tier 3,Store,0,2026-03-05 14:19:15.683837
49,17024,4.3,5,17,14,36152,142504,Other,Tier 2,Store,0,2026-03-05 14:19:15.683837
62,219274,5.2,8,38,14,126170,119065,Other,Tier 2,Store,0,2026-03-05 14:19:15.683837
76,182057,9.0,10,2,11,123198,88478,Female,Tier 1,Store,0,2026-03-05 14:19:15.683837
33,152656,3.9,9,6,10,67617,41760,Female,Tier 2,Store,0,2026-03-05 14:19:15.683837
76,105998,8.1,2,38,4,123748,138217,Male,Tier 3,Store,0,2026-03-05 14:19:15.683837
22,173116,2.3,10,33,8,138859,1565,Female,Tier 2,Online,1,2026-03-05 14:19:15.683837
21,20285,9.2,8,7,11,37701,73504,Female,Tier 1,Store,0,2026-03-05 14:19:15.683837
38,209187,9.4,3,42,1,133386,109044,Female,Tier 1,Store,0,2026-03-05 14:19:15.683837
57,22370,4.0,9,47,2,76312,57622,Other,Tier 3,Store,0,2026-03-05 14:19:15.683837
68,32903,6.2,5,31,5,131731,119467,Female,Tier 3,Store,0,2026-03-05 14:19:15.683837
31,178571,7.3,5,39,19,135583,19450,Other,Tier 3,Store,0,2026-03-05 14:19:15.683837
56,112904,4.8,4,13,18,72251,2229,Male,Tier 2,Online,1,2026-03-05 14:19:15.683837
48,37995,9.8,8,4,7,144032,100090,Male,Tier 2,Store,0,2026-03-05 14:19:15.683837
31,120160,6.0,1,6,16,33922,123814,Other,Tier 1,Store,0,2026-03-05 14:19:15.683837
23,181272,5.0,6,9,8,18393,13299,Female,Tier 2,Store,0,2026-03-05 14:19:15.683837
29,103377,6.2,7,19,0,70810,42534,Other,Tier 2,Store,0,2026-03-05 14:19:15.683837
33,216474,4.5,8,20,12,50398,139426,Female,Tier 2,Store,0,2026-03-05 14:19:15.683837
34,159638,6.0,4,27,17,102748,70427,Male,Tier 3,Store,0,2026-03-05 14:19:15.683837
62,52822,5.1,9,28,19,120705,86218,Male,Tier 2,Store,0,2026-03-05 14:19:15.683837
40,122412,4.4,3,5,19,101889,16617,Female,Tier 3,Store,0,2026-03-05 14:19:15.683837
31,66222,7.6,8,37,11,44838,18246,Other,Tier 3,Online,1,2026-03-05 14:19:15.683837
78,109088,2.6,10,41,11,18461,17359,Other,Tier 1,Online,1,2026-03-05 14:19:15.683837
24,246157,9.5,10,40,11,33629,11924,Female,Tier 1,Online,1,2026-03-05 14:19:15.683837
63,105450,6.5,5,2,9,122944,99066,Female,Tier 3,Store,0,2026-03-05 14:19:15.683837
49,196740,9.7,5,36,7,8229,1285,Female,Tier 3,Online,1,2026-03-05 14:19:15.683837
32,124366,7.9,7,16,11,117253,114943,Female,Tier 1,Store,0,2026-03-05 14:19:15.683837
61,125078,3.3,5,32,15,76999,94251,Female,Tier 1,Store,0,2026-03-05 14:19:15.683837
34,78853,6.1,7,9,17,107913,90892,Male,Tier 3,Store,0,2026-03-05 14:19:15.683837
58,200715,2.4,9,36,16,98854,61836,Male,Tier 3,Store,0,2026-03-05 14:19:15.683837
71,138794,4.2,5,32,10,52375,25265,Female,Tier 1,Store,0,2026-03-05 14:19:15.683837
64,168405,5.7,2,27,8,86211,117492,Male,Tier 1,Store,0,2026-03-05 14:19:15.683837
61,162030,4.6,10,22,2,138166,144194,Male,Tier 1,Store,0,2026-03-05 14:19:15.683837
51,67442,5.0,6,41,3,78337,35649,Male,Tier 1,Store,0,2026-03-05 14:19:15.683837
22,167026,4.7,9,45,16,85472,31741,Male,Tier 3,Store,0,2026-03-05 14:19:15.683837
62,221246,10.5,9,47,7,41308,87020,Female,Tier 1,Store,0,2026-03-05 14:19:15.683837
44,245755,6.2,5,49,16,147838,111998,Female,Tier 1,Store,0,2026-03-05 14:19:15.683837
69,24675,7.2,2,45,4,60783,1448,Male,Tier 3,Online,1,2026-03-05 14:19:15.683837
40,104590,5.9,6,9,15,7904,79107,Other,Tier 3,Store,0,2026-03-05 14:19:15.683837
57,123570,6.7,4,7,16,106881,132394,Female,Tier 3,Store,0,2026-03-05 14:19:15.683837
76,46661,1.9,4,15,7,33632,115189,Other,Tier 1,Store,0,2026-03-05 14:19:15.683837
31,79289,9.3,3,42,11,86337,35608,Female,Tier 3,Store,0,2026-03-05 14:19:15.683837
32,32184,4.6,1,31,14,13675,119431,Other,Tier 1,Store,0,2026-03-05 14:19:15.683837
60,62963,8.3,9,48,4,85005,18609,Female,Tier 3,Online,1,2026-03-05 14:19:15.683837
50,171894,8.4,6,44,9,37952,109721,Other,Tier 2,Store,0,2026-03-05 14:19:15.683837
70,208375,2.4,10,24,14,44550,89572,Other,Tier 3,Store,0,2026-03-05 14:19:15.683837
48,222537,6.1,3,36,8,7745,137255,Female,Tier 3,Store,0,2026-03-05 14:19:15.683837
52,20267,6.8,1,14,14,73501,53613,Female,Tier 1,Store,0,2026-03-05 14:19:15.683837
34,198719,6.2,6,15,14,109822,70002,Female,Tier 3,Store,0,2026-03-05 14:19:15.683837
45,77814,6.0,4,41,15,58518,35857,Male,Tier 3,Store,0,2026-03-05 14:19:15.683837
36,51025,5.1,1,16,7,17565,102623,Male,Tier 3,Store,0,2026-03-05 14:19:15.683837
63,136246,4.6,10,26,18,95061,91023,Other,Tier 2,Store,0,2026-03-05 14:19:15.683837
71,92605,8.1,4,46,12,112745,44779,Other,Tier 3,Store,0,2026-03-05 14:19:15.683837
79,147053,6.8,2,25,13,2979,15079,Other,Tier 2,Store,0,2026-03-05 14:19:15.683837
40,58436,6.4,3,7,2,3412,50751,Female,Tier 1,Store,0,2026-03-05 14:19:15.683837
49,164544,2.8,10,40,4,20569,121026,Other,Tier 1,Store,0,2026-03-05 14:19:15.683837
57,165408,5.5,10,40,18,13472,135010,Female,Tier 1,Store,0,2026-03-05 14:19:15.683837
30,171659,5.9,7,10,2,88650,65135,Male,Tier 2,Store,0,2026-03-05 14:19:15.683837
76,92192,7.7,7,26,15,92155,49842,Male,Tier 1,Store,0,2026-03-05 14:19:15.683837
37,238934,2.5,5,8,7,29530,47131,Female,Tier 1,Store,0,2026-03-05 14:19:15.683837
52,230118,3.8,10,10,3,29247,5927,Other,Tier 1,Online,1,2026-03-05 14:19:15.683837
22,199085,9.6,2,6,11,120325,13728,Male,Tier 1,Store,0,2026-03-05 14:19:15.683837
26,135591,4.4,9,27,15,9276,29797,Female,Tier 2,Store,0,2026-03-05 14:19:15.683837
46,99511,2.3,9,29,16,95972,126517,Other,Tier 2,Store,0,2026-03-05 14:19:15.683837
23,24665,4.6,9,35,4,23583,83505,Male,Tier 3,Store,0,2026-03-05 14:19:15.683837
42,173169,4.4,6,8,14,54320,71101,Female,Tier 2,Store,0,2026-03-05 14:19:15.683837
48,106277,7.3,1,34,4,133199,88013,Female,Tier 3,Store,0,2026-03-05 14:19:15.683837
39,67474,7.3,6,12,19,37058,144679,Other,Tier 1,Store,0,2026-03-05 14:19:15.683837
19,218045,4.1,8,47,15,3534,59608,Other,Tier 3,Store,0,2026-03-05 14:19:15.683837
62,171257,5.2,4,3,5,57194,35167,Other,Tier 3,Store,0,2026-03-05 14:19:15.683837
22,90911,7.1,6,9,3,30536,19833,Female,Tier 1,Store,0,2026-03-05 14:19:15.683837
77,107643,7.1,8,25,7,122867,16072,Female,Tier 3,Online,1,2026-03-05 14:19:15.683837
44,45484,3.9,6,2,10,130613,148925,Male,Tier 1,Store,0,2026-03-05 14:19:15.683837
42,116165,4.2,4,49,10,40570,23499,Male,Tier 2,Store,0,2026-03-05 14:19:15.683837
25,191682,10.2,7,42,10,49265,96898,Female,Tier 3,Store,0,2026-03-05 14:19:15.683837
72,196879,5.5,5,16,16,56684,86239,Other,Tier 1,Store,0,2026-03-05 14:19:15.683837
18,196979,9.0,1,48,11,65473,42477,Female,Tier 2,Store,0,2026-03-05 14:19:15.683837
37,203461,6.5,3,26,13,75859,96149,Male,Tier 3,Store,0,2026-03-05 14:19:15.683837
61,40835,8.2,3,21,7,40002,20159,Other,Tier 3,Store,0,2026-03-05 14:19:15.683837
40,241351,7.3,1,43,19,139409,32047,Male,Tier 2,Store,0,2026-03-05 14:19:15.683837
49,111453,6.3,4,35,17,107889,128580,Other,Tier 3,Store,0,2026-03-05 14:19:15.683837
28,68790,6.3,2,7,1,30883,26305,Female,Tier 2,Store,0,2026-03-05 14:19:15.683837
56,223032,3.5,10,32,2,101178,29550,Other,Tier 1,Store,0,2026-03-05 14:19:15.683837
64,24643,5.7,1,25,10,89611,34797,Male,Tier 1,Store,0,2026-03-05 14:19:15.683837
71,90846,5.0,6,30,19,81732,87092,Male,Tier 2,Store,0,2026-03-05 14:19:15.683837
41,165023,5.3,7,10,4,54776,74965,Female,Tier 1,Store,0,2026-03-05 14:19:15.683837
28,238176,5.3,4,28,7,110836,92401,Other,Tier 3,Store,0,2026-03-05 14:19:15.683837
46,161305,6.3,5,28,6,73502,63866,Male,Tier 1,Store,0,2026-03-05 14:19:15.683837
71,28200,7.3,9,37,7,17008,18813,Male,Tier 3,Online,1,2026-03-05 14:19:15.683837
43,67275,5.7,8,36,18,51857,147499,Female,Tier 2,Store,0,2026-03-05 14:19:15.683837
33,233156,7.9,2,14,10,72503,62726,Female,Tier 2,Store,0,2026-03-05 14:19:15.683837
52,222140,5.2,10,14,17,92444,33421,Female,Tier 3,Store,0,2026-03-05 14:19:15.683837
37,104001,6.2,3,6,15,10120,68003,Male,Tier 2,Store,0,2026-03-05 14:19:15.683837
63,167363,11.0,9,48,18,143623,39127,Male,Tier 1,Hybrid,0,2026-03-05 14:19:15.683837
20,57448,3.6,5,28,14,132999,33501,Other,Tier 1,Store,0,2026-03-05 14:19:15.683837
18,176652,5.2,1,32,14,92141,17049,Other,Tier 2,Store,0,2026-03-05 14:19:15.683837
75,106685,2.4,9,45,16,89924,108976,Other,Tier 3,Store,0,2026-03-05 14:19:15.683837
70,167418,6.5,8,15,14,90428,140972,Male,Tier 1,Store,0,2026-03-05 14:19:15.683837
64,25619,6.0,10,33,7,141779,146709,Other,Tier 3,Store,0,2026-03-05 14:19:15.683837
18,120454,6.3,7,20,10,20106,90319,Female,Tier 1,Store,0,2026-03-05 14:19:15.683837
34,16766,4.2,7,6,2,97138,23775,Other,Tier 2,Store,0,2026-03-05 14:19:15.683837
19,18549,4.5,8,43,12,56572,130021,Male,Tier 2,Store,0,2026-03-05 14:19:15.683837
46,164765,6.1,4,28,5,30919,41568,Other,Tier 2,Store,0,2026-03-05 14:19:15.683837
37,208091,3.2,7,8,8,1746,45884,Female,Tier 3,Store,0,2026-03-05 14:19:15.683837
23,243530,7.8,8,48,19,143557,138637,Female,Tier 2,Store,0,2026-03-05 14:19:15.683837
25,122938,3.2,10,6,15,45768,110652,Other,Tier 1,Store,0,2026-03-05 14:19:15.683837
46,142673,5.7,3,13,11,144974,30332,Male,Tier 1,Store,0,2026-03-05 14:19:15.683837
65,246352,5.1,2,29,16,135693,145095,Male,Tier 3,Store,0,2026-03-05 14:19:15.683837
68,63328,5.0,2,23,1,65247,32300,Male,Tier 1,Store,0,2026-03-05 14:19:15.683837
50,223773,2.8,7,33,0,127213,71617,Male,Tier 2,Store,0,2026-03-05 14:19:15.683837
20,235172,5.9,9,7,15,119494,138865,Female,Tier 3,Store,0,2026-03-05 14:19:15.683837
77,246866,3.6,8,0,4,22624,103301,Other,Tier 1,Store,0,2026-03-05 14:19:15.683837
52,40301,6.3,10,33,16,145591,79981,Female,Tier 1,Store,0,2026-03-05 14:19:15.683837
22,59763,4.5,10,19,16,50280,32481,Male,Tier 1,Store,0,2026-03-05 14:19:15.683837
44,166837,5.9,7,30,7,16152,41456,Other,Tier 2,Store,0,2026-03-05 14:19:15.683837
61,59787,2.4,9,14,14,28595,69642,Male,Tier 3,Store,0,2026-03-05 14:19:15.683837
29,135675,7.8,4,14,11,26146,44034,Male,Tier 3,Store,0,2026-03-05 14:19:15.683837
37,22425,8.2,10,33,16,142522,91865,Other,Tier 2,Store,0,2026-03-05 14:19:15.683837
62,27857,4.9,7,4,9,36579,135103,Other,Tier 3,Store,0,2026-03-05 14:19:15.683837
37,198843,11.6,5,21,11,27908,47701,Male,Tier 2,Store,0,2026-03-05 14:19:15.683837
26,107999,7.5,1,11,19,87933,1162,Male,Tier 2,Store,0,2026-03-05 14:19:15.683837
56,168516,5.5,10,44,16,108830,101806,Female,Tier 1,Store,0,2026-03-05 14:19:15.683837
21,56457,5.0,4,30,19,143024,16235,Female,Tier 2,Online,1,2026-03-05 14:19:15.683837
68,248352,4.4,1,28,11,63105,91952,Male,Tier 1,Store,0,2026-03-05 14:19:15.683837
71,225813,4.8,1,21,7,74219,47315,Other,Tier 2,Store,0,2026-03-05 14:19:15.683837
36,146776,5.8,7,47,17,25056,7588,Male,Tier 2,Online,1,2026-03-05 14:19:15.683837
55,20452,5.9,3,7,14,8389,43811,Male,Tier 3,Store,0,2026-03-05 14:19:15.683837
44,126153,3.2,9,36,8,118332,140947,Male,Tier 1,Store,0,2026-03-05 14:19:15.683837
62,53862,8.7,7,27,13,128766,143406,Other,Tier 1,Store,0,2026-03-05 14:19:15.683837
60,207543,7.6,6,20,7,126094,61321,Other,Tier 3,Store,0,2026-03-05 14:19:15.683837
30,215289,9.7,2,10,13,67793,147751,Male,Tier 1,Store,0,2026-03-05 14:19:15.683837
30,232130,6.7,5,10,10,56961,109131,Other,Tier 2,Store,0,2026-03-05 14:19:15.683837
77,33300,8.1,8,22,12,70928,101584,Male,Tier 3,Store,0,2026-03-05 14:19:15.683837
74,155638,3.5,4,41,6,8830,117019,Male,Tier 3,Store,0,2026-03-05 14:19:15.683837
39,153573,7.2,8,12,10,40834,143915,Male,Tier 2,Store,0,2026-03-05 14:19:15.683837
45,16845,2.4,9,42,11,124575,96726,Other,Tier 2,Store,0,2026-03-05 14:19:15.683837
69,134342,4.1,8,26,10,83457,58911,Other,Tier 3,Store,0,2026-03-05 14:19:15.683837
64,54181,11.0,6,22,5,145522,140288,Female,Tier 2,Store,0,2026-03-05 14:19:15.683837
70,203335,5.3,2,32,8,136694,132024,Other,Tier 2,Store,0,2026-03-05 14:19:15.683837
62,224838,6.0,8,25,10,67711,147801,Other,Tier 2,Store,0,2026-03-05 14:19:15.683837
39,209110,7.4,4,42,0,22300,97260,Female,Tier 1,Store,0,2026-03-05 14:19:15.683837
60,229362,5.9,1,35,18,101636,108515,Male,Tier 1,Store,0,2026-03-05 14:19:15.683837
36,49404,4.0,5,32,15,144725,3089,Other,Tier 3,Online,1,2026-03-05 14:19:15.683837
25,37564,4.0,3,37,16,116433,5586,Female,Tier 2,Store,0,2026-03-05 14:19:15.683837
69,112898,7.6,3,15,19,121930,105602,Female,Tier 2,Store,0,2026-03-05 14:19:15.683837
25,203507,6.6,7,9,6,8087,46278,Male,Tier 2,Store,0,2026-03-05 14:19:15.683837
59,33227,7.7,1,42,0,43276,147937,Other,Tier 1,Store,0,2026-03-05 14:19:15.683837
43,236368,7.2,3,47,12,80617,122867,Female,Tier 3,Store,0,2026-03-05 14:19:15.683837
65,110259,6.1,10,40,14,60298,92408,Other,Tier 2,Store,0,2026-03-05 14:19:15.683837
68,139451,6.0,6,43,2,23491,15683,Female,Tier 2,Online,1,2026-03-05 14:19:15.683837
43,193547,6.2,8,16,3,100051,74672,Female,Tier 2,Store,0,2026-03-05 14:19:15.683837
40,32215,5.3,6,42,2,109342,25277,Male,Tier 2,Online,1,2026-03-05 14:19:15.683837
60,145577,5.3,4,22,8,141757,26856,Male,Tier 3,Store,0,2026-03-05 14:19:15.683837
30,86074,7.0,8,0,14,9772,16312,Other,Tier 1,Store,0,2026-03-05 14:19:15.683837
45,167771,8.9,10,28,5,14124,41912,Other,Tier 2,Store,0,2026-03-05 14:19:15.683837
26,123621,2.6,5,24,5,145807,10723,Female,Tier 3,Online,1,2026-03-05 14:19:15.683837
37,158526,10.8,10,5,7,34267,28120,Other,Tier 1,Hybrid,0,2026-03-05 14:19:15.683837
73,194289,7.4,6,9,14,14965,50183,Female,Tier 3,Store,0,2026-03-05 14:19:15.683837
36,121759,6.9,1,39,11,140438,52070,Female,Tier 1,Store,0,2026-03-05 14:19:15.683837
65,143471,4.0,4,13,12,25123,53499,Female,Tier 2,Store,0,2026-03-05 14:19:15.683837
56,36711,4.6,4,22,19,37824,102714,Other,Tier 2,Store,0,2026-03-05 14:19:15.683837
68,161131,7.2,5,18,4,101942,83921,Female,Tier 3,Store,0,2026-03-05 14:19:15.683837
29,63398,6.5,1,30,5,129228,141855,Male,Tier 2,Store,0,2026-03-05 14:19:15.683837
32,16286,3.4,4,38,6,67386,35827,Female,Tier 2,Store,0,2026-03-05 14:19:15.683837
48,180369,4.3,7,38,4,35761,71718,Male,Tier 3,Store,0,2026-03-05 14:19:15.683837
72,123304,4.5,6,37,4,58079,22722,Other,Tier 1,Hybrid,0,2026-03-05 14:19:15.683837
31,119959,4.3,10,18,9,80009,46438,Female,Tier 1,Store,0,2026-03-05 14:19:15.683837
28,246253,6.5,5,42,4,29327,84911,Other,Tier 2,Store,0,2026-03-05 14:19:15.683837
43,172557,4.0,1,0,6,127224,35158,Female,Tier 2,Store,0,2026-03-05 14:19:15.683837
59,74967,7.6,8,37,13,132661,149583,Female,Tier 3,Store,0,2026-03-05 14:19:15.683837
44,112803,3.0,5,12,14,41507,141584,Other,Tier 3,Store,0,2026-03-05 14:19:15.683837
28,144745,8.0,8,49,18,106411,6484,Other,Tier 1,Online,1,2026-03-05 14:19:15.683837
55,69583,12.0,6,33,9,6155,36941,Female,Tier 2,Store,0,2026-03-05 14:19:15.683837
51,139077,7.6,7,16,9,135315,130081,Male,Tier 3,Store,0,2026-03-05 14:19:15.683837
60,197702,4.9,10,31,19,39241,143209,Female,Tier 3,Store,0,2026-03-05 14:19:15.683837
36,126359,5.0,10,48,13,99814,123072,Female,Tier 2,Store,0,2026-03-05 14:19:15.683837
23,42086,3.8,1,33,3,49226,22868,Other,Tier 3,Store,0,2026-03-05 14:19:15.683837
63,162556,8.2,6,32,13,961,134919,Male,Tier 2,Store,0,2026-03-05 14:19:15.683837
69,214695,6.3,3,43,5,98178,118373,Male,Tier 1,Store,0,2026-03-05 14:19:15.683837
55,119132,2.4,3,27,14,111006,62656,Other,Tier 1,Store,0,2026-03-05 14:19:15.683837
66,74263,3.1,3,43,8,129458,12862,Other,Tier 1,Hybrid,0,2026-03-05 14:19:15.683837
59,164747,2.5,6,28,0,14897,9594,Male,Tier 2,Online,1,2026-03-05 14:19:15.683837
45,135155,7.5,8,36,17,115897,25572,Other,Tier 1,Hybrid,0,2026-03-05 14:19:15.683837
18,75664,4.0,3,23,14,7305,115970,Female,Tier 3,Store,0,2026-03-05 14:19:15.683837
52,170752,7.7,3,47,14,7135,102321,Female,Tier 2,Store,0,2026-03-05 14:19:15.683837
57,163149,4.9,5,15,5,88129,48170,Other,Tier 1,Store,0,2026-03-05 14:19:15.683837
25,135474,7.6,6,12,14,104368,104437,Female,Tier 1,Store,0,2026-03-05 14:19:15.683837
76,184246,5.5,6,25,6,137369,105568,Male,Tier 3,Store,0,2026-03-05 14:19:15.683837
69,91968,7.9,7,6,13,17729,9898,Female,Tier 2,Online,1,2026-03-05 14:19:15.683837
71,149563,4.4,7,43,9,138824,50780,Other,Tier 3,Store,0,2026-03-05 14:19:15.683837
64,192198,4.5,3,13,11,14276,39605,Female,Tier 3,Store,0,2026-03-05 14:19:15.683837
73,149464,5.1,5,31,4,85953,116465,Other,Tier 3,Store,0,2026-03-05 14:19:15.683837
24,208329,7.7,1,40,5,77908,46653,Male,Tier 1,Store,0,2026-03-05 14:19:15.683837
28,82804,3.8,1,10,3,100805,90553,Other,Tier 2,Store,0,2026-03-05 14:19:15.683837
56,53400,4.8,2,31,13,61310,52243,Other,Tier 1,Store,0,2026-03-05 14:19:15.683837
78,182623,5.5,2,10,9,149471,22062,Male,Tier 2,Store,0,2026-03-05 14:19:15.683837
21,43088,6.8,7,19,6,25296,17472,Other,Tier 3,Store,0,2026-03-05 14:19:15.683837
42,226087,5.2,5,33,8,73144,61399,Male,Tier 2,Store,0,2026-03-05 14:19:15.683837
29,171537,7.2,3,46,15,9547,44917,Male,Tier 1,Store,0,2026-03-05 14:19:15.683837
43,194227,4.5,7,49,13,145789,17466,Female,Tier 1,Online,1,2026-03-05 14:19:15.683837
55,102893,8.0,3,21,1,106515,12590,Male,Tier 2,Hybrid,0,2026-03-05 14:19:15.683837
63,20969,7.5,3,22,9,106420,145772,Female,Tier 3,Store,0,2026-03-05 14:19:15.683837
29,23981,4.9,4,28,9,122451,52720,Other,Tier 2,Store,0,2026-03-05 14:19:15.683837
60,167104,7.4,5,11,5,135427,53592,Other,Tier 1,Store,0,2026-03-05 14:19:15.683837
68,69091,3.8,8,38,2,138136,91432,Other,Tier 3,Store,0,2026-03-05 14:19:15.683837
70,122154,6.3,9,30,1,86826,116381,Other,Tier 1,Store,0,2026-03-05 14:19:15.683837
54,39408,4.4,5,28,9,58922,89022,Other,Tier 3,Store,0,2026-03-05 14:19:15.683837
63,170313,6.6,8,30,5,101545,26687,Female,Tier 2,Online,1,2026-03-05 14:19:15.683837
70,62940,5.7,3,11,19,79686,95589,Other,Tier 3,Store,0,2026-03-05 14:19:15.683837
41,229010,4.5,7,34,1,97007,39895,Other,Tier 3,Store,0,2026-03-05 14:19:15.683837
33,197177,2.9,3,41,3,89883,124049,Male,Tier 3,Store,0,2026-03-05 14:19:15.683837
74,237374,5.6,10,40,0,130676,4202,Male,Tier 1,Online,1,2026-03-05 14:19:15.683837
30,207122,8.4,3,26,11,115430,127732,Female,Tier 1,Store,0,2026-03-05 14:19:15.683837
42,18657,6.6,4,14,9,70363,11606,Male,Tier 1,Store,0,2026-03-05 14:19:15.683837
78,36230,2.9,2,29,3,104006,21039,Female,Tier 3,Store,0,2026-03-05 14:19:15.683837
71,164752,5.5,7,6,11,133640,110799,Other,Tier 1,Store,0,2026-03-05 14:19:15.683837
71,228766,8.4,6,35,9,66602,149074,Other,Tier 2,Store,0,2026-03-05 14:19:15.683837
74,99731,5.4,3,45,18,79239,5613,Female,Tier 1,Online,1,2026-03-05 14:19:15.683837
69,188412,4.1,1,23,2,11717,83376,Male,Tier 1,Store,0,2026-03-05 14:19:15.683837
71,182022,9.5,10,17,13,33802,47020,Male,Tier 1,Store,0,2026-03-05 14:19:15.683837
21,224587,3.8,3,23,14,123645,115519,Female,Tier 2,Store,0,2026-03-05 14:19:15.683837
28,153939,5.5,4,31,1,1521,56900,Male,Tier 3,Store,0,2026-03-05 14:19:15.683837
49,226763,4.8,10,11,15,134117,117144,Other,Tier 3,Store,0,2026-03-05 14:19:15.683837
66,224614,7.3,1,27,3,114083,100708,Female,Tier 1,Store,0,2026-03-05 14:19:15.683837
24,19329,7.0,8,10,4,17752,133845,Female,Tier 3,Store,0,2026-03-05 14:19:15.683837
63,234159,4.2,2,2,13,7840,58729,Female,Tier 1,Store,0,2026-03-05 14:19:15.683837
75,50865,4.6,3,36,3,80816,55167,Female,Tier 2,Store,0,2026-03-05 14:19:15.683837
28,213012,6.3,5,2,13,16691,84764,Male,Tier 2,Store,0,2026-03-05 14:19:15.683837
45,52869,6.4,9,28,4,106480,102806,Other,Tier 3,Store,0,2026-03-05 14:19:15.683837
71,212977,5.5,6,31,12,143774,62912,Male,Tier 2,Store,0,2026-03-05 14:19:15.683837
58,135185,5.4,3,37,19,140127,92877,Male,Tier 2,Store,0,2026-03-05 14:19:15.683837
40,98984,3.5,3,30,18,121395,144277,Other,Tier 1,Store,0,2026-03-05 14:19:15.683837
62,140172,9.7,8,0,5,141922,112320,Female,Tier 1,Store,0,2026-03-05 14:19:15.683837
40,116069,7.3,4,36,8,4228,91555,Male,Tier 3,Store,0,2026-03-05 14:19:15.683837
67,104711,6.0,5,20,7,33565,142134,Female,Tier 1,Store,0,2026-03-05 14:19:15.683837
45,81252,8.0,4,45,0,45799,98862,Other,Tier 3,Store,0,2026-03-05 14:19:15.683837
60,94386,5.6,9,40,6,46759,123991,Female,Tier 2,Store,0,2026-03-05 14:19:15.683837
64,133728,4.4,8,41,11,27309,93872,Other,Tier 1,Store,0,2026-03-05 14:19:15.683837
74,147783,6.7,7,19,6,71613,63459,Female,Tier 1,Store,0,2026-03-05 14:19:15.683837
43,40801,6.3,4,10,16,144677,114478,Male,Tier 3,Store,0,2026-03-05 14:19:15.683837
42,233359,9.4,9,9,17,94528,72235,Other,Tier 2,Store,0,2026-03-05 14:19:15.683837
71,105709,4.5,8,2,15,94358,148701,Other,Tier 3,Store,0,2026-03-05 14:19:15.683837
46,68270,4.1,8,47,3,100141,100844,Female,Tier 1,Store,0,2026-03-05 14:19:15.683837
36,217694,10.2,10,13,4,86948,115800,Other,Tier 2,Store,0,2026-03-05 14:19:15.683837
50,70535,8.4,2,44,8,12147,17131,Male,Tier 3,Store,0,2026-03-05 14:19:15.683837
53,222831,7.3,5,44,8,138394,70781,Male,Tier 1,Store,0,2026-03-05 14:19:15.683837
31,31220,4.6,6,30,11,60281,28066,Female,Tier 1,Store,0,2026-03-05 14:19:15.683837
31,28392,6.8,6,34,1,106744,42966,Male,Tier 3,Store,0,2026-03-05 14:19:15.683837
52,231659,3.4,9,48,2,39290,141733,Female,Tier 1,Store,0,2026-03-05 14:19:15.683837
47,148318,5.0,4,8,7,115266,81401,Male,Tier 1,Store,0,2026-03-05 14:19:15.683837
45,35010,3.7,7,5,8,76357,110745,Other,Tier 3,Store,0,2026-03-05 14:19:15.683837
34,141951,4.5,9,28,10,41176,51224,Female,Tier 2,Store,0,2026-03-05 14:19:15.683837
20,83358,3.6,5,45,12,33502,104416,Male,Tier 1,Store,0,2026-03-05 14:19:15.683837
33,236275,7.4,6,21,19,26766,49362,Male,Tier 1,Store,0,2026-03-05 14:19:15.683837
63,163306,9.6,1,48,17,71050,131478,Female,Tier 1,Store,0,2026-03-05 14:19:15.683837
47,111190,8.0,7,45,13,27344,54614,Male,Tier 2,Store,0,2026-03-05 14:19:15.683837
69,130795,7.5,5,2,10,67531,37109,Other,Tier 1,Store,0,2026-03-05 14:19:15.683837
46,195523,5.3,4,1,1,145313,128322,Other,Tier 2,Store,0,2026-03-05 14:19:15.683837
62,137790,6.4,3,27,14,28680,84639,Male,Tier 3,Store,0,2026-03-05 14:19:15.683837
32,140223,3.9,1,36,1,22555,95083,Female,Tier 2,Store,0,2026-03-05 14:19:15.683837
63,90205,3.4,5,4,12,42275,68272,Female,Tier 3,Store,0,2026-03-05 14:19:15.683837
73,167856,3.1,3,8,10,119716,73811,Male,Tier 1,Store,0,2026-03-05 14:19:15.683837
42,175744,3.6,8,31,14,104813,135628,Female,Tier 1,Store,0,2026-03-05 14:19:15.683837
68,16082,7.4,4,16,5,40629,45173,Other,Tier 1,Store,0,2026-03-05 14:19:15.683837
55,157220,7.6,3,10,14,120546,72466,Other,Tier 3,Store,0,2026-03-05 14:19:15.683837
59,173566,4.2,1,37,15,21680,149267,Other,Tier 2,Store,0,2026-03-05 14:19:15.683837
76,90093,6.6,10,34,0,61570,147936,Other,Tier 1,Store,0,2026-03-05 14:19:15.683837
64,66952,8.3,2,46,7,4877,56473,Other,Tier 3,Store,0,2026-03-05 14:19:15.683837
70,51719,5.7,10,17,19,42870,149354,Male,Tier 1,Store,0,2026-03-05 14:19:15.683837
71,63737,4.5,2,35,7,147463,42243,Other,Tier 3,Store,0,2026-03-05 14:19:15.683837
69,205525,5.2,1,18,9,61899,57771,Other,Tier 1,Store,0,2026-03-05 14:19:15.683837
75,122271,8.9,8,24,0,45614,141058,Other,Tier 2,Store,0,2026-03-05 14:19:15.683837
55,185608,5.9,5,45,10,21468,17122,Male,Tier 1,Store,0,2026-03-05 14:19:15.683837
40,196676,10.3,2,39,7,33482,30556,Female,Tier 3,Hybrid,0,2026-03-05 14:19:15.683837
42,196905,4.7,8,30,14,109029,66974,Female,Tier 2,Store,0,2026-03-05 14:19:15.683837
59,160111,5.0,10,22,18,31322,85005,Male,Tier 3,Store,0,2026-03-05 14:19:15.683837
24,82839,3.2,5,13,13,42109,55213,Female,Tier 2,Store,0,2026-03-05 14:19:15.683837
39,62931,8.1,10,26,3,47175,130592,Other,Tier 1,Store,0,2026-03-05 14:19:15.683837
34,54925,6.2,5,34,7,88548,1165,Female,Tier 1,Online,1,2026-03-05 14:19:15.683837
35,197075,4.2,2,12,11,61859,93667,Other,Tier 1,Store,0,2026-03-05 14:19:15.683837
66,229889,5.3,8,35,17,35597,19382,Female,Tier 3,Hybrid,0,2026-03-05 14:19:15.683837
58,194969,7.0,3,23,8,86436,141050,Male,Tier 1,Store,0,2026-03-05 14:19:15.683837
27,102745,4.3,4,32,3,90569,24842,Other,Tier 1,Hybrid,0,2026-03-05 14:19:15.683837
27,141298,6.7,5,48,5,44671,30812,Female,Tier 2,Store,0,2026-03-05 14:19:15.683837
74,108709,7.8,10,6,13,80698,137606,Other,Tier 2,Store,0,2026-03-05 14:19:15.683837
24,57287,5.1,9,8,12,60336,105088,Female,Tier 1,Store,0,2026-03-05 14:19:15.683837
65,236798,2.3,2,49,7,63316,84426,Female,Tier 2,Store,0,2026-03-05 14:19:15.683837
78,179084,5.5,8,20,19,15281,71545,Other,Tier 1,Store,0,2026-03-05 14:19:15.683837
67,122252,5.0,5,31,6,51205,27865,Other,Tier 2,Hybrid,0,2026-03-05 14:19:15.683837
55,187855,3.5,9,1,13,66796,128579,Female,Tier 1,Store,0,2026-03-05 14:19:15.683837
44,124323,7.2,9,43,7,114034,127498,Other,Tier 3,Store,0,2026-03-05 14:19:15.683837
69,231799,7.3,10,24,11,19359,6961,Female,Tier 1,Online,1,2026-03-05 14:19:15.683837
50,214387,6.4,3,0,19,132542,141282,Male,Tier 2,Store,0,2026-03-05 14:19:15.683837
18,229838,5.1,9,10,1,94103,114374,Female,Tier 1,Store,0,2026-03-05 14:19:15.683837
61,192563,6.3,7,15,3,56701,132302,Female,Tier 3,Store,0,2026-03-05 14:19:15.683837
70,235013,4.7,9,22,3,53721,87324,Male,Tier 2,Store,0,2026-03-05 14:19:15.683837
77,204656,7.4,7,14,10,82898,83776,Male,Tier 3,Store,0,2026-03-05 14:19:15.683837
51,27803,5.1,8,26,9,42091,46792,Female,Tier 2,Store,0,2026-03-05 14:19:15.683837
21,195697,5.5,4,15,4,60964,85618,Male,Tier 1,Store,0,2026-03-05 14:19:15.683837
34,133819,5.7,5,45,8,64410,21524,Female,Tier 2,Hybrid,0,2026-03-05 14:19:15.683837
21,108361,12.0,6,32,6,100571,33836,Male,Tier 1,Hybrid,0,2026-03-05 14:19:15.683837
60,28698,4.0,4,38,11,146670,133626,Female,Tier 1,Store,0,2026-03-05 14:19:15.683837
71,180632,5.1,8,7,4,130495,83385,Female,Tier 2,Store,0,2026-03-05 14:19:15.683837
43,30376,2.8,5,47,2,33411,126373,Other,Tier 3,Store,0,2026-03-05 14:19:15.683837
21,229726,6.5,3,0,7,71056,61493,Other,Tier 2,Store,0,2026-03-05 14:19:15.683837
18,28117,9.5,1,18,19,117940,34054,Male,Tier 3,Store,0,2026-03-05 14:19:15.683837
24,202453,5.5,1,25,2,144463,103463,Male,Tier 3,Store,0,2026-03-05 14:19:15.683837
47,184028,4.7,8,36,3,90912,121272,Male,Tier 1,Store,0,2026-03-05 14:19:15.683837
67,63786,5.9,3,46,11,135087,92205,Other,Tier 2,Store,0,2026-03-05 14:19:15.683837
26,128005,8.1,10,2,0,144617,97159,Other,Tier 1,Store,0,2026-03-05 14:19:15.683837
78,249657,8.8,4,23,7,63579,136810,Other,Tier 2,Store,0,2026-03-05 14:19:15.683837
52,233850,3.9,7,21,8,70989,95938,Male,Tier 2,Store,0,2026-03-05 14:19:15.683837
25,81480,7.3,1,0,2,23305,92412,Female,Tier 3,Store,0,2026-03-05 14:19:15.683837
78,177767,5.8,6,38,5,149900,42874,Other,Tier 3,Store,0,2026-03-05 14:19:15.683837
41,147583,8.9,1,8,19,145125,7384,Other,Tier 1,Online,1,2026-03-05 14:19:15.683837
36,68233,10.6,3,32,8,138447,102390,Other,Tier 1,Store,0,2026-03-05 14:19:15.683837
53,126022,9.6,4,22,1,125219,89202,Female,Tier 1,Store,0,2026-03-05 14:19:15.683837
67,168574,4.0,7,33,2,44520,63563,Male,Tier 3,Store,0,2026-03-05 14:19:15.683837
69,196082,4.3,2,48,13,149126,70021,Female,Tier 1,Store,0,2026-03-05 14:19:15.683837
76,236413,9.4,8,48,12,56785,941,Female,Tier 3,Online,1,2026-03-05 14:19:15.683837
60,107529,5.8,6,34,13,111906,95333,Male,Tier 3,Store,0,2026-03-05 14:19:15.683837
44,219977,4.5,10,48,13,125679,139332,Female,Tier 2,Store,0,2026-03-05 14:19:15.683837
49,192561,3.3,2,9,16,126640,28068,Other,Tier 2,Store,0,2026-03-05 14:19:15.683837
31,115919,6.3,3,31,14,112001,58975,Female,Tier 1,Store,0,2026-03-05 14:19:15.683837
74,98533,5.2,4,1,11,78123,4145,Female,Tier 1,Store,0,2026-03-05 14:19:15.683837
35,227237,6.8,6,6,6,118270,61831,Male,Tier 1,Store,0,2026-03-05 14:19:15.683837
45,178021,6.4,1,23,8,17427,61858,Female,Tier 1,Store,0,2026-03-05 14:19:15.683837
77,214448,3.6,5,2,11,51297,62728,Male,Tier 2,Store,0,2026-03-05 14:19:15.683837
46,225659,4.4,8,11,16,139414,40130,Female,Tier 2,Store,0,2026-03-05 14:19:15.683837
33,239131,7.9,7,38,18,80956,28798,Male,Tier 1,Store,0,2026-03-05 14:19:15.683837
52,213382,8.1,3,41,6,75231,37117,Other,Tier 1,Store,0,2026-03-05 14:19:15.683837
64,224870,5.3,2,35,15,45244,22529,Female,Tier 2,Store,0,2026-03-05 14:19:15.683837
76,84407,6.4,2,26,2,89779,105202,Male,Tier 2,Store,0,2026-03-05 14:19:15.683837
76,88809,3.9,10,0,18,38434,134307,Male,Tier 1,Store,0,2026-03-05 14:19:15.683837
48,32229,5.9,5,45,18,127094,101009,Female,Tier 1,Store,0,2026-03-05 14:19:15.683837
21,173457,8.2,8,35,19,103374,41513,Male,Tier 1,Store,0,2026-03-05 14:19:15.683837
54,57176,9.3,6,31,19,94472,109267,Other,Tier 1,Store,0,2026-03-05 14:19:15.683837
34,109825,5.7,6,26,7,149455,80276,Other,Tier 1,Store,0,2026-03-05 14:19:15.683837
56,149332,5.4,7,43,4,18388,38726,Female,Tier 2,Store,0,2026-03-05 14:19:15.683837
65,112555,3.1,1,30,13,131182,46617,Male,Tier 3,Store,0,2026-03-05 14:19:15.683837
63,18145,4.8,3,32,18,127062,52603,Other,Tier 3,Store,0,2026-03-05 14:19:15.683837
43,112289,5.9,5,45,11,67995,146221,Other,Tier 1,Store,0,2026-03-05 14:19:15.683837
65,153874,5.7,7,31,8,15265,71899,Female,Tier 3,Store,0,2026-03-05 14:19:15.683837
56,17263,4.9,6,3,5,119015,137611,Other,Tier 3,Store,0,2026-03-05 14:19:15.683837
58,172985,8.4,1,24,3,4001,79378,Female,Tier 3,Store,0,2026-03-05 14:19:15.683837
21,72788,6.8,9,38,0,66140,8688,Male,Tier 2,Online,1,2026-03-05 14:19:15.683837
47,154227,5.7,3,28,4,85202,91194,Other,Tier 2,Store,0,2026-03-05 14:19:15.683837
47,146994,7.4,7,8,8,16029,83469,Male,Tier 2,Store,0,2026-03-05 14:19:15.683837
39,218303,5.9,1,13,6,31456,128863,Male,Tier 1,Store,0,2026-03-05 14:19:15.683837
28,166744,9.1,1,49,17,69780,69702,Male,Tier 1,Store,0,2026-03-05 14:19:15.683837
19,184598,4.4,1,4,1,72329,8832,Male,Tier 3,Hybrid,0,2026-03-05 14:19:15.683837
61,60344,6.7,4,16,7,52219,6446,Other,Tier 1,Hybrid,0,2026-03-05 14:19:15.683837
29,137819,1.7,1,31,4,144766,55464,Male,Tier 1,Store,0,2026-03-05 14:19:15.683837
47,165086,5.2,1,5,4,18898,125658,Other,Tier 1,Store,0,2026-03-05 14:19:15.683837
53,88352,6.3,9,4,6,31440,5145,Female,Tier 1,Online,1,2026-03-05 14:19:15.683837
35,237351,5.4,8,28,11,7626,58608,Female,Tier 3,Store,0,2026-03-05 14:19:15.683837
43,55324,3.8,5,27,12,54119,5064,Female,Tier 2,Online,1,2026-03-05 14:19:15.683837
70,109075,4.6,2,9,3,76451,68788,Other,Tier 1,Store,0,2026-03-05 14:19:15.683837
24,241710,4.0,7,22,8,133244,104015,Male,Tier 2,Store,0,2026-03-05 14:19:15.683837
78,184770,5.8,1,48,7,14533,92868,Other,Tier 2,Store,0,2026-03-05 14:19:15.683837
18,92169,7.6,9,18,13,98927,61740,Other,Tier 3,Store,0,2026-03-05 14:19:15.683837
75,38384,5.3,1,3,5,7889,144975,Male,Tier 1,Store,0,2026-03-05 14:19:15.683837
43,18512,9.6,3,45,0,106789,43333,Male,Tier 3,Store,0,2026-03-05 14:19:15.683837
40,152138,6.5,6,31,5,92487,143380,Other,Tier 1,Store,0,2026-03-05 14:19:15.683837
43,177572,1.9,4,19,15,114541,12624,Male,Tier 1,Store,0,2026-03-05 14:19:15.683837
62,138775,6.7,2,45,16,65923,44754,Other,Tier 2,Store,0,2026-03-05 14:19:15.683837
23,93743,5.9,5,27,4,42798,138239,Other,Tier 3,Store,0,2026-03-05 14:19:15.683837
23,100642,8.8,10,35,12,117075,74542,Female,Tier 1,Store,0,2026-03-05 14:19:15.683837
61,144587,6.0,1,22,17,34713,52422,Male,Tier 1,Store,0,2026-03-05 14:19:15.683837
25,94858,5.5,1,2,18,147377,32724,Other,Tier 3,Store,0,2026-03-05 14:19:15.683837
41,69800,10.1,6,23,10,13038,22633,Male,Tier 1,Hybrid,0,2026-03-05 14:19:15.683837
39,209212,1.8,9,1,11,84420,28241,Female,Tier 2,Store,0,2026-03-05 14:19:15.683837
36,115364,5.3,10,17,7,28328,67321,Female,Tier 3,Store,0,2026-03-05 14:19:15.683837
54,231026,6.5,7,48,12,109286,104839,Male,Tier 2,Store,0,2026-03-05 14:19:15.683837
35,17387,5.2,10,31,14,16407,121236,Other,Tier 1,Store,0,2026-03-05 14:19:15.683837
48,202232,1.8,4,47,10,76841,14096,Other,Tier 1,Online,1,2026-03-05 14:19:15.683837
79,205313,6.8,8,45,5,130379,146152,Other,Tier 3,Store,0,2026-03-05 14:19:15.683837
54,219639,5.1,1,47,17,86567,54628,Other,Tier 1,Store,0,2026-03-05 14:19:15.683837
47,147871,5.7,5,47,15,91912,76438,Other,Tier 2,Store,0,2026-03-05 14:19:15.683837
74,134095,8.5,2,29,5,73603,145421,Female,Tier 3,Store,0,2026-03-05 14:19:15.683837
59,50548,6.6,3,37,4,131811,59288,Other,Tier 3,Store,0,2026-03-05 14:19:15.683837
50,179967,4.8,10,26,13,124486,15758,Male,Tier 1,Store,0,2026-03-05 14:19:15.683837
27,105450,6.8,4,37,9,19053,122275,Male,Tier 1,Store,0,2026-03-05 14:19:15.683837
54,120669,5.2,1,37,3,149615,81546,Other,Tier 1,Store,0,2026-03-05 14:19:15.683837
29,95171,5.4,5,13,8,4891,119577,Other,Tier 3,Store,0,2026-03-05 14:19:15.683837
71,186451,7.5,10,0,1,39486,122085,Other,Tier 3,Store,0,2026-03-05 14:19:15.683837
47,60414,4.7,6,0,14,115172,118566,Male,Tier 2,Store,0,2026-03-05 14:19:15.683837
44,88071,7.1,1,49,12,67429,136030,Female,Tier 3,Store,0,2026-03-05 14:19:15.683837
56,127808,5.5,4,39,18,111131,114397,Other,Tier 3,Store,0,2026-03-05 14:19:15.683837
26,214416,5.0,2,7,3,110433,12325,Female,Tier 2,Hybrid,0,2026-03-05 14:19:15.683837
71,93591,5.0,1,16,12,36274,65002,Other,Tier 2,Store,0,2026-03-05 14:19:15.683837
38,239213,4.8,5,0,6,102155,16541,Male,Tier 3,Store,0,2026-03-05 14:19:15.683837
29,238273,6.2,1,13,12,120347,129524,Other,Tier 3,Store,0,2026-03-05 14:19:15.683837
72,244375,5.5,8,42,0,31368,95300,Male,Tier 1,Store,0,2026-03-05 14:19:15.683837
46,19297,8.7,2,43,8,67047,93848,Male,Tier 1,Store,0,2026-03-05 14:19:15.683837
50,124513,4.2,5,12,15,90860,20537,Female,Tier 2,Store,0,2026-03-05 14:19:15.683837
60,143668,7.1,3,29,16,67974,31323,Other,Tier 2,Store,0,2026-03-05 14:19:15.683837
79,101479,8.3,6,12,18,144001,114660,Other,Tier 2,Store,0,2026-03-05 14:19:15.683837
70,113752,9.5,6,2,15,93631,2405,Male,Tier 1,Online,1,2026-03-05 14:19:15.683837
32,151080,4.4,8,21,14,48216,24172,Male,Tier 2,Online,1,2026-03-05 14:19:15.683837
19,232885,8.0,5,34,0,23056,136466,Other,Tier 1,Store,0,2026-03-05 14:19:15.683837
69,130481,6.4,5,13,13,17342,70344,Male,Tier 3,Store,0,2026-03-05 14:19:15.683837
56,162892,8.1,5,39,10,6439,21449,Other,Tier 1,Online,1,2026-03-05 14:19:15.683837
70,217620,4.7,9,44,14,45373,132758,Other,Tier 1,Store,0,2026-03-05 14:19:15.683837
61,168325,5.8,2,21,19,111621,134992,Male,Tier 2,Store,0,2026-03-05 14:19:15.683837
71,175274,5.3,3,32,17,90993,61707,Other,Tier 1,Store,0,2026-03-05 14:19:15.683837
35,175308,5.1,4,11,3,148528,123569,Other,Tier 1,Store,0,2026-03-05 14:19:15.683837
20,82156,6.1,7,23,3,94253,13060,Other,Tier 3,Online,1,2026-03-05 14:19:15.683837
24,75263,11.0,10,4,18,48569,1495,Other,Tier 3,Online,1,2026-03-05 14:19:15.683837
60,133996,7.3,1,8,4,77119,122272,Female,Tier 2,Store,0,2026-03-05 14:19:15.683837
35,114252,5.3,3,1,1,6388,117299,Female,Tier 1,Store,0,2026-03-05 14:19:15.683837
61,133632,5.4,10,30,9,85053,104431,Male,Tier 2,Store,0,2026-03-05 14:19:15.683837
55,89855,7.1,7,45,16,138016,108554,Other,Tier 3,Store,0,2026-03-05 14:19:15.683837
54,31575,5.6,8,28,10,104635,113752,Other,Tier 3,Store,0,2026-03-05 14:19:15.683837
75,27204,5.6,2,28,10,81676,60543,Female,Tier 1,Store,0,2026-03-05 14:19:15.683837
50,26952,3.8,3,35,10,123537,102041,Other,Tier 1,Store,0,2026-03-05 14:19:15.683837
61,98323,5.9,7,29,18,123295,76589,Female,Tier 2,Store,0,2026-03-05 14:19:15.683837
76,197214,1.0,7,21,10,70547,82873,Other,Tier 3,Store,0,2026-03-05 14:19:15.683837
48,179944,2.5,3,20,7,69753,147369,Other,Tier 2,Store,0,2026-03-05 14:19:15.683837
75,175448,5.3,10,40,2,78182,122315,Female,Tier 2,Store,0,2026-03-05 14:19:15.683837
28,212156,7.3,5,48,8,86318,76403,Male,Tier 2,Store,0,2026-03-05 14:19:15.683837
21,157712,9.2,7,11,7,129991,110060,Female,Tier 2,Store,0,2026-03-05 14:19:15.683837
76,41437,6.8,3,6,17,105857,132017,Male,Tier 3,Store,0,2026-03-05 14:19:15.683837
35,142129,7.1,8,24,17,110986,103600,Male,Tier 2,Store,0,2026-03-05 14:19:15.683837
21,102681,6.2,4,7,10,99392,19603,Male,Tier 2,Store,0,2026-03-05 14:19:15.683837
66,22903,7.7,7,32,1,51313,84985,Other,Tier 1,Store,0,2026-03-05 14:19:15.683837
51,229776,6.4,2,15,8,125809,102701,Male,Tier 2,Store,0,2026-03-05 14:19:15.683837
46,41863,6.7,5,39,18,117423,62388,Male,Tier 1,Store,0,2026-03-05 14:19:15.683837
41,58381,2.9,6,44,14,66032,14941,Female,Tier 1,Online,1,2026-03-05 14:19:15.683837
39,43548,6.5,1,44,7,121634,107244,Male,Tier 2,Store,0,2026-03-05 14:19:15.683837
19,196028,6.0,9,9,18,32732,27899,Other,Tier 1,Hybrid,0,2026-03-05 14:19:15.683837
61,220598,5.2,9,11,8,6981,132465,Other,Tier 3,Store,0,2026-03-05 14:19:15.683837
23,26467,5.3,4,21,4,122021,85290,Male,Tier 1,Store,0,2026-03-05 14:19:15.683837
59,72954,3.3,5,6,7,147519,137984,Male,Tier 1,Store,0,2026-03-05 14:19:15.683837
42,38901,7.1,9,44,0,91493,6527,Other,Tier 1,Online,1,2026-03-05 14:19:15.683837
72,202055,6.5,10,20,16,15870,142594,Female,Tier 2,Store,0,2026-03-05 14:19:15.683837
74,38301,6.1,2,39,14,143009,52158,Other,Tier 2,Store,0,2026-03-05 14:19:15.683837
38,139686,6.5,5,37,14,90228,30712,Other,Tier 3,Hybrid,0,2026-03-05 14:19:15.683837
72,248614,3.5,4,21,8,97794,46702,Male,Tier 1,Store,0,2026-03-05 14:19:15.683837
76,100180,9.5,2,8,6,138255,34578,Female,Tier 3,Store,0,2026-03-05 14:19:15.683837
33,84903,7.9,2,19,13,131545,138414,Male,Tier 2,Store,0,2026-03-05 14:19:15.683837
48,118955,7.2,9,12,0,40493,134666,Other,Tier 2,Store,0,2026-03-05 14:19:15.683837
31,162276,9.0,10,23,18,19616,123400,Female,Tier 2,Store,0,2026-03-05 14:19:15.683837
56,34755,6.4,8,29,8,16796,101819,Other,Tier 3,Store,0,2026-03-05 14:19:15.683837
45,74817,5.4,10,40,18,84249,25180,Female,Tier 3,Store,0,2026-03-05 14:19:15.683837
49,17093,6.5,10,49,12,71648,51774,Female,Tier 1,Store,0,2026-03-05 14:19:15.683837
45,215609,9.1,8,17,4,119534,46341,Other,Tier 2,Store,0,2026-03-05 14:19:15.683837
68,111319,4.2,8,24,13,105929,59346,Other,Tier 3,Store,0,2026-03-05 14:19:15.683837
72,37940,9.0,5,19,17,55207,61820,Other,Tier 1,Store,0,2026-03-05 14:19:15.683837
66,219418,3.3,4,10,4,13096,35232,Other,Tier 2,Store,0,2026-03-05 14:19:15.683837
26,190112,7.1,10,39,4,27511,87125,Male,Tier 1,Store,0,2026-03-05 14:19:15.683837
75,183394,8.0,3,33,19,32562,71236,Male,Tier 2,Store,0,2026-03-05 14:19:15.683837
62,143714,7.3,2,22,3,128944,111496,Other,Tier 3,Store,0,2026-03-05 14:19:15.683837
39,106544,8.1,10,25,4,48532,79050,Other,Tier 3,Store,0,2026-03-05 14:19:15.683837
49,99437,5.7,5,22,1,97217,135839,Female,Tier 2,Store,0,2026-03-05 14:19:15.683837
22,107969,3.5,8,48,13,19564,51991,Other,Tier 1,Store,0,2026-03-05 14:19:15.683837
40,122001,8.1,5,41,14,18883,113294,Other,Tier 2,Store,0,2026-03-05 14:19:15.683837
22,102725,9.7,7,46,5,56621,9195,Other,Tier 1,Online,1,2026-03-05 14:19:15.683837
59,130784,5.7,5,32,1,131919,143156,Female,Tier 3,Store,0,2026-03-05 14:19:15.683837
70,125675,7.4,10,24,8,88766,111300,Other,Tier 1,Store,0,2026-03-05 14:19:15.683837
49,109266,4.3,9,33,10,58448,3772,Male,Tier 1,Online,1,2026-03-05 14:19:15.683837
76,24236,4.2,8,25,4,6687,77803,Female,Tier 3,Store,0,2026-03-05 14:19:15.683837
27,87597,6.2,8,38,10,146137,37314,Female,Tier 3,Store,0,2026-03-05 14:19:15.683837
76,230196,4.5,1,4,2,116986,91107,Other,Tier 2,Store,0,2026-03-05 14:19:15.683837
56,149974,6.2,5,28,13,77096,46643,Female,Tier 3,Store,0,2026-03-05 14:19:15.683837
75,114656,12.0,9,29,8,83691,18815,Male,Tier 2,Online,1,2026-03-05 14:19:15.683837
32,49364,4.6,8,44,18,51396,146146,Male,Tier 1,Store,0,2026-03-05 14:19:15.683837
24,122071,6.7,1,26,16,66789,109988,Female,Tier 1,Store,0,2026-03-05 14:19:15.683837
46,245055,2.5,9,36,16,64367,15865,Other,Tier 3,Online,1,2026-03-05 14:19:15.683837
76,109410,7.0,10,24,13,126538,58976,Male,Tier 1,Store,0,2026-03-05 14:19:15.683837
64,166168,4.6,1,42,13,48564,107445,Female,Tier 2,Store,0,2026-03-05 14:19:15.683837
20,158092,6.6,5,9,9,140273,100531,Male,Tier 3,Store,0,2026-03-05 14:19:15.683837
36,73473,6.5,10,43,6,13345,130230,Male,Tier 2,Store,0,2026-03-05 14:19:15.683837
27,59153,6.3,1,33,12,27898,16572,Male,Tier 2,Store,0,2026-03-05 14:19:15.683837
45,187349,4.1,8,11,2,126273,119029,Female,Tier 2,Store,0,2026-03-05 14:19:15.683837
46,233293,5.4,2,28,5,116733,25578,Female,Tier 1,Store,0,2026-03-05 14:19:15.683837
32,53502,6.5,6,38,9,92245,73972,Female,Tier 3,Store,0,2026-03-05 14:19:15.683837
52,30675,5.5,2,18,4,22619,4200,Male,Tier 2,Online,1,2026-03-05 14:19:15.683837
23,170437,8.8,2,18,5,54194,145125,Other,Tier 2,Store,0,2026-03-05 14:19:15.683837
29,233884,6.1,1,28,7,79024,1848,Male,Tier 3,Online,1,2026-03-05 14:19:15.683837
64,133384,4.0,6,1,4,68692,20090,Other,Tier 1,Store,0,2026-03-05 14:19:15.683837
55,93229,6.9,5,25,9,69504,22681,Other,Tier 2,Hybrid,0,2026-03-05 14:19:15.683837
30,104049,1.1,4,44,0,104530,29949,Other,Tier 2,Store,0,2026-03-05 14:19:15.683837
46,198220,9.9,4,36,12,103106,23819,Female,Tier 1,Store,0,2026-03-05 14:19:15.683837
36,104157,2.6,9,47,4,110422,84959,Female,Tier 2,Store,0,2026-03-05 14:19:15.683837
20,235319,7.8,2,33,18,101116,40017,Other,Tier 2,Store,0,2026-03-05 14:19:15.683837
25,120711,7.5,10,29,15,33337,114595,Male,Tier 1,Store,0,2026-03-05 14:19:15.683837
25,125090,3.7,7,11,17,20952,32718,Female,Tier 3,Store,0,2026-03-05 14:19:15.683837
72,108321,7.1,5,19,18,130023,16404,Other,Tier 3,Store,0,2026-03-05 14:19:15.683837
75,214150,4.6,10,32,9,111327,121754,Male,Tier 1,Store,0,2026-03-05 14:19:15.683837
37,228670,5.7,9,8,1,137051,116727,Male,Tier 2,Store,0,2026-03-05 14:19:15.683837
64,216974,6.9,4,1,8,17793,75160,Other,Tier 3,Store,0,2026-03-05 14:19:15.683837
21,41465,5.9,6,27,18,85220,66104,Other,Tier 2,Store,0,2026-03-05 14:19:15.683837
68,47286,4.0,2,33,11,93185,69915,Female,Tier 2,Store,0,2026-03-05 14:19:15.683837
38,69795,6.8,1,20,11,124362,113097,Male,Tier 1,Store,0,2026-03-05 14:19:15.683837
20,186250,5.6,1,18,2,9559,76060,Male,Tier 2,Store,0,2026-03-05 14:19:15.683837
62,123139,5.8,4,13,12,52453,44987,Male,Tier 1,Store,0,2026-03-05 14:19:15.683837
25,225255,5.9,9,16,3,4308,141971,Other,Tier 3,Store,0,2026-03-05 14:19:15.683837
40,118845,3.3,3,4,0,78461,69443,Female,Tier 1,Store,0,2026-03-05 14:19:15.683837
33,64986,3.8,3,20,0,13338,75649,Other,Tier 1,Store,0,2026-03-05 14:19:15.683837
30,189273,4.8,7,21,3,126892,74659,Male,Tier 1,Store,0,2026-03-05 14:19:15.683837
20,189387,6.8,8,39,1,113669,123296,Other,Tier 1,Store,0,2026-03-05 14:19:15.683837
65,90396,4.1,6,19,7,17208,54899,Male,Tier 3,Store,0,2026-03-05 14:19:15.683837
26,70178,8.4,1,27,15,127932,54146,Female,Tier 2,Store,0,2026-03-05 14:19:15.683837
77,25745,6.4,6,31,9,124598,133630,Female,Tier 2,Store,0,2026-03-05 14:19:15.683837
31,218426,6.7,8,44,8,21164,32845,Male,Tier 1,Hybrid,0,2026-03-05 14:19:15.683837
30,94637,5.3,5,18,6,86562,76690,Female,Tier 1,Store,0,2026-03-05 14:19:15.683837
70,151100,2.8,8,27,7,77475,26817,Other,Tier 1,Store,0,2026-03-05 14:19:15.683837
74,244333,7.1,1,22,16,34224,30823,Other,Tier 3,Store,0,2026-03-05 14:19:15.683837
24,63566,4.6,4,32,10,86907,130058,Other,Tier 2,Store,0,2026-03-05 14:19:15.683837
32,58722,3.0,9,17,10,7101,93361,Other,Tier 2,Store,0,2026-03-05 14:19:15.683837
24,101623,4.3,10,34,14,93534,27341,Other,Tier 2,Hybrid,0,2026-03-05 14:19:15.683837
55,126074,5.8,5,45,6,30565,134517,Male,Tier 3,Store,0,2026-03-05 14:19:15.683837
51,89974,1.2,10,36,2,83799,91287,Male,Tier 3,Store,0,2026-03-05 14:19:15.683837
58,229764,5.3,10,41,15,89910,133838,Female,Tier 1,Store,0,2026-03-05 14:19:15.683837
39,99084,8.0,3,35,15,98793,17408,Male,Tier 1,Store,0,2026-03-05 14:19:15.683837
41,185951,6.1,3,43,13,5083,30667,Female,Tier 1,Store,0,2026-03-05 14:19:15.683837
66,170839,8.4,9,18,19,134606,104452,Male,Tier 1,Store,0,2026-03-05 14:19:15.683837
54,132353,5.2,1,25,17,4938,108746,Other,Tier 1,Store,0,2026-03-05 14:19:15.683837
61,119417,8.3,6,35,19,137311,85402,Male,Tier 2,Store,0,2026-03-05 14:19:15.683837
18,83099,3.3,6,42,9,51285,36439,Female,Tier 3,Store,0,2026-03-05 14:19:15.683837
27,194729,7.2,10,25,3,129640,19550,Other,Tier 2,Online,1,2026-03-05 14:19:15.683837
60,154570,5.8,8,6,13,96567,8465,Male,Tier 1,Store,0,2026-03-05 14:19:15.683837
33,219739,8.7,8,22,4,18879,51514,Female,Tier 2,Store,0,2026-03-05 14:19:15.683837
63,40107,5.2,1,4,5,7140,55603,Other,Tier 3,Store,0,2026-03-05 14:19:15.683837
25,174865,3.9,7,22,3,76142,54314,Other,Tier 1,Store,0,2026-03-05 14:19:15.683837
73,148768,7.0,10,35,10,35618,72112,Other,Tier 1,Store,0,2026-03-05 14:19:15.683837
66,68839,9.3,1,31,11,53208,14427,Male,Tier 1,Online,1,2026-03-05 14:19:15.683837
42,104241,6.5,8,14,19,1128,124521,Male,Tier 2,Store,0,2026-03-05 14:19:15.683837
67,38397,5.9,5,26,10,84230,53683,Male,Tier 1,Store,0,2026-03-05 14:19:15.683837
29,22704,3.6,2,16,6,55728,30353,Other,Tier 3,Store,0,2026-03-05 14:19:15.683837
42,31442,7.9,3,19,10,6852,134941,Other,Tier 3,Store,0,2026-03-05 14:19:15.683837
34,209860,5.9,9,15,6,129053,38561,Other,Tier 2,Store,0,2026-03-05 14:19:15.683837
77,144576,7.4,2,47,1,119929,119618,Other,Tier 3,Store,0,2026-03-05 14:19:15.683837
43,24765,6.4,4,41,0,145134,107628,Other,Tier 1,Store,0,2026-03-05 14:19:15.683837
63,130828,10.1,7,27,8,67783,89425,Other,Tier 1,Store,0,2026-03-05 14:19:15.683837
65,25002,4.9,8,30,13,125999,147500,Male,Tier 2,Store,0,2026-03-05 14:19:15.683837
31,26390,5.0,3,15,19,60880,114739,Other,Tier 1,Store,0,2026-03-05 14:19:15.683837
58,190508,8.0,10,13,3,69782,14745,Female,Tier 1,Online,1,2026-03-05 14:19:15.683837
53,230554,8.1,10,46,9,5207,134138,Male,Tier 3,Store,0,2026-03-05 14:19:15.683837
74,21641,8.1,9,9,18,72982,140951,Other,Tier 2,Store,0,2026-03-05 14:19:15.683837
40,179781,6.0,8,1,18,61773,125112,Male,Tier 1,Store,0,2026-03-05 14:19:15.683837
60,126119,6.4,6,32,19,79984,90174,Male,Tier 3,Store,0,2026-03-05 14:19:15.683837
23,185381,3.3,8,40,2,47074,2403,Female,Tier 1,Online,1,2026-03-05 14:19:15.683837
64,30624,5.7,10,21,7,11978,49818,Female,Tier 3,Store,0,2026-03-05 14:19:15.683837
22,24966,6.6,8,1,14,7584,3086,Male,Tier 2,Online,1,2026-03-05 14:19:15.683837
60,235422,6.6,3,6,5,101101,1421,Female,Tier 1,Online,1,2026-03-05 14:19:15.683837
42,180261,4.5,7,40,8,4841,75493,Male,Tier 2,Store,0,2026-03-05 14:19:15.683837
35,86301,3.8,8,44,3,80763,133356,Male,Tier 3,Store,0,2026-03-05 14:19:15.683837
79,241830,8.1,6,43,17,71438,46268,Male,Tier 1,Store,0,2026-03-05 14:19:15.683837
30,130123,7.8,6,29,15,132879,12079,Male,Tier 2,Online,1,2026-03-05 14:19:15.683837
60,163295,5.5,7,37,3,11131,51481,Male,Tier 2,Store,0,2026-03-05 14:19:15.683837
31,248377,8.1,4,38,1,63391,68688,Other,Tier 1,Store,0,2026-03-05 14:19:15.683837
45,93183,7.9,10,18,15,41385,126995,Female,Tier 1,Store,0,2026-03-05 14:19:15.683837
35,249624,2.6,10,46,5,87452,23623,Female,Tier 1,Online,1,2026-03-05 14:19:15.683837
76,19959,5.8,9,37,16,127929,119016,Male,Tier 1,Store,0,2026-03-05 14:19:15.683837
77,173329,8.7,3,16,2,6540,39881,Other,Tier 3,Store,0,2026-03-05 14:19:15.683837
74,243592,2.8,7,36,12,2363,114761,Other,Tier 2,Store,0,2026-03-05 14:19:15.683837
45,65802,3.1,9,9,1,139995,57460,Male,Tier 2,Store,0,2026-03-05 14:19:15.683837
68,233820,7.3,8,14,3,110802,143764,Female,Tier 1,Store,0,2026-03-05 14:19:15.683837
73,139125,8.6,7,4,8,11114,56024,Female,Tier 2,Store,0,2026-03-05 14:19:15.683837
44,138795,5.4,5,49,16,21350,62554,Male,Tier 2,Store,0,2026-03-05 14:19:15.683837
49,42215,5.1,2,37,12,115927,7362,Female,Tier 3,Hybrid,0,2026-03-05 14:19:15.683837
64,70046,2.6,2,42,6,119748,74516,Other,Tier 3,Store,0,2026-03-05 14:19:15.683837
26,248265,5.4,4,34,13,21342,90658,Male,Tier 1,Store,0,2026-03-05 14:19:15.683837
57,109593,3.1,5,3,0,138858,140421,Other,Tier 1,Store,0,2026-03-05 14:19:15.683837
49,180166,5.3,4,34,8,67693,148203,Female,Tier 2,Store,0,2026-03-05 14:19:15.683837
37,184741,8.6,2,0,12,72533,125618,Other,Tier 1,Store,0,2026-03-05 14:19:15.683837
45,182198,3.4,4,16,8,9179,140239,Other,Tier 2,Store,0,2026-03-05 14:19:15.683837
50,245961,5.5,5,20,2,63879,129949,Male,Tier 1,Store,0,2026-03-05 14:19:15.683837
21,94036,7.7,4,45,17,114083,100165,Male,Tier 1,Store,0,2026-03-05 14:19:15.683837
63,124864,4.4,6,21,12,123345,25723,Male,Tier 1,Store,0,2026-03-05 14:19:15.683837
74,135333,6.8,10,4,15,60989,1741,Female,Tier 3,Online,1,2026-03-05 14:19:15.683837
51,31772,7.6,7,45,14,108392,46626,Other,Tier 3,Store,0,2026-03-05 14:19:15.683837
65,194658,6.2,5,35,18,105175,98374,Female,Tier 2,Store,0,2026-03-05 14:19:15.683837
20,66943,6.2,9,37,9,46759,59022,Female,Tier 3,Store,0,2026-03-05 14:19:15.683837
43,83868,3.8,4,8,8,74009,145198,Female,Tier 2,Store,0,2026-03-05 14:19:15.683837
25,64855,5.2,10,19,11,35170,125175,Female,Tier 3,Store,0,2026-03-05 14:19:15.683837
23,168290,6.3,2,45,7,40019,52600,Other,Tier 1,Store,0,2026-03-05 14:19:15.683837
33,116124,2.2,10,41,9,43881,40638,Female,Tier 1,Store,0,2026-03-05 14:19:15.683837
41,227080,1.5,8,44,1,15173,137342,Male,Tier 3,Store,0,2026-03-05 14:19:15.683837
65,72205,5.7,4,13,14,51043,103433,Male,Tier 3,Store,0,2026-03-05 14:19:15.683837
56,151031,6.8,4,19,19,30766,56071,Other,Tier 2,Store,0,2026-03-05 14:19:15.683837
47,229051,6.2,3,25,15,96991,23668,Other,Tier 1,Store,0,2026-03-05 14:19:15.683837
62,191206,2.8,9,3,9,61343,98312,Male,Tier 1,Store,0,2026-03-05 14:19:15.683837
30,40874,8.2,4,38,12,145965,135462,Female,Tier 2,Store,0,2026-03-05 14:19:15.683837
22,146007,6.2,2,19,10,132363,88908,Male,Tier 3,Store,0,2026-03-05 14:19:15.683837
42,16301,7.9,1,41,15,115346,124495,Male,Tier 2,Store,0,2026-03-05 14:19:15.683837
37,73017,4.7,1,10,13,97518,146008,Male,Tier 3,Store,0,2026-03-05 14:19:15.683837
71,58319,6.5,8,6,7,105620,83115,Male,Tier 3,Store,0,2026-03-05 14:19:15.683837
35,235688,7.0,1,43,18,92645,74613,Male,Tier 2,Store,0,2026-03-05 14:19:15.683837
64,232291,8.0,5,30,1,111726,122651,Female,Tier 1,Store,0,2026-03-05 14:19:15.683837
35,241264,7.8,8,49,3,24542,88720,Other,Tier 3,Store,0,2026-03-05 14:19:15.683837
19,37455,4.4,7,7,17,23255,96675,Female,Tier 2,Store,0,2026-03-05 14:19:15.683837
27,150184,5.8,7,22,15,149742,86915,Female,Tier 3,Store,0,2026-03-05 14:19:15.683837
72,72033,5.0,8,47,6,10166,130510,Female,Tier 2,Store,0,2026-03-05 14:19:15.683837
62,204432,6.3,3,14,9,40596,149308,Other,Tier 1,Store,0,2026-03-05 14:19:15.683837
67,228490,3.1,5,0,5,138054,105451,Male,Tier 3,Store,0,2026-03-05 14:19:15.683837
64,178217,2.8,2,46,0,53728,107355,Female,Tier 3,Store,0,2026-03-05 14:19:15.683837
29,121924,10.8,5,9,17,105723,7776,Female,Tier 1,Hybrid,0,2026-03-05 14:19:15.683837
64,47735,9.9,5,40,13,45998,125560,Other,Tier 3,Store,0,2026-03-05 14:19:15.683837
30,87781,8.3,2,23,9,16508,133804,Other,Tier 2,Store,0,2026-03-05 14:19:15.683837
67,141031,7.0,10,14,12,50009,12416,Female,Tier 2,Online,1,2026-03-05 14:19:15.683837
64,143305,7.6,6,48,5,135510,36576,Other,Tier 3,Store,0,2026-03-05 14:19:15.683837
74,213713,7.6,1,47,9,88825,50508,Female,Tier 2,Store,0,2026-03-05 14:19:15.683837
72,123049,9.3,8,20,1,78828,102524,Female,Tier 3,Store,0,2026-03-05 14:19:15.683837
28,167783,5.0,1,21,0,29488,114212,Male,Tier 3,Store,0,2026-03-05 14:19:15.683837
36,20630,4.5,3,23,5,23270,77958,Male,Tier 1,Store,0,2026-03-05 14:19:15.683837
52,80488,6.0,1,9,18,84157,108024,Female,Tier 1,Store,0,2026-03-05 14:19:15.683837
56,149278,7.2,2,22,16,115095,65235,Female,Tier 3,Store,0,2026-03-05 14:19:15.683837
70,71289,5.5,7,15,0,85612,57723,Male,Tier 2,Store,0,2026-03-05 14:19:15.683837
43,33953,4.9,7,4,14,66426,57990,Male,Tier 2,Store,0,2026-03-05 14:19:15.683837
63,115932,8.9,5,32,13,20789,132470,Female,Tier 2,Store,0,2026-03-05 14:19:15.683837
31,156140,4.3,5,35,2,125714,59146,Male,Tier 3,Store,0,2026-03-05 14:19:15.683837
71,93930,8.9,7,24,9,53264,76062,Female,Tier 2,Store,0,2026-03-05 14:19:15.683837
62,201988,7.9,10,39,6,110916,31997,Other,Tier 2,Online,1,2026-03-05 14:19:15.683837
61,16067,9.8,10,25,17,9957,135751,Other,Tier 3,Store,0,2026-03-05 14:19:15.683837
41,65658,10.4,5,1,3,72770,34184,Other,Tier 2,Store,0,2026-03-05 14:19:15.683837
58,67165,6.7,8,33,19,105457,108353,Other,Tier 2,Store,0,2026-03-05 14:19:15.683837
18,95781,10.2,3,30,11,104616,77621,Male,Tier 2,Store,0,2026-03-05 14:19:15.683837
68,155931,7.0,2,39,6,128577,1888,Other,Tier 3,Online,1,2026-03-05 14:19:15.683837
60,44164,6.8,10,43,13,99804,124511,Other,Tier 1,Store,0,2026-03-05 14:19:15.683837
72,119946,6.4,4,44,1,73220,126159,Other,Tier 3,Store,0,2026-03-05 14:19:15.683837
39,226985,5.1,7,18,16,133988,78622,Female,Tier 2,Store,0,2026-03-05 14:19:15.683837
40,142580,7.5,9,36,5,141105,128880,Other,Tier 1,Store,0,2026-03-05 14:19:15.683837
73,248442,8.3,3,17,18,57141,39394,Other,Tier 1,Store,0,2026-03-05 14:19:15.683837
71,114251,3.2,3,49,5,89864,98407,Female,Tier 1,Store,0,2026-03-05 14:19:15.683837
36,35773,11.1,7,2,1,119126,20614,Other,Tier 2,Online,1,2026-03-05 14:19:15.683837
35,203367,9.2,1,6,12,112463,67904,Male,Tier 1,Store,0,2026-03-05 14:19:15.683837
29,48939,4.8,7,22,14,142055,75655,Other,Tier 1,Store,0,2026-03-05 14:19:15.683837
72,194671,7.1,2,36,9,106519,119054,Other,Tier 3,Store,0,2026-03-05 14:19:15.683837
45,152186,5.9,10,0,7,93340,25847,Female,Tier 3,Store,0,2026-03-05 14:19:15.683837
45,113475,6.7,1,49,4,61682,71727,Other,Tier 1,Store,0,2026-03-05 14:19:15.683837
77,27818,5.7,10,6,13,147783,16664,Other,Tier 3,Online,1,2026-03-05 14:19:15.683837
76,24335,7.0,9,21,5,1146,65919,Female,Tier 1,Store,0,2026-03-05 14:19:15.683837
50,70008,3.9,1,2,11,112009,59232,Male,Tier 1,Store,0,2026-03-05 14:19:15.683837
36,86745,10.4,8,18,2,9935,64486,Other,Tier 2,Store,0,2026-03-05 14:19:15.683837
45,189220,4.0,10,29,14,30599,7964,Other,Tier 2,Online,1,2026-03-05 14:19:15.683837
76,18577,7.1,7,8,17,22035,75294,Male,Tier 2,Store,0,2026-03-05 14:19:15.683837
69,88916,4.6,10,34,0,134022,13030,Male,Tier 3,Online,1,2026-03-05 14:19:15.683837
78,150148,5.7,9,34,14,87311,19820,Other,Tier 2,Store,0,2026-03-05 14:19:15.683837
79,178997,6.9,5,12,16,93900,70467,Female,Tier 1,Store,0,2026-03-05 14:19:15.683837
66,197941,6.2,3,25,7,68937,82404,Female,Tier 3,Store,0,2026-03-05 14:19:15.683837
54,74314,6.3,1,44,12,41269,82142,Female,Tier 2,Store,0,2026-03-05 14:19:15.683837
43,56205,5.3,2,27,5,18617,73838,Male,Tier 1,Store,0,2026-03-05 14:19:15.683837
52,157167,4.6,6,24,13,44329,103932,Female,Tier 1,Store,0,2026-03-05 14:19:15.683837
51,128583,7.3,8,38,18,68918,114908,Other,Tier 1,Store,0,2026-03-05 14:19:15.683837
52,99715,4.3,9,2,8,139315,89419,Male,Tier 3,Store,0,2026-03-05 14:19:15.683837
57,71680,4.7,8,10,0,108359,4378,Female,Tier 1,Online,1,2026-03-05 14:19:15.683837
33,43400,4.7,2,29,0,107447,17780,Female,Tier 2,Online,1,2026-03-05 14:19:15.683837
55,230369,5.3,1,32,12,93325,25724,Male,Tier 2,Store,0,2026-03-05 14:19:15.683837
30,122345,3.2,10,33,6,11779,58664,Other,Tier 2,Store,0,2026-03-05 14:19:15.683837
79,213418,3.2,4,40,0,121047,44706,Male,Tier 2,Store,0,2026-03-05 14:19:15.683837
40,102110,7.1,5,2,3,102628,71858,Other,Tier 1,Store,0,2026-03-05 14:19:15.683837
77,135120,7.1,10,4,17,22507,148734,Other,Tier 3,Store,0,2026-03-05 14:19:15.683837
71,43562,6.6,6,30,2,72062,47780,Female,Tier 1,Store,0,2026-03-05 14:19:15.683837
39,186735,8.8,4,3,6,47363,47644,Male,Tier 3,Store,0,2026-03-05 14:19:15.683837
33,33510,4.2,5,7,17,19302,94634,Other,Tier 2,Store,0,2026-03-05 14:19:15.683837
45,76608,2.5,8,16,0,124954,91349,Female,Tier 3,Store,0,2026-03-05 14:19:15.683837
65,218561,7.6,10,21,17,23004,72515,Other,Tier 2,Store,0,2026-03-05 14:19:15.683837
52,67182,2.5,3,37,8,10846,126295,Male,Tier 1,Store,0,2026-03-05 14:19:15.683837
77,233739,5.7,1,23,7,40042,93238,Other,Tier 1,Store,0,2026-03-05 14:19:15.683837
62,41883,6.6,9,30,16,100903,88675,Other,Tier 1,Store,0,2026-03-05 14:19:15.683837
63,249981,10.1,9,48,1,118419,22137,Other,Tier 1,Online,1,2026-03-05 14:19:15.683837
25,217499,4.9,2,48,3,37038,87024,Other,Tier 1,Store,0,2026-03-05 14:19:15.683837
61,181916,5.1,3,45,14,70044,36648,Other,Tier 3,Store,0,2026-03-05 14:19:15.683837
72,164800,7.3,8,24,7,117351,50635,Male,Tier 3,Store,0,2026-03-05 14:19:15.683837
72,244995,7.2,3,37,14,3809,33268,Other,Tier 3,Store,0,2026-03-05 14:19:15.683837
39,26094,5.3,3,31,6,17918,27619,Male,Tier 3,Store,0,2026-03-05 14:19:15.683837
38,148479,6.4,6,48,8,99514,80115,Male,Tier 2,Store,0,2026-03-05 14:19:15.683837
43,201484,4.5,6,25,19,71564,88386,Female,Tier 1,Store,0,2026-03-05 14:19:15.683837
57,27644,6.9,7,35,11,82836,123019,Female,Tier 3,Store,0,2026-03-05 14:19:15.683837
38,247380,2.8,10,26,3,70482,60931,Female,Tier 2,Store,0,2026-03-05 14:19:15.683837
42,100834,11.8,4,22,13,50307,83088,Other,Tier 3,Store,0,2026-03-05 14:19:15.683837
58,123982,7.4,5,19,10,93188,81788,Other,Tier 2,Store,0,2026-03-05 14:19:15.683837
18,206818,3.8,10,45,18,57504,40087,Female,Tier 2,Store,0,2026-03-05 14:19:15.683837
23,67748,5.5,3,26,13,42378,138302,Male,Tier 2,Store,0,2026-03-05 14:19:15.683837
40,74021,3.9,2,16,10,45783,97798,Female,Tier 2,Store,0,2026-03-05 14:19:15.683837
68,77651,4.4,3,13,19,44203,123679,Female,Tier 3,Store,0,2026-03-05 14:19:15.683837
40,51807,6.4,3,2,12,78695,10920,Female,Tier 1,Store,0,2026-03-05 14:19:15.683837
60,180144,8.8,2,39,13,50909,28622,Male,Tier 3,Store,0,2026-03-05 14:19:15.683837
60,184470,5.8,1,26,12,136294,66645,Other,Tier 2,Store,0,2026-03-05 14:19:15.683837
40,43669,2.2,3,44,16,24844,72766,Other,Tier 3,Store,0,2026-03-05 14:19:15.683837
49,176233,4.8,1,13,15,130389,144326,Female,Tier 1,Store,0,2026-03-05 14:19:15.683837
47,153354,4.9,8,27,7,67423,79035,Other,Tier 2,Store,0,2026-03-05 14:19:15.683837
30,41539,6.2,5,43,16,66165,117406,Male,Tier 1,Store,0,2026-03-05 14:19:15.683837
60,149379,5.7,6,24,11,65718,2403,Male,Tier 2,Online,1,2026-03-05 14:19:15.683837
35,32745,1.6,10,39,18,114336,77255,Male,Tier 1,Store,0,2026-03-05 14:19:15.683837
40,185505,4.2,7,10,8,19765,80156,Other,Tier 1,Store,0,2026-03-05 14:19:15.683837
32,248670,3.8,7,11,10,64722,143870,Other,Tier 2,Store,0,2026-03-05 14:19:15.683837
50,49555,7.8,4,32,0,22195,640,Other,Tier 1,Online,1,2026-03-05 14:19:15.683837
38,147145,5.4,6,19,16,123841,134852,Male,Tier 2,Store,0,2026-03-05 14:19:15.683837
74,47683,2.0,8,33,18,10174,130462,Other,Tier 1,Store,0,2026-03-05 14:19:15.683837
56,40741,4.3,6,22,12,118344,60362,Female,Tier 3,Store,0,2026-03-05 14:19:15.683837
40,168358,8.3,7,18,11,52152,141695,Male,Tier 2,Store,0,2026-03-05 14:19:15.683837
44,18599,4.8,3,35,11,62774,93646,Other,Tier 3,Store,0,2026-03-05 14:19:15.683837
62,143513,4.6,9,43,12,80891,137418,Male,Tier 2,Store,0,2026-03-05 14:19:15.683837
61,42293,5.7,10,0,5,52621,83580,Female,Tier 2,Store,0,2026-03-05 14:19:15.683837
35,30389,6.5,2,9,12,44083,63197,Other,Tier 1,Store,0,2026-03-05 14:19:15.683837
41,27318,5.7,8,0,10,53696,70860,Male,Tier 2,Store,0,2026-03-05 14:19:15.683837
68,194947,8.0,8,4,19,125875,30303,Male,Tier 2,Store,0,2026-03-05 14:19:15.683837
64,18055,5.7,2,21,10,78950,142326,Female,Tier 2,Store,0,2026-03-05 14:19:15.683837
57,136164,7.3,9,42,11,39026,63051,Other,Tier 3,Store,0,2026-03-05 14:19:15.683837
68,97579,6.4,3,1,14,80189,8173,Other,Tier 3,Hybrid,0,2026-03-05 14:19:15.683837
59,152392,3.4,10,8,8,100338,18428,Female,Tier 2,Online,1,2026-03-05 14:19:15.683837
24,119817,9.6,6,43,13,41598,87525,Male,Tier 2,Store,0,2026-03-05 14:19:15.683837
67,19642,8.3,4,6,2,120632,139028,Other,Tier 3,Store,0,2026-03-05 14:19:15.683837
65,238766,4.9,5,47,6,133492,126465,Male,Tier 3,Store,0,2026-03-05 14:19:15.683837
37,24321,5.8,3,20,5,47796,8491,Other,Tier 3,Online,1,2026-03-05 14:19:15.683837
44,94968,7.2,10,6,2,87864,2489,Other,Tier 2,Online,1,2026-03-05 14:19:15.683837
23,234365,6.4,8,8,9,2033,93385,Female,Tier 2,Store,0,2026-03-05 14:19:15.683837
44,205690,6.2,10,39,16,144207,5507,Male,Tier 2,Online,1,2026-03-05 14:19:15.683837
26,117770,7.0,10,8,14,40367,146782,Male,Tier 3,Store,0,2026-03-05 14:19:15.683837
70,172116,6.7,8,48,13,21130,100925,Male,Tier 3,Store,0,2026-03-05 14:19:15.683837
62,168043,6.7,7,11,10,83960,76131,Other,Tier 1,Store,0,2026-03-05 14:19:15.683837
74,124762,6.2,7,43,17,26436,59117,Female,Tier 1,Store,0,2026-03-05 14:19:15.683837
48,129183,7.3,2,35,14,9604,75969,Other,Tier 3,Store,0,2026-03-05 14:19:15.683837
38,132159,6.4,10,8,18,33390,88474,Female,Tier 2,Store,0,2026-03-05 14:19:15.683837
43,40727,6.5,6,9,7,74897,77468,Male,Tier 3,Store,0,2026-03-05 14:19:15.683837
57,168631,8.7,4,48,10,128735,15305,Female,Tier 2,Hybrid,0,2026-03-05 14:19:15.683837
65,88820,6.9,9,9,0,32615,74178,Female,Tier 1,Store,0,2026-03-05 14:19:15.683837
62,124062,6.7,5,43,2,105796,127733,Female,Tier 3,Store,0,2026-03-05 14:19:15.683837
30,229273,4.2,6,16,18,5130,109120,Female,Tier 2,Store,0,2026-03-05 14:19:15.683837
66,42476,4.3,7,37,10,62219,53576,Male,Tier 3,Store,0,2026-03-05 14:19:15.683837
40,208755,8.3,2,3,18,70695,2625,Other,Tier 2,Online,1,2026-03-05 14:19:15.683837
37,157063,7.1,1,15,17,62497,72028,Male,Tier 1,Store,0,2026-03-05 14:19:15.683837
54,231169,7.8,6,48,13,4804,25602,Male,Tier 3,Store,0,2026-03-05 14:19:15.683837
71,135355,6.4,9,47,13,101550,148686,Female,Tier 3,Store,0,2026-03-05 14:19:15.683837
70,85047,6.8,7,35,12,138758,134677,Female,Tier 1,Store,0,2026-03-05 14:19:15.683837
45,156868,5.7,9,26,18,114802,51912,Other,Tier 3,Store,0,2026-03-05 14:19:15.683837
34,18881,5.9,3,5,11,84792,114534,Male,Tier 3,Store,0,2026-03-05 14:19:15.683837
45,30668,5.2,5,39,18,71428,111028,Female,Tier 3,Store,0,2026-03-05 14:19:15.683837
58,246789,8.7,6,8,10,144212,19528,Male,Tier 1,Online,1,2026-03-05 14:19:15.683837
19,180384,4.6,6,31,0,42586,76293,Other,Tier 2,Store,0,2026-03-05 14:19:15.683837
42,43106,6.6,5,37,5,116345,111322,Other,Tier 1,Store,0,2026-03-05 14:19:15.683837
75,238830,5.7,2,29,9,70888,135256,Female,Tier 3,Store,0,2026-03-05 14:19:15.683837
67,30729,7.9,10,13,8,46059,134979,Female,Tier 2,Store,0,2026-03-05 14:19:15.683837
58,144354,6.5,3,44,5,35092,13562,Other,Tier 3,Online,1,2026-03-05 14:19:15.683837
23,85320,6.9,6,49,12,7316,8283,Male,Tier 2,Online,1,2026-03-05 14:19:15.683837
28,69913,6.4,9,28,5,88591,29534,Other,Tier 2,Hybrid,0,2026-03-05 14:19:15.683837
74,203098,4.0,10,27,19,23133,15635,Other,Tier 1,Store,0,2026-03-05 14:19:15.683837
78,74402,7.1,8,21,16,57372,147962,Other,Tier 1,Store,0,2026-03-05 14:19:15.683837
55,136649,5.8,8,30,1,109870,137243,Other,Tier 2,Store,0,2026-03-05 14:19:15.683837
23,118930,4.5,8,16,1,7953,90431,Other,Tier 3,Store,0,2026-03-05 14:19:15.683837
62,183354,3.2,6,16,9,28833,68968,Other,Tier 2,Store,0,2026-03-05 14:19:15.683837
28,245521,4.4,3,48,0,5709,56533,Female,Tier 3,Store,0,2026-03-05 14:19:15.683837
31,220710,7.5,5,14,1,18987,77160,Male,Tier 1,Store,0,2026-03-05 14:19:15.683837
19,184290,9.5,8,46,14,69878,145453,Female,Tier 2,Store,0,2026-03-05 14:19:15.683837
57,164022,6.2,3,31,3,58344,133056,Female,Tier 1,Store,0,2026-03-05 14:19:15.683837
20,74739,4.0,1,27,7,59903,19444,Female,Tier 2,Store,0,2026-03-05 14:19:15.683837
72,19507,6.8,1,10,18,77069,80299,Male,Tier 3,Store,0,2026-03-05 14:19:15.683837
70,192375,8.2,7,38,19,13312,98581,Other,Tier 2,Store,0,2026-03-05 14:19:15.683837
52,117552,9.8,6,16,16,128396,63436,Other,Tier 1,Store,0,2026-03-05 14:19:15.683837
50,94059,8.5,5,11,6,80196,49193,Female,Tier 1,Store,0,2026-03-05 14:19:15.683837
41,170739,6.4,8,38,4,50435,90620,Male,Tier 1,Store,0,2026-03-05 14:19:15.683837
36,150064,7.2,8,8,0,143451,26287,Other,Tier 2,Store,0,2026-03-05 14:19:15.683837
35,145514,4.6,1,24,17,123292,119560,Other,Tier 2,Store,0,2026-03-05 14:19:15.683837
66,219635,7.6,7,25,4,12869,75858,Other,Tier 1,Store,0,2026-03-05 14:19:15.683837
69,102680,7.9,2,3,6,110118,108175,Other,Tier 1,Store,0,2026-03-05 14:19:15.683837
78,40530,1.0,4,18,13,74522,44965,Male,Tier 1,Store,0,2026-03-05 14:19:15.683837
41,30305,6.3,1,12,6,71307,48745,Male,Tier 3,Store,0,2026-03-05 14:19:15.683837
62,124097,9.0,2,28,16,64303,56556,Other,Tier 1,Store,0,2026-03-05 14:19:15.683837
52,198201,4.7,10,46,12,103265,30943,Other,Tier 2,Store,0,2026-03-05 14:19:15.683837
79,233339,1.7,9,8,3,30549,132990,Male,Tier 1,Store,0,2026-03-05 14:19:15.683837
18,232281,5.9,1,41,11,18385,30961,Male,Tier 3,Store,0,2026-03-05 14:19:15.683837
53,244905,8.2,7,39,17,98855,49192,Male,Tier 2,Store,0,2026-03-05 14:19:15.683837
42,67044,6.8,4,6,11,149540,37070,Other,Tier 2,Store,0,2026-03-05 14:19:15.683837
62,237450,6.1,7,6,3,65490,38166,Female,Tier 1,Store,0,2026-03-05 14:19:15.683837
66,145436,4.1,7,20,15,51253,147272,Male,Tier 3,Store,0,2026-03-05 14:19:15.683837
77,104363,3.8,10,8,13,84524,126354,Female,Tier 3,Store,0,2026-03-05 14:19:15.683837
79,73817,6.4,3,49,7,61025,11242,Male,Tier 3,Online,1,2026-03-05 14:19:15.683837
60,118038,5.9,2,44,16,107812,44691,Other,Tier 3,Store,0,2026-03-05 14:19:15.683837
51,61666,7.7,3,26,4,53693,73994,Other,Tier 1,Store,0,2026-03-05 14:19:15.683837
42,172245,6.9,5,47,1,137117,31320,Other,Tier 3,Store,0,2026-03-05 14:19:15.683837
33,33909,4.5,8,20,19,110747,144617,Other,Tier 3,Store,0,2026-03-05 14:19:15.683837
51,210039,6.5,9,4,1,35090,80765,Other,Tier 1,Store,0,2026-03-05 14:19:15.683837
46,177079,6.2,4,4,11,1056,18732,Female,Tier 2,Store,0,2026-03-05 14:19:15.683837
36,159057,2.7,6,7,16,49235,134380,Male,Tier 3,Store,0,2026-03-05 14:19:15.683837
40,37525,5.2,4,14,16,37856,109545,Female,Tier 2,Store,0,2026-03-05 14:19:15.683837
36,127293,6.1,9,12,7,92297,136602,Female,Tier 3,Store,0,2026-03-05 14:19:15.683837
42,116046,5.8,5,32,6,32534,91576,Female,Tier 1,Store,0,2026-03-05 14:19:15.683837
33,52403,6.6,2,43,17,64962,35041,Male,Tier 2,Store,0,2026-03-05 14:19:15.683837
71,183265,6.2,1,46,7,22171,66590,Other,Tier 1,Store,0,2026-03-05 14:19:15.683837
68,149902,6.7,5,31,14,17377,86427,Female,Tier 2,Store,0,2026-03-05 14:19:15.683837
26,202216,6.3,8,35,13,23981,24089,Other,Tier 3,Store,0,2026-03-05 14:19:15.683837
18,146605,6.0,6,48,15,6582,31991,Male,Tier 2,Store,0,2026-03-05 14:19:15.683837
59,167018,6.3,7,22,5,37051,83710,Other,Tier 1,Store,0,2026-03-05 14:19:15.683837
36,38504,5.3,9,33,14,6273,97918,Male,Tier 1,Store,0,2026-03-05 14:19:15.683837
50,125551,5.2,4,17,3,121567,24238,Female,Tier 2,Hybrid,0,2026-03-05 14:19:15.683837
51,70715,6.2,5,11,2,23262,23459,Female,Tier 2,Hybrid,0,2026-03-05 14:19:15.683837
33,174327,2.0,9,22,12,119380,116614,Male,Tier 2,Store,0,2026-03-05 14:19:15.683837
61,202513,5.3,3,1,11,49211,140896,Male,Tier 2,Store,0,2026-03-05 14:19:15.683837
57,51855,4.6,1,43,8,50859,78103,Male,Tier 2,Store,0,2026-03-05 14:19:15.683837
72,56721,4.3,8,26,4,13354,27589,Female,Tier 1,Store,0,2026-03-05 14:19:15.683837
35,126597,5.4,9,49,11,1638,132336,Male,Tier 3,Store,0,2026-03-05 14:19:15.683837
51,187922,3.3,10,30,0,16948,98853,Female,Tier 2,Store,0,2026-03-05 14:19:15.683837
42,115659,5.4,10,47,0,27184,1322,Female,Tier 3,Online,1,2026-03-05 14:19:15.683837
78,49723,6.5,4,21,1,28075,40660,Male,Tier 3,Store,0,2026-03-05 14:19:15.683837
62,181811,8.1,6,4,7,23242,112825,Other,Tier 2,Store,0,2026-03-05 14:19:15.683837
23,20539,10.4,7,16,11,102379,18270,Female,Tier 1,Online,1,2026-03-05 14:19:15.683837
38,219101,2.3,7,42,16,69184,32838,Female,Tier 1,Store,0,2026-03-05 14:19:15.683837
75,210581,4.1,8,6,8,88016,16116,Female,Tier 3,Online,1,2026-03-05 14:19:15.683837
23,131360,5.4,6,17,11,10783,64928,Other,Tier 3,Store,0,2026-03-05 14:19:15.683837
49,116140,6.3,7,1,5,13448,134230,Female,Tier 1,Store,0,2026-03-05 14:19:15.683837
58,167383,6.7,9,30,2,146266,116800,Female,Tier 3,Store,0,2026-03-05 14:19:15.683837
65,249315,4.8,6,27,3,100416,123047,Other,Tier 2,Store,0,2026-03-05 14:19:15.683837
60,84180,1.0,2,2,8,103634,122772,Female,Tier 1,Store,0,2026-03-05 14:19:15.683837
56,131985,8.1,4,8,12,13102,134204,Female,Tier 2,Store,0,2026-03-05 14:19:15.683837
48,100981,7.0,5,32,1,45297,7357,Other,Tier 2,Online,1,2026-03-05 14:19:15.683837
59,50934,7.4,8,27,2,107682,23528,Female,Tier 1,Hybrid,0,2026-03-05 14:19:15.683837
27,155583,5.6,4,27,14,48712,21122,Female,Tier 1,Online,1,2026-03-05 14:19:15.683837
47,146255,6.7,1,17,17,86585,50520,Female,Tier 2,Store,0,2026-03-05 14:19:15.683837
74,24475,2.0,1,14,7,134969,136497,Male,Tier 3,Store,0,2026-03-05 14:19:15.683837
69,230838,3.9,2,10,7,86686,18248,Male,Tier 2,Store,0,2026-03-05 14:19:15.683837
35,209202,8.4,8,24,14,21906,49428,Male,Tier 2,Store,0,2026-03-05 14:19:15.683837
77,74577,6.1,3,4,4,85493,21298,Female,Tier 3,Store,0,2026-03-05 14:19:15.683837
41,41008,9.7,6,40,7,33786,101385,Female,Tier 2,Store,0,2026-03-05 14:19:15.683837
69,222940,4.1,7,45,13,26612,142222,Female,Tier 3,Store,0,2026-03-05 14:19:15.683837
78,194013,11.1,1,26,6,87162,48360,Other,Tier 3,Store,0,2026-03-05 14:19:15.683837
26,57756,11.4,5,11,13,85500,20992,Female,Tier 1,Store,0,2026-03-05 14:19:15.683837
48,216330,4.7,2,9,7,52172,126266,Male,Tier 1,Store,0,2026-03-05 14:19:15.683837
32,95730,5.1,7,8,16,87338,69025,Other,Tier 3,Store,0,2026-03-05 14:19:15.683837
21,238239,8.5,3,1,6,57965,87906,Female,Tier 3,Store,0,2026-03-05 14:19:15.683837
57,173984,4.9,9,8,17,22329,133528,Male,Tier 1,Store,0,2026-03-05 14:19:15.683837
26,97702,5.5,1,46,12,79841,136201,Male,Tier 2,Store,0,2026-03-05 14:19:15.683837
62,196731,4.5,2,15,11,87632,49910,Other,Tier 3,Store,0,2026-03-05 14:19:15.683837
26,61840,4.6,9,0,14,39953,122792,Other,Tier 3,Store,0,2026-03-05 14:19:15.683837
43,227584,6.2,7,20,12,124043,49419,Male,Tier 1,Store,0,2026-03-05 14:19:15.683837
21,53623,5.5,3,49,15,46132,102092,Other,Tier 1,Store,0,2026-03-05 14:19:15.683837
34,78303,1.8,8,36,14,16730,93765,Female,Tier 3,Store,0,2026-03-05 14:19:15.683837
33,61062,8.9,5,38,5,83598,61859,Male,Tier 3,Store,0,2026-03-05 14:19:15.683837
32,71690,9.2,2,0,7,11887,149798,Other,Tier 3,Store,0,2026-03-05 14:19:15.683837
52,223654,7.0,10,48,13,130922,48399,Male,Tier 3,Store,0,2026-03-05 14:19:15.683837
74,113980,6.3,1,46,14,145360,19610,Male,Tier 1,Hybrid,0,2026-03-05 14:19:15.683837
69,169706,4.1,6,39,5,66991,14141,Other,Tier 3,Online,1,2026-03-05 14:19:15.683837
22,150162,5.1,4,13,6,27737,127573,Other,Tier 1,Store,0,2026-03-05 14:19:15.683837
72,60266,8.2,2,39,18,29151,9458,Female,Tier 2,Hybrid,0,2026-03-05 14:19:15.683837
22,176080,7.2,1,47,1,77741,24909,Other,Tier 2,Store,0,2026-03-05 14:19:15.683837
37,102643,6.9,7,43,3,26579,110423,Other,Tier 3,Store,0,2026-03-05 14:19:15.683837
32,73704,7.0,4,31,19,64940,70603,Other,Tier 1,Store,0,2026-03-05 14:19:15.683837
35,208938,8.1,1,23,11,26019,115847,Other,Tier 2,Store,0,2026-03-05 14:19:15.683837
64,132374,7.8,10,38,12,51040,38295,Female,Tier 3,Hybrid,0,2026-03-05 14:19:15.683837
19,23382,7.4,1,36,11,68245,79072,Female,Tier 3,Store,0,2026-03-05 14:19:15.683837
46,193846,5.3,7,32,12,71317,127483,Other,Tier 2,Store,0,2026-03-05 14:19:15.683837
30,220642,9.4,5,29,14,6132,47273,Other,Tier 1,Store,0,2026-03-05 14:19:15.683837
21,220134,5.0,1,25,14,14922,75001,Other,Tier 3,Store,0,2026-03-05 14:19:15.683837
59,104609,4.3,9,42,13,88281,2003,Female,Tier 1,Online,1,2026-03-05 14:19:15.683837
62,61698,4.9,3,43,2,13486,64827,Other,Tier 3,Store,0,2026-03-05 14:19:15.683837
27,16110,3.6,10,13,7,36302,52277,Other,Tier 1,Store,0,2026-03-05 14:19:15.683837
78,130266,7.2,1,11,11,926,128694,Female,Tier 3,Store,0,2026-03-05 14:19:15.683837
48,228053,6.0,2,43,17,41062,71229,Male,Tier 2,Store,0,2026-03-05 14:19:15.683837
58,146458,8.3,10,2,19,115630,91553,Female,Tier 2,Store,0,2026-03-05 14:19:15.683837
25,204585,1.1,6,6,0,137535,40420,Female,Tier 1,Store,0,2026-03-05 14:19:15.683837
20,230192,6.4,3,20,6,7010,25492,Male,Tier 1,Store,0,2026-03-05 14:19:15.683837
65,246059,5.5,10,26,13,84541,65993,Male,Tier 3,Store,0,2026-03-05 14:19:15.683837
63,62801,5.3,8,9,18,78465,32823,Other,Tier 2,Store,0,2026-03-05 14:19:15.683837
26,129012,3.9,1,9,18,111003,113158,Other,Tier 2,Store,0,2026-03-05 14:19:15.683837
47,111085,6.1,1,35,11,49545,45174,Female,Tier 1,Store,0,2026-03-05 14:19:15.683837
70,217929,4.5,8,16,6,67698,84570,Other,Tier 3,Store,0,2026-03-05 14:19:15.683837
28,236048,9.0,1,41,7,119384,65873,Other,Tier 2,Store,0,2026-03-05 14:19:15.683837
52,46566,7.3,4,33,10,38062,102717,Male,Tier 3,Store,0,2026-03-05 14:19:15.683837
54,178593,8.0,6,17,7,49452,98492,Male,Tier 2,Store,0,2026-03-05 14:19:15.683837
78,38798,2.5,1,25,15,26563,108139,Female,Tier 1,Store,0,2026-03-05 14:19:15.683837
59,159637,7.8,4,1,8,14393,70918,Other,Tier 3,Store,0,2026-03-05 14:19:15.683837
30,38027,7.6,5,8,8,50481,111577,Male,Tier 3,Store,0,2026-03-05 14:19:15.683837
53,243703,5.2,1,44,3,20913,123362,Male,Tier 1,Store,0,2026-03-05 14:19:15.683837
73,20631,5.6,2,4,10,67940,24879,Other,Tier 1,Store,0,2026-03-05 14:19:15.683837
30,235937,4.0,2,25,9,85534,11410,Other,Tier 1,Hybrid,0,2026-03-05 14:19:15.683837
29,71878,5.4,6,40,8,29544,126326,Male,Tier 2,Store,0,2026-03-05 14:19:15.683837
54,60206,7.1,2,14,4,44548,97216,Female,Tier 2,Store,0,2026-03-05 14:19:15.683837
27,118473,4.7,6,24,2,6552,52677,Other,Tier 3,Store,0,2026-03-05 14:19:15.683837
77,204654,6.1,9,25,12,142926,149764,Other,Tier 1,Store,0,2026-03-05 14:19:15.683837
73,73334,11.1,2,27,15,44409,63558,Other,Tier 1,Store,0,2026-03-05 14:19:15.683837
26,87323,4.0,7,22,8,6999,49447,Male,Tier 3,Store,0,2026-03-05 14:19:15.683837
69,68619,6.7,1,20,7,90798,138132,Male,Tier 1,Store,0,2026-03-05 14:19:15.683837
24,118536,3.9,9,21,5,115808,38823,Male,Tier 2,Store,0,2026-03-05 14:19:15.683837
19,172947,3.0,4,18,1,19816,133991,Other,Tier 2,Store,0,2026-03-05 14:19:15.683837
71,170586,7.6,5,49,5,123110,38295,Other,Tier 3,Online,1,2026-03-05 14:19:15.683837
73,168652,5.2,4,9,18,1466,138263,Other,Tier 2,Store,0,2026-03-05 14:19:15.683837
77,231899,9.2,10,41,17,89971,105246,Other,Tier 2,Store,0,2026-03-05 14:19:15.683837
40,150360,7.1,9,35,5,4679,1164,Male,Tier 3,Online,1,2026-03-05 14:19:15.683837
56,21734,4.4,1,30,6,139197,100752,Female,Tier 1,Store,0,2026-03-05 14:19:15.683837
57,229072,4.2,10,30,19,97666,18571,Female,Tier 2,Online,1,2026-03-05 14:19:15.683837
56,54008,7.4,6,34,1,82506,132871,Other,Tier 1,Store,0,2026-03-05 14:19:15.683837
38,64349,3.9,5,10,3,66045,86983,Male,Tier 3,Store,0,2026-03-05 14:19:15.683837
40,153886,3.8,8,16,15,69943,110155,Female,Tier 1,Store,0,2026-03-05 14:19:15.683837
46,189226,2.6,2,32,2,128959,113373,Male,Tier 1,Store,0,2026-03-05 14:19:15.683837
31,153923,7.2,4,21,6,71021,124844,Male,Tier 1,Store,0,2026-03-05 14:19:15.683837
43,139478,4.4,5,42,2,101075,51979,Other,Tier 3,Store,0,2026-03-05 14:19:15.683837
68,147672,6.7,8,25,6,101050,34250,Other,Tier 1,Store,0,2026-03-05 14:19:15.683837
22,71614,3.4,1,35,10,108149,37613,Female,Tier 2,Store,0,2026-03-05 14:19:15.683837
72,218474,2.7,7,47,15,25408,64188,Male,Tier 2,Store,0,2026-03-05 14:19:15.683837
48,18692,7.4,8,1,15,50172,62035,Male,Tier 3,Store,0,2026-03-05 14:19:15.683837
42,141745,5.7,1,31,13,6083,18166,Other,Tier 1,Store,0,2026-03-05 14:19:15.683837
48,204099,4.6,5,2,15,76922,120921,Male,Tier 2,Store,0,2026-03-05 14:19:15.683837
67,35373,5.0,6,37,19,51262,144576,Other,Tier 3,Store,0,2026-03-05 14:19:15.683837
37,244708,5.0,10,49,6,6946,92121,Female,Tier 3,Store,0,2026-03-05 14:19:15.683837
61,208877,10.1,5,22,1,49196,141820,Female,Tier 3,Store,0,2026-03-05 14:19:15.683837
72,127413,6.5,9,49,8,72585,60416,Female,Tier 1,Store,0,2026-03-05 14:19:15.683837
34,226455,6.3,4,0,4,118537,128216,Male,Tier 1,Store,0,2026-03-05 14:19:15.683837
62,29507,4.5,2,4,9,67916,24072,Male,Tier 2,Store,0,2026-03-05 14:19:15.683837
19,77931,7.6,9,43,10,58557,2878,Female,Tier 1,Online,1,2026-03-05 14:19:15.683837
42,90499,3.7,2,36,17,134321,100160,Male,Tier 2,Store,0,2026-03-05 14:19:15.683837
30,217714,7.0,2,0,9,92415,54506,Other,Tier 3,Store,0,2026-03-05 14:19:15.683837
75,218941,7.0,6,17,13,32781,76584,Other,Tier 1,Store,0,2026-03-05 14:19:15.683837
56,129362,8.0,9,4,8,64711,67128,Other,Tier 2,Store,0,2026-03-05 14:19:15.683837
45,112449,2.1,5,17,1,111063,149595,Male,Tier 2,Store,0,2026-03-05 14:19:15.683837
59,111819,8.3,10,34,8,52423,149715,Other,Tier 2,Store,0,2026-03-05 14:19:15.683837
72,54423,6.7,2,31,16,38874,144503,Other,Tier 3,Store,0,2026-03-05 14:19:15.683837
23,118612,4.5,6,25,4,53734,33715,Female,Tier 3,Store,0,2026-03-05 14:19:15.683837
20,241423,1.7,1,32,13,22253,44775,Female,Tier 3,Store,0,2026-03-05 14:19:15.683837
75,101120,5.2,10,41,17,65664,85557,Male,Tier 1,Store,0,2026-03-05 14:19:15.683837
52,132409,6.4,10,23,18,96411,73774,Female,Tier 1,Store,0,2026-03-05 14:19:15.683837
35,105918,3.0,3,26,8,21843,133943,Other,Tier 3,Store,0,2026-03-05 14:19:15.683837
28,81600,4.3,3,18,2,141685,112322,Other,Tier 2,Store,0,2026-03-05 14:19:15.683837
71,56848,3.5,10,17,16,72449,68502,Other,Tier 1,Store,0,2026-03-05 14:19:15.683837
37,21820,5.1,6,14,3,5363,102953,Female,Tier 3,Store,0,2026-03-05 14:19:15.683837
22,23512,3.8,4,26,6,34286,67920,Other,Tier 3,Store,0,2026-03-05 14:19:15.683837
36,182797,10.3,8,10,2,78989,54089,Female,Tier 1,Store,0,2026-03-05 14:19:15.683837
39,66534,7.7,7,23,8,78005,57522,Other,Tier 3,Store,0,2026-03-05 14:19:15.683837
76,231223,3.8,9,2,13,42172,88458,Female,Tier 1,Store,0,2026-03-05 14:19:15.683837
77,140191,4.1,5,38,11,40485,1446,Female,Tier 3,Online,1,2026-03-05 14:19:15.683837
36,185848,3.0,5,6,5,52183,34315,Female,Tier 2,Store,0,2026-03-05 14:19:15.683837
79,75945,5.7,5,11,9,139066,51985,Female,Tier 2,Store,0,2026-03-05 14:19:15.683837
64,98420,9.6,9,32,13,99780,143174,Other,Tier 1,Store,0,2026-03-05 14:19:15.683837
79,193527,8.4,2,21,17,142541,71094,Female,Tier 3,Store,0,2026-03-05 14:19:15.683837
33,98488,6.4,7,34,2,20505,65791,Other,Tier 1,Store,0,2026-03-05 14:19:15.683837
41,198505,5.4,10,13,15,26245,118008,Other,Tier 3,Store,0,2026-03-05 14:19:15.683837
58,24711,7.1,3,25,10,91358,70818,Male,Tier 1,Store,0,2026-03-05 14:19:15.683837
21,205334,6.6,8,18,12,80192,98784,Male,Tier 3,Store,0,2026-03-05 14:19:15.683837
32,101009,6.9,9,20,8,120440,93250,Male,Tier 2,Store,0,2026-03-05 14:19:15.683837
42,229857,6.4,10,40,13,75975,88621,Female,Tier 1,Store,0,2026-03-05 14:19:15.683837
61,24597,6.9,9,44,14,111387,122572,Other,Tier 3,Store,0,2026-03-05 14:19:15.683837
72,75067,3.2,5,30,18,10227,135493,Female,Tier 2,Store,0,2026-03-05 14:19:15.683837
52,233592,5.8,10,4,1,31650,107346,Female,Tier 3,Store,0,2026-03-05 14:19:15.683837
72,63022,6.5,9,34,12,124917,126077,Other,Tier 3,Store,0,2026-03-05 14:19:15.683837
31,227996,5.1,3,16,17,70463,134903,Female,Tier 3,Store,0,2026-03-05 14:19:15.683837
66,127673,3.5,8,31,1,124807,2490,Female,Tier 1,Online,1,2026-03-05 14:19:15.683837
36,164854,6.0,7,3,2,50020,4074,Female,Tier 3,Online,1,2026-03-05 14:19:15.683837
55,66782,12.0,4,9,13,103661,42065,Other,Tier 1,Store,0,2026-03-05 14:19:15.683837
53,218216,4.4,9,29,0,27878,96310,Male,Tier 2,Store,0,2026-03-05 14:19:15.683837
24,244723,5.7,7,36,11,29451,5483,Other,Tier 1,Online,1,2026-03-05 14:19:15.683837
47,201085,8.5,8,8,4,149654,30643,Other,Tier 1,Store,0,2026-03-05 14:19:15.683837
36,125716,9.5,8,25,18,102354,145770,Other,Tier 2,Store,0,2026-03-05 14:19:15.683837
66,133030,4.8,3,21,19,72528,49574,Male,Tier 2,Store,0,2026-03-05 14:19:15.683837
42,87036,7.9,7,20,8,47888,41747,Male,Tier 2,Store,0,2026-03-05 14:19:15.683837
33,50342,7.6,8,47,6,112055,93667,Female,Tier 3,Store,0,2026-03-05 14:19:15.683837
64,100745,5.0,3,22,2,115310,115569,Female,Tier 1,Store,0,2026-03-05 14:19:15.683837
71,167049,7.2,9,11,6,42732,55084,Female,Tier 2,Store,0,2026-03-05 14:19:15.683837
57,249648,5.7,10,30,14,110735,12940,Female,Tier 1,Hybrid,0,2026-03-05 14:19:15.683837
68,72396,4.7,4,16,10,122413,119525,Other,Tier 1,Store,0,2026-03-05 14:19:15.683837
25,129836,9.4,10,39,9,79380,99113,Other,Tier 1,Store,0,2026-03-05 14:19:15.683837
35,121998,7.3,7,44,0,144219,9883,Other,Tier 1,Online,1,2026-03-05 14:19:15.683837
45,65021,2.6,8,20,8,7739,66366,Female,Tier 3,Store,0,2026-03-05 14:19:15.683837
33,215129,5.7,8,46,2,34854,17101,Male,Tier 1,Online,1,2026-03-05 14:19:15.683837
69,145672,5.0,5,40,5,116752,62064,Male,Tier 1,Store,0,2026-03-05 14:19:15.683837
36,133559,5.6,7,32,17,48918,143740,Other,Tier 1,Store,0,2026-03-05 14:19:15.683837
59,81836,7.0,8,14,3,11865,55671,Other,Tier 2,Store,0,2026-03-05 14:19:15.683837
34,173147,6.6,2,31,18,90226,109707,Other,Tier 2,Store,0,2026-03-05 14:19:15.683837
62,235587,8.9,10,34,5,52581,40796,Female,Tier 1,Store,0,2026-03-05 14:19:15.683837
30,176874,8.4,4,14,0,125591,19044,Female,Tier 2,Store,0,2026-03-05 14:19:15.683837
24,223833,3.6,6,28,3,87899,79199,Other,Tier 3,Store,0,2026-03-05 14:19:15.683837
44,92017,5.8,9,10,0,19571,93050,Male,Tier 3,Store,0,2026-03-05 14:19:15.683837
27,232825,2.1,2,28,16,89222,121251,Male,Tier 1,Store,0,2026-03-05 14:19:15.683837
51,201894,4.0,7,40,3,23663,83210,Male,Tier 3,Store,0,2026-03-05 14:19:15.683837
53,197675,1.8,2,21,6,137838,60791,Female,Tier 3,Store,0,2026-03-05 14:19:15.683837
42,117689,2.9,10,25,7,79427,20325,Male,Tier 3,Store,0,2026-03-05 14:19:15.683837
23,95291,8.8,2,17,2,14157,73519,Male,Tier 1,Store,0,2026-03-05 14:19:15.683837
41,105450,7.5,1,24,11,140276,93160,Other,Tier 3,Store,0,2026-03-05 14:19:15.683837
35,181664,7.2,9,20,18,105967,4820,Female,Tier 2,Online,1,2026-03-05 14:19:15.683837
40,71006,8.4,6,23,9,50910,66848,Other,Tier 3,Store,0,2026-03-05 14:19:15.683837
23,172341,7.2,2,49,19,122562,110123,Other,Tier 1,Store,0,2026-03-05 14:19:15.683837
46,119268,5.8,10,27,5,24761,42977,Male,Tier 1,Store,0,2026-03-05 14:19:15.683837
79,65138,4.8,4,2,17,16946,76147,Other,Tier 1,Store,0,2026-03-05 14:19:15.683837
42,77398,9.4,4,12,5,91474,144514,Male,Tier 1,Store,0,2026-03-05 14:19:15.683837
72,236163,8.6,7,37,17,104176,141070,Female,Tier 3,Store,0,2026-03-05 14:19:15.683837
34,165946,5.6,7,5,4,82660,93098,Male,Tier 3,Store,0,2026-03-05 14:19:15.683837
63,72228,7.5,4,10,10,122721,132824,Male,Tier 3,Store,0,2026-03-05 14:19:15.683837
41,77670,1.0,5,22,6,105270,941,Female,Tier 3,Online,1,2026-03-05 14:19:15.683837
28,140613,7.6,9,8,8,131911,124304,Other,Tier 2,Store,0,2026-03-05 14:19:15.683837
43,117071,5.0,6,48,2,60072,32665,Female,Tier 3,Store,0,2026-03-05 14:19:15.683837
68,125572,11.4,2,16,18,28860,81713,Male,Tier 1,Store,0,2026-03-05 14:19:15.683837
79,153997,8.3,2,8,11,71138,148006,Male,Tier 1,Store,0,2026-03-05 14:19:15.683837
51,18107,2.1,3,18,17,133146,114074,Other,Tier 1,Store,0,2026-03-05 14:19:15.683837
45,101388,4.6,7,34,14,43118,115443,Other,Tier 3,Store,0,2026-03-05 14:19:15.683837
20,110719,6.1,2,31,19,68467,135384,Male,Tier 2,Store,0,2026-03-05 14:19:15.683837
28,133018,5.9,1,27,4,81042,66631,Male,Tier 3,Store,0,2026-03-05 14:19:15.683837
55,42617,5.8,4,27,7,65030,50566,Other,Tier 3,Store,0,2026-03-05 14:19:15.683837
78,89258,8.0,10,45,11,76398,39863,Male,Tier 3,Store,0,2026-03-05 14:19:15.683837
31,65075,4.9,7,14,16,114530,117296,Female,Tier 3,Store,0,2026-03-05 14:19:15.683837
68,141998,5.9,5,18,18,98325,40054,Female,Tier 2,Store,0,2026-03-05 14:19:15.683837
43,37631,9.1,7,32,13,20905,125510,Male,Tier 1,Store,0,2026-03-05 14:19:15.683837
65,138120,9.1,7,22,15,12304,37946,Other,Tier 2,Store,0,2026-03-05 14:19:15.683837
38,208516,8.0,7,27,14,4574,33763,Female,Tier 1,Store,0,2026-03-05 14:19:15.683837
71,112158,5.3,1,3,3,72364,27633,Other,Tier 3,Store,0,2026-03-05 14:19:15.683837
73,153955,4.6,8,46,17,74361,57506,Female,Tier 2,Store,0,2026-03-05 14:19:15.683837
56,165780,5.9,6,46,7,44577,126808,Male,Tier 1,Store,0,2026-03-05 14:19:15.683837
47,61221,6.1,6,30,4,141372,69343,Female,Tier 1,Store,0,2026-03-05 14:19:15.683837
76,163269,5.9,10,34,16,47241,51633,Male,Tier 2,Store,0,2026-03-05 14:19:15.683837
25,167206,7.1,4,4,7,138889,82136,Female,Tier 2,Store,0,2026-03-05 14:19:15.683837
68,120922,6.7,9,32,12,75176,8476,Other,Tier 3,Online,1,2026-03-05 14:19:15.683837
37,48550,6.6,10,47,8,149429,134842,Male,Tier 2,Store,0,2026-03-05 14:19:15.683837
65,29642,5.1,9,31,13,46928,74428,Other,Tier 3,Store,0,2026-03-05 14:19:15.683837
49,166511,3.6,6,47,16,26036,50097,Female,Tier 2,Store,0,2026-03-05 14:19:15.683837
39,243851,7.4,9,47,5,123603,81324,Other,Tier 1,Store,0,2026-03-05 14:19:15.683837
76,121093,6.1,1,14,6,76312,63625,Other,Tier 1,Store,0,2026-03-05 14:19:15.683837
24,170655,6.8,7,36,0,124185,115352,Female,Tier 2,Store,0,2026-03-05 14:19:15.683837
26,108885,6.9,9,33,3,105399,113425,Female,Tier 2,Store,0,2026-03-05 14:19:15.683837
62,94538,1.9,5,39,19,112632,128276,Female,Tier 3,Store,0,2026-03-05 14:19:15.683837
18,77014,9.4,6,46,10,20973,85860,Female,Tier 1,Store,0,2026-03-05 14:19:15.683837
46,34523,4.9,6,8,9,51978,146077,Other,Tier 3,Store,0,2026-03-05 14:19:15.683837
25,125285,8.7,5,40,12,144559,1953,Male,Tier 2,Online,1,2026-03-05 14:19:15.683837
73,216615,6.8,10,34,19,88861,8667,Male,Tier 2,Online,1,2026-03-05 14:19:15.683837
71,232043,3.8,9,46,12,39563,50948,Male,Tier 1,Store,0,2026-03-05 14:19:15.683837
21,120879,4.6,5,23,5,6045,37099,Male,Tier 1,Store,0,2026-03-05 14:19:15.683837
52,105629,4.6,3,17,17,144613,114238,Female,Tier 3,Store,0,2026-03-05 14:19:15.683837
76,91830,4.7,6,16,11,4205,5071,Male,Tier 3,Hybrid,0,2026-03-05 14:19:15.683837
20,60538,2.5,6,0,1,28921,73041,Other,Tier 3,Store,0,2026-03-05 14:19:15.683837
71,62310,4.4,1,10,5,140505,91850,Male,Tier 2,Store,0,2026-03-05 14:19:15.683837
62,156980,7.9,4,32,6,112310,79225,Other,Tier 2,Store,0,2026-03-05 14:19:15.683837
57,130266,8.1,10,5,2,81808,14084,Other,Tier 2,Online,1,2026-03-05 14:19:15.683837
24,203362,4.6,10,28,10,149181,25664,Female,Tier 1,Store,0,2026-03-05 14:19:15.683837
44,199706,2.3,1,43,8,101328,61702,Male,Tier 2,Store,0,2026-03-05 14:19:15.683837
18,27699,7.3,6,19,13,145904,12722,Other,Tier 3,Hybrid,0,2026-03-05 14:19:15.683837
44,246241,3.8,2,17,10,95094,63749,Female,Tier 1,Store,0,2026-03-05 14:19:15.683837
33,81912,4.0,5,13,5,4404,3988,Male,Tier 1,Online,1,2026-03-05 14:19:15.683837
55,160327,5.4,3,44,18,85650,27893,Female,Tier 2,Store,0,2026-03-05 14:19:15.683837
24,94183,5.2,6,42,14,70904,91186,Male,Tier 1,Store,0,2026-03-05 14:19:15.683837
61,75282,4.4,9,19,13,142698,87742,Female,Tier 2,Store,0,2026-03-05 14:19:15.683837
40,73249,4.6,3,17,11,105351,127864,Male,Tier 1,Store,0,2026-03-05 14:19:15.683837
58,53176,5.0,9,26,12,13790,73203,Other,Tier 2,Store,0,2026-03-05 14:19:15.683837
76,23163,4.6,5,17,4,37744,81918,Female,Tier 2,Store,0,2026-03-05 14:19:15.683837
28,69210,4.7,2,16,11,116787,113552,Male,Tier 2,Store,0,2026-03-05 14:19:15.683837
59,138844,5.4,10,24,16,34065,66940,Female,Tier 2,Store,0,2026-03-05 14:19:15.683837
70,119587,6.7,10,4,18,4791,21765,Female,Tier 2,Store,0,2026-03-05 14:19:15.683837
50,246352,6.5,10,5,2,100784,20012,Other,Tier 3,Store,0,2026-03-05 14:19:15.683837
67,86979,4.9,10,39,17,62940,62873,Other,Tier 1,Store,0,2026-03-05 14:19:15.683837
53,93860,5.4,9,35,17,51367,89614,Female,Tier 3,Store,0,2026-03-05 14:19:15.683837
54,167215,8.7,3,32,8,78448,51406,Male,Tier 1,Store,0,2026-03-05 14:19:15.683837
58,19920,8.0,9,14,2,134802,129726,Male,Tier 2,Store,0,2026-03-05 14:19:15.683837
76,97911,7.1,6,38,10,147137,1020,Female,Tier 2,Online,1,2026-03-05 14:19:15.683837
34,52996,2.5,1,15,19,124166,128482,Female,Tier 1,Store,0,2026-03-05 14:19:15.683837
52,157820,6.2,1,37,15,95098,29637,Male,Tier 2,Store,0,2026-03-05 14:19:15.683837
65,109071,4.6,3,38,14,64621,117812,Other,Tier 3,Store,0,2026-03-05 14:19:15.683837
22,227323,4.1,5,23,5,5474,10704,Other,Tier 2,Online,1,2026-03-05 14:19:15.683837
65,62252,5.3,6,20,8,35850,106826,Male,Tier 3,Store,0,2026-03-05 14:19:15.683837
49,137734,8.1,5,37,0,20078,123672,Other,Tier 1,Store,0,2026-03-05 14:19:15.683837
20,209251,7.8,8,12,13,65087,47395,Female,Tier 3,Store,0,2026-03-05 14:19:15.683837
69,152522,4.8,6,28,18,10782,81067,Male,Tier 1,Store,0,2026-03-05 14:19:15.683837
64,67756,6.2,2,33,2,111376,5730,Other,Tier 2,Online,1,2026-03-05 14:19:15.683837
79,65235,5.2,5,4,8,136847,103107,Male,Tier 2,Store,0,2026-03-05 14:19:15.683837
52,105546,5.5,7,2,8,50093,78446,Other,Tier 2,Store,0,2026-03-05 14:19:15.683837
69,146092,8.0,2,20,4,54483,106280,Female,Tier 2,Store,0,2026-03-05 14:19:15.683837
31,140802,5.9,5,8,5,124026,15410,Female,Tier 3,Online,1,2026-03-05 14:19:15.683837
65,226325,2.5,5,2,11,148082,68515,Other,Tier 2,Store,0,2026-03-05 14:19:15.683837
78,123421,6.3,8,43,6,39172,12702,Male,Tier 2,Online,1,2026-03-05 14:19:15.683837
78,155736,9.6,9,29,6,54409,47444,Other,Tier 3,Store,0,2026-03-05 14:19:15.683837
48,81635,4.6,3,2,19,85647,139901,Female,Tier 3,Store,0,2026-03-05 14:19:15.683837
48,38225,9.1,4,48,9,125228,141276,Female,Tier 1,Store,0,2026-03-05 14:19:15.683837
34,214245,7.2,9,46,15,37877,58720,Female,Tier 3,Store,0,2026-03-05 14:19:15.683837
77,121885,8.4,9,48,16,64591,18873,Female,Tier 2,Online,1,2026-03-05 14:19:15.683837
41,100333,7.8,3,38,12,48839,27900,Male,Tier 2,Store,0,2026-03-05 14:19:15.683837
69,186297,6.4,2,40,4,131006,71316,Male,Tier 1,Store,0,2026-03-05 14:19:15.683837
40,25807,4.8,7,49,13,114336,15897,Female,Tier 3,Hybrid,0,2026-03-05 14:19:15.683837
35,229346,6.4,4,33,8,140997,85975,Male,Tier 2,Store,0,2026-03-05 14:19:15.683837
67,21402,6.5,3,16,13,94891,41829,Other,Tier 3,Store,0,2026-03-05 14:19:15.683837
71,19521,7.9,2,13,7,19356,89530,Male,Tier 2,Store,0,2026-03-05 14:19:15.683837
31,209237,1.5,10,48,19,20200,34949,Other,Tier 2,Store,0,2026-03-05 14:19:15.683837
67,129693,3.1,8,10,9,12835,40461,Male,Tier 3,Store,0,2026-03-05 14:19:15.683837
32,23382,6.5,7,0,8,144506,112796,Male,Tier 3,Store,0,2026-03-05 14:19:15.683837
32,125996,6.7,5,0,6,147025,3771,Male,Tier 3,Online,1,2026-03-05 14:19:15.683837
23,248729,4.3,7,14,9,36435,112972,Female,Tier 2,Store,0,2026-03-05 14:19:15.683837
44,30065,6.7,1,1,9,52582,128738,Male,Tier 2,Store,0,2026-03-05 14:19:15.683837
32,100470,7.4,9,11,7,7927,77944,Male,Tier 2,Store,0,2026-03-05 14:19:15.683837
67,29425,5.6,8,44,16,13177,42999,Other,Tier 2,Store,0,2026-03-05 14:19:15.683837
53,28111,8.9,4,41,19,23729,52497,Male,Tier 1,Store,0,2026-03-05 14:19:15.683837
72,186871,9.2,1,1,5,5550,129163,Male,Tier 2,Store,0,2026-03-05 14:19:15.683837
25,68257,6.2,4,22,19,27312,29946,Female,Tier 1,Store,0,2026-03-05 14:19:15.683837
32,138990,7.7,1,33,18,63727,108276,Male,Tier 3,Store,0,2026-03-05 14:19:15.683837
20,207249,2.6,6,16,12,105185,6417,Male,Tier 2,Online,1,2026-03-05 14:19:15.683837
79,142813,8.1,8,40,4,63787,67541,Other,Tier 1,Store,0,2026-03-05 14:19:15.683837
64,96046,8.9,5,13,3,101806,98096,Female,Tier 2,Store,0,2026-03-05 14:19:15.683837
30,52851,4.0,9,10,11,117172,64057,Male,Tier 3,Store,0,2026-03-05 14:19:15.683837
58,23816,7.2,10,19,14,82728,32218,Other,Tier 3,Store,0,2026-03-05 14:19:15.683837
51,223925,2.3,2,43,1,6211,19633,Male,Tier 1,Store,0,2026-03-05 14:19:15.683837
41,17175,4.4,2,6,14,86564,146523,Male,Tier 1,Store,0,2026-03-05 14:19:15.683837
57,26341,5.0,4,0,18,12317,1120,Female,Tier 3,Hybrid,0,2026-03-05 14:19:15.683837
49,78908,3.1,6,47,7,21196,13660,Female,Tier 3,Online,1,2026-03-05 14:19:15.683837
78,171726,5.5,6,14,14,40675,56601,Female,Tier 1,Store,0,2026-03-05 14:19:15.683837
49,206967,5.4,6,44,9,101383,33105,Female,Tier 1,Hybrid,0,2026-03-05 14:19:15.683837
47,74696,7.2,6,37,12,39172,21616,Male,Tier 2,Store,0,2026-03-05 14:19:15.683837
69,203961,3.0,1,33,18,110028,131402,Female,Tier 2,Store,0,2026-03-05 14:19:15.683837
66,233216,7.2,1,8,0,134815,115240,Male,Tier 1,Store,0,2026-03-05 14:19:15.683837
30,98115,4.4,3,0,10,81667,29379,Female,Tier 1,Store,0,2026-03-05 14:19:15.683837
18,45194,3.4,2,8,17,11309,22060,Male,Tier 3,Store,0,2026-03-05 14:19:15.683837
51,180909,5.6,7,41,18,58152,75722,Male,Tier 3,Store,0,2026-03-05 14:19:15.683837
79,214966,7.5,6,1,17,139333,11627,Female,Tier 1,Store,0,2026-03-05 14:19:15.683837
32,99358,5.0,5,21,18,105085,54697,Male,Tier 3,Store,0,2026-03-05 14:19:15.683837
61,187648,7.0,8,24,6,141934,88003,Female,Tier 1,Store,0,2026-03-05 14:19:15.683837
31,117548,6.6,2,13,4,144388,69111,Female,Tier 1,Store,0,2026-03-05 14:19:15.683837
74,165799,12.0,7,34,13,20223,101537,Female,Tier 2,Store,0,2026-03-05 14:19:15.683837
46,49579,5.4,10,15,10,80849,97377,Male,Tier 1,Store,0,2026-03-05 14:19:15.683837
51,111554,5.7,4,18,10,109578,110062,Female,Tier 3,Store,0,2026-03-05 14:19:15.683837
35,162627,8.2,3,40,1,136936,14106,Male,Tier 2,Online,1,2026-03-05 14:19:15.683837
71,68294,5.9,1,30,8,141302,51154,Female,Tier 3,Store,0,2026-03-05 14:19:15.683837
24,64777,6.5,10,1,0,69740,90953,Male,Tier 2,Store,0,2026-03-05 14:19:15.683837
46,151978,2.5,2,31,14,122161,60979,Female,Tier 1,Store,0,2026-03-05 14:19:15.683837
72,55751,5.8,7,35,7,68257,79926,Other,Tier 3,Store,0,2026-03-05 14:19:15.683837
48,215671,4.6,3,10,1,122620,56709,Female,Tier 1,Store,0,2026-03-05 14:19:15.683837
78,123750,5.0,5,7,5,10310,146088,Female,Tier 1,Store,0,2026-03-05 14:19:15.683837
42,89180,6.5,3,47,1,100261,134423,Other,Tier 2,Store,0,2026-03-05 14:19:15.683837
55,219750,5.9,7,4,16,82133,137544,Male,Tier 3,Store,0,2026-03-05 14:19:15.683837
31,46644,7.5,4,33,6,1519,142394,Other,Tier 2,Store,0,2026-03-05 14:19:15.683837
25,48521,7.9,8,31,2,13864,16824,Other,Tier 1,Online,1,2026-03-05 14:19:15.683837
44,26564,5.6,10,46,18,9960,87408,Male,Tier 1,Store,0,2026-03-05 14:19:15.683837
71,120155,6.6,8,5,11,68884,135557,Female,Tier 2,Store,0,2026-03-05 14:19:15.683837
19,216712,1.9,4,7,17,45289,98987,Female,Tier 1,Store,0,2026-03-05 14:19:15.683837
34,173371,6.6,2,33,7,45875,3709,Female,Tier 2,Online,1,2026-03-05 14:19:15.683837
54,194030,8.1,7,3,11,122934,88167,Other,Tier 2,Store,0,2026-03-05 14:19:15.683837
31,202150,4.2,1,35,0,28000,144949,Male,Tier 1,Store,0,2026-03-05 14:19:15.683837
42,159493,7.5,9,43,0,26843,69117,Female,Tier 2,Store,0,2026-03-05 14:19:15.683837
73,103747,5.1,5,24,9,65134,121325,Female,Tier 3,Store,0,2026-03-05 14:19:15.683837
47,26202,4.8,10,25,2,146420,141486,Other,Tier 3,Store,0,2026-03-05 14:19:15.683837
46,124407,8.8,4,32,9,75279,130523,Male,Tier 1,Store,0,2026-03-05 14:19:15.683837
37,188257,5.9,4,8,3,30656,125282,Female,Tier 3,Store,0,2026-03-05 14:19:15.683837
38,149757,7.7,9,46,11,60698,35420,Female,Tier 2,Online,1,2026-03-05 14:19:15.683837
78,105197,2.1,1,7,13,109282,54280,Other,Tier 3,Store,0,2026-03-05 14:19:15.683837
70,57637,4.8,4,16,7,27497,53656,Female,Tier 1,Store,0,2026-03-05 14:19:15.683837
39,164438,7.4,6,14,6,119873,149405,Male,Tier 2,Store,0,2026-03-05 14:19:15.683837
52,249320,6.2,8,41,0,136729,23439,Other,Tier 3,Online,1,2026-03-05 14:19:15.683837
54,39276,5.6,2,12,16,21493,141496,Other,Tier 2,Store,0,2026-03-05 14:19:15.683837
33,95946,7.2,8,42,14,148775,108657,Female,Tier 1,Store,0,2026-03-05 14:19:15.683837
67,194311,4.3,9,47,14,8489,65227,Male,Tier 1,Store,0,2026-03-05 14:19:15.683837
75,90214,8.4,8,46,4,41861,100312,Other,Tier 1,Store,0,2026-03-05 14:19:15.683837
66,170647,5.6,5,49,0,56482,83689,Other,Tier 1,Store,0,2026-03-05 14:19:15.683837
60,187473,4.4,1,43,18,88895,99434,Male,Tier 1,Store,0,2026-03-05 14:19:15.683837
34,56230,4.5,6,2,0,72802,85232,Other,Tier 2,Store,0,2026-03-05 14:19:15.683837
33,225496,5.8,1,11,1,90473,40338,Female,Tier 1,Store,0,2026-03-05 14:19:15.683837
75,228335,5.1,4,28,10,15389,75506,Other,Tier 1,Store,0,2026-03-05 14:19:15.683837
72,139086,7.1,9,0,11,53530,88769,Other,Tier 1,Store,0,2026-03-05 14:19:15.683837
19,144526,5.9,5,31,10,117894,15452,Other,Tier 3,Hybrid,0,2026-03-05 14:19:15.683837
21,214689,5.3,7,36,7,129591,147982,Male,Tier 1,Store,0,2026-03-05 14:19:15.683837
38,169093,6.7,9,19,19,52532,43400,Male,Tier 3,Store,0,2026-03-05 14:19:15.683837
56,155521,4.9,4,7,3,9436,47927,Female,Tier 3,Store,0,2026-03-05 14:19:15.683837
51,161729,7.0,5,36,1,93363,62392,Female,Tier 3,Store,0,2026-03-05 14:19:15.683837
47,50059,6.7,6,30,8,64598,140288,Male,Tier 2,Store,0,2026-03-05 14:19:15.683837
23,16532,6.6,1,30,12,75746,89568,Male,Tier 3,Store,0,2026-03-05 14:19:15.683837
34,117666,5.3,10,24,9,115446,130195,Male,Tier 2,Store,0,2026-03-05 14:19:15.683837
56,196877,4.7,5,49,8,59383,15078,Female,Tier 3,Online,1,2026-03-05 14:19:15.683837
42,96551,7.6,10,39,12,128654,15250,Male,Tier 1,Online,1,2026-03-05 14:19:15.683837
22,183828,7.2,4,44,2,23884,143329,Other,Tier 1,Store,0,2026-03-05 14:19:15.683837
22,86880,4.0,1,48,16,36336,7727,Other,Tier 2,Store,0,2026-03-05 14:19:15.683837
37,121734,5.1,4,7,17,129497,149083,Other,Tier 2,Store,0,2026-03-05 14:19:15.683837
33,128997,8.7,5,29,7,68597,130565,Male,Tier 3,Store,0,2026-03-05 14:19:15.683837
68,220714,8.0,9,29,12,132511,129935,Female,Tier 3,Store,0,2026-03-05 14:19:15.683837
58,180278,3.7,1,26,17,43475,51983,Other,Tier 3,Store,0,2026-03-05 14:19:15.683837
54,67168,6.0,6,34,15,50152,113585,Male,Tier 3,Store,0,2026-03-05 14:19:15.683837
57,128123,6.8,8,49,13,16830,4536,Female,Tier 2,Online,1,2026-03-05 14:19:15.683837
26,221260,8.0,9,43,12,96676,61690,Female,Tier 1,Store,0,2026-03-05 14:19:15.683837
22,170622,6.3,5,12,3,134928,48006,Female,Tier 1,Store,0,2026-03-05 14:19:15.683837
59,152461,7.0,2,20,0,82624,141763,Male,Tier 1,Store,0,2026-03-05 14:19:15.683837
74,102897,7.9,1,8,0,62075,6897,Male,Tier 2,Online,1,2026-03-05 14:19:15.683837
19,181919,8.1,5,23,5,61771,1154,Male,Tier 3,Online,1,2026-03-05 14:19:15.683837
26,119599,5.6,3,47,14,119599,144798,Female,Tier 2,Store,0,2026-03-05 14:19:15.683837
60,94239,6.1,6,32,14,7795,114256,Female,Tier 3,Store,0,2026-03-05 14:19:15.683837
53,33642,4.5,9,0,6,129972,56397,Female,Tier 3,Store,0,2026-03-05 14:19:15.683837
39,121862,5.5,1,7,8,86336,57096,Male,Tier 3,Store,0,2026-03-05 14:19:15.683837
39,51509,5.2,4,2,12,15529,148820,Male,Tier 3,Store,0,2026-03-05 14:19:15.683837
39,94417,5.6,4,13,5,82648,135832,Female,Tier 3,Store,0,2026-03-05 14:19:15.683837
51,64237,5.8,7,13,9,17922,48002,Other,Tier 3,Store,0,2026-03-05 14:19:15.683837
72,161486,7.6,2,48,11,35952,85008,Female,Tier 1,Store,0,2026-03-05 14:19:15.683837
46,78176,6.7,8,32,2,138875,124870,Male,Tier 2,Store,0,2026-03-05 14:19:15.683837
55,143633,3.4,6,3,14,95156,90258,Male,Tier 3,Store,0,2026-03-05 14:19:15.683837
76,94865,7.1,4,37,19,66639,97394,Other,Tier 1,Store,0,2026-03-05 14:19:15.683837
63,132181,4.9,3,24,10,122182,131300,Female,Tier 1,Store,0,2026-03-05 14:19:15.683837
50,77059,3.8,10,46,18,147781,40602,Other,Tier 2,Store,0,2026-03-05 14:19:15.683837
35,64150,3.7,7,12,9,85484,82123,Male,Tier 3,Store,0,2026-03-05 14:19:15.683837
24,103367,6.3,9,40,8,72553,75238,Male,Tier 2,Store,0,2026-03-05 14:19:15.683837
18,56091,8.1,2,38,0,127881,25068,Male,Tier 2,Online,1,2026-03-05 14:19:15.683837
50,219196,5.6,8,24,15,18546,71979,Female,Tier 1,Store,0,2026-03-05 14:19:15.683837
18,15903,7.9,2,37,14,114688,75763,Male,Tier 1,Store,0,2026-03-05 14:19:15.683837
41,69235,6.2,6,8,16,8343,108817,Other,Tier 3,Store,0,2026-03-05 14:19:15.683837
21,204637,1.7,8,37,19,30300,108578,Female,Tier 1,Store,0,2026-03-05 14:19:15.683837
21,70342,7.2,1,42,16,89506,12100,Other,Tier 1,Online,1,2026-03-05 14:19:15.683837
78,188795,4.9,7,37,3,85819,51371,Other,Tier 2,Store,0,2026-03-05 14:19:15.683837
35,50572,4.4,9,34,0,13899,106380,Male,Tier 3,Store,0,2026-03-05 14:19:15.683837
44,32610,7.2,6,28,13,130243,110497,Male,Tier 3,Store,0,2026-03-05 14:19:15.683837
60,49052,6.3,6,49,13,83955,30070,Other,Tier 3,Store,0,2026-03-05 14:19:15.683837
76,113993,5.9,9,13,14,35609,133479,Female,Tier 2,Store,0,2026-03-05 14:19:15.683837
49,102063,6.2,2,37,4,100456,112489,Male,Tier 2,Store,0,2026-03-05 14:19:15.683837
50,183622,4.3,4,33,14,73891,113594,Other,Tier 2,Store,0,2026-03-05 14:19:15.683837
45,200105,9.5,8,24,19,16566,71950,Female,Tier 3,Store,0,2026-03-05 14:19:15.683837
59,175083,6.3,5,41,11,112393,50143,Female,Tier 3,Store,0,2026-03-05 14:19:15.683837
58,248883,6.3,9,27,14,32215,139567,Other,Tier 2,Store,0,2026-03-05 14:19:15.683837
72,180836,5.8,3,29,1,113073,109633,Male,Tier 2,Store,0,2026-03-05 14:19:15.683837
53,112540,2.8,6,38,15,148042,67138,Female,Tier 1,Store,0,2026-03-05 14:19:15.683837
77,68533,4.7,6,36,6,138740,61389,Other,Tier 2,Store,0,2026-03-05 14:19:15.683837
23,170136,3.6,3,46,0,108233,28319,Female,Tier 3,Store,0,2026-03-05 14:19:15.683837
79,138989,3.4,6,41,18,95922,97640,Male,Tier 2,Store,0,2026-03-05 14:19:15.683837
33,195653,2.9,1,1,6,81347,82277,Female,Tier 1,Store,0,2026-03-05 14:19:15.683837
51,135388,4.7,5,20,9,6763,91272,Female,Tier 3,Store,0,2026-03-05 14:19:15.683837
40,43702,6.0,2,33,17,103709,48940,Male,Tier 2,Store,0,2026-03-05 14:19:15.683837
67,231773,3.2,8,18,7,91830,122267,Female,Tier 3,Store,0,2026-03-05 14:19:15.683837
59,138482,7.4,7,39,5,16048,130848,Male,Tier 3,Store,0,2026-03-05 14:19:15.683837
41,23631,6.6,7,37,0,57690,48842,Male,Tier 3,Store,0,2026-03-05 14:19:15.683837
73,102388,5.5,10,30,12,4979,122754,Male,Tier 1,Store,0,2026-03-05 14:19:15.683837
66,139798,10.3,4,25,7,47152,63120,Male,Tier 1,Store,0,2026-03-05 14:19:15.683837
30,85043,5.5,2,11,3,44055,71256,Male,Tier 3,Store,0,2026-03-05 14:19:15.683837
73,212135,7.6,3,29,4,117082,115350,Other,Tier 1,Store,0,2026-03-05 14:19:15.683837
35,175053,6.4,10,25,14,25644,50956,Female,Tier 1,Store,0,2026-03-05 14:19:15.683837
71,50764,8.9,4,47,4,147419,65320,Other,Tier 3,Store,0,2026-03-05 14:19:15.683837
30,247843,8.2,3,30,10,96477,78762,Female,Tier 1,Store,0,2026-03-05 14:19:15.683837
66,196585,5.4,3,47,9,129926,11426,Other,Tier 3,Online,1,2026-03-05 14:19:15.683837
54,144014,5.5,1,14,8,29573,127607,Male,Tier 2,Store,0,2026-03-05 14:19:15.683837
60,128076,3.3,1,9,7,74739,19305,Male,Tier 2,Store,0,2026-03-05 14:19:15.683837
56,114007,6.2,8,35,1,102525,90391,Male,Tier 1,Store,0,2026-03-05 14:19:15.683837
78,212270,7.3,8,39,15,6634,117109,Male,Tier 3,Store,0,2026-03-05 14:19:15.683837
59,39940,5.9,1,25,2,79233,128748,Male,Tier 1,Store,0,2026-03-05 14:19:15.683837
34,122418,8.8,4,8,17,40672,26627,Female,Tier 2,Store,0,2026-03-05 14:19:15.683837
32,86792,6.3,2,16,17,121791,45377,Female,Tier 3,Store,0,2026-03-05 14:19:15.683837
35,174504,8.5,1,5,9,39804,69894,Other,Tier 1,Store,0,2026-03-05 14:19:15.683837
40,23367,5.7,2,21,17,148448,113192,Other,Tier 3,Store,0,2026-03-05 14:19:15.683837
71,126764,3.7,1,15,2,140043,113002,Female,Tier 3,Store,0,2026-03-05 14:19:15.683837
68,249673,4.8,5,21,19,12003,58488,Other,Tier 3,Store,0,2026-03-05 14:19:15.683837
47,171583,5.9,10,38,0,144161,36649,Other,Tier 2,Online,1,2026-03-05 14:19:15.683837
75,23573,4.5,6,3,9,46861,125985,Male,Tier 3,Store,0,2026-03-05 14:19:15.683837
51,30582,2.7,8,3,7,58075,84248,Other,Tier 1,Store,0,2026-03-05 14:19:15.683837
75,151450,2.0,10,8,7,144248,43436,Other,Tier 3,Store,0,2026-03-05 14:19:15.683837
21,80296,8.0,8,13,19,144639,8194,Female,Tier 1,Online,1,2026-03-05 14:19:15.683837
20,159572,6.8,4,41,16,107724,48599,Female,Tier 2,Store,0,2026-03-05 14:19:15.683837
24,80841,6.6,3,25,14,81281,148429,Other,Tier 3,Store,0,2026-03-05 14:19:15.683837
73,36881,6.3,5,2,10,107794,34151,Male,Tier 3,Store,0,2026-03-05 14:19:15.683837
35,85233,4.9,8,31,15,92898,61483,Female,Tier 3,Store,0,2026-03-05 14:19:15.683837
59,197614,7.6,5,10,15,132462,31588,Female,Tier 1,Store,0,2026-03-05 14:19:15.683837
24,80285,2.5,10,2,0,59830,121084,Female,Tier 2,Store,0,2026-03-05 14:19:15.683837
57,74547,1.8,7,12,19,37496,26985,Other,Tier 2,Store,0,2026-03-05 14:19:15.683837
23,208223,5.6,4,43,0,116820,15504,Female,Tier 1,Online,1,2026-03-05 14:19:15.683837
39,153294,6.3,2,12,13,17051,135891,Male,Tier 3,Store,0,2026-03-05 14:19:15.683837
75,22933,4.2,9,23,13,129535,8886,Male,Tier 2,Hybrid,0,2026-03-05 14:19:15.683837
18,98385,2.8,10,19,3,40164,89868,Other,Tier 3,Store,0,2026-03-05 14:19:15.683837
21,235844,7.2,2,9,7,31492,147026,Other,Tier 3,Store,0,2026-03-05 14:19:15.683837
63,113706,5.2,2,22,15,67230,136674,Other,Tier 3,Store,0,2026-03-05 14:19:15.683837
66,224509,7.4,8,41,7,7734,44232,Female,Tier 2,Store,0,2026-03-05 14:19:15.683837
69,153012,8.6,10,32,14,149726,140450,Male,Tier 1,Store,0,2026-03-05 14:19:15.683837
67,99590,2.8,6,34,17,142270,25572,Other,Tier 2,Store,0,2026-03-05 14:19:15.683837
60,121399,6.4,5,13,12,89729,125536,Female,Tier 3,Store,0,2026-03-05 14:19:15.683837
46,74145,6.5,3,15,9,122168,130607,Other,Tier 3,Store,0,2026-03-05 14:19:15.683837
38,189682,7.5,7,29,5,100608,134141,Male,Tier 3,Store,0,2026-03-05 14:19:15.683837
43,72520,4.9,8,18,18,126728,42133,Other,Tier 1,Store,0,2026-03-05 14:19:15.683837
31,19544,6.1,9,32,0,149197,91600,Other,Tier 3,Store,0,2026-03-05 14:19:15.683837
26,236926,7.5,2,40,1,77593,54044,Male,Tier 2,Store,0,2026-03-05 14:19:15.683837
76,69812,6.9,8,1,6,145256,135680,Male,Tier 3,Store,0,2026-03-05 14:19:15.683837
64,217682,9.1,5,49,11,103467,2799,Male,Tier 3,Online,1,2026-03-05 14:19:15.683837
29,197572,4.3,1,37,7,101945,99923,Female,Tier 1,Store,0,2026-03-05 14:19:15.683837
59,185690,6.4,10,48,12,89170,57229,Male,Tier 3,Store,0,2026-03-05 14:19:15.683837
68,134090,5.8,7,7,0,105483,34284,Female,Tier 1,Store,0,2026-03-05 14:19:15.683837
73,114054,5.6,7,19,17,8206,86405,Other,Tier 3,Store,0,2026-03-05 14:19:15.683837
68,171516,7.2,10,2,7,52475,134426,Female,Tier 3,Store,0,2026-03-05 14:19:15.683837
23,232054,6.2,3,20,11,57824,19116,Male,Tier 1,Store,0,2026-03-05 14:19:15.683837
37,240151,3.9,3,0,18,100068,28749,Male,Tier 2,Store,0,2026-03-05 14:19:15.683837
41,202658,7.9,4,20,11,14712,93835,Female,Tier 2,Store,0,2026-03-05 14:19:15.683837
44,170861,7.2,5,49,1,93830,30185,Male,Tier 2,Online,1,2026-03-05 14:19:15.683837
55,147689,8.9,5,7,14,56946,147858,Other,Tier 2,Store,0,2026-03-05 14:19:15.683837
25,115834,7.5,5,1,10,73127,118659,Male,Tier 3,Store,0,2026-03-05 14:19:15.683837
18,149405,5.6,6,22,18,112920,88152,Female,Tier 1,Store,0,2026-03-05 14:19:15.683837
71,55002,5.6,1,40,0,92115,11775,Male,Tier 3,Online,1,2026-03-05 14:19:15.683837
66,209692,8.1,7,10,2,62478,110762,Male,Tier 2,Store,0,2026-03-05 14:19:15.683837
66,233760,4.5,4,15,0,104004,50086,Female,Tier 1,Store,0,2026-03-05 14:19:15.683837
41,235699,4.2,5,8,8,132825,135329,Male,Tier 3,Store,0,2026-03-05 14:19:15.683837
64,146583,6.4,8,48,13,92737,115485,Male,Tier 1,Store,0,2026-03-05 14:19:15.683837
24,127850,3.0,8,31,15,11104,123605,Female,Tier 1,Store,0,2026-03-05 14:19:15.683837
36,145011,6.7,5,46,2,47743,24648,Male,Tier 1,Hybrid,0,2026-03-05 14:19:15.683837
39,183922,6.9,3,38,8,57197,26404,Other,Tier 1,Hybrid,0,2026-03-05 14:19:15.683837
74,136548,5.5,10,35,16,85859,26045,Female,Tier 1,Online,1,2026-03-05 14:19:15.683837
72,228244,8.8,8,22,16,59997,12201,Female,Tier 3,Online,1,2026-03-05 14:19:15.683837
77,232125,8.3,2,46,3,52739,1686,Female,Tier 1,Online,1,2026-03-05 14:19:15.683837
52,46786,4.4,9,48,11,22952,126910,Male,Tier 1,Store,0,2026-03-05 14:19:15.683837
79,220428,7.3,6,29,13,130848,2266,Male,Tier 2,Online,1,2026-03-05 14:19:15.683837
47,51244,8.0,10,9,13,140599,48488,Female,Tier 3,Store,0,2026-03-05 14:19:15.683837
46,220786,6.2,4,30,13,61440,37879,Male,Tier 1,Store,0,2026-03-05 14:19:15.683837
39,82261,5.1,4,43,15,115458,57337,Male,Tier 2,Store,0,2026-03-05 14:19:15.683837
28,33477,3.8,3,25,8,38172,88487,Other,Tier 1,Store,0,2026-03-05 14:19:15.683837
37,192605,4.9,5,47,1,80149,118932,Other,Tier 2,Store,0,2026-03-05 14:19:15.683837
79,180541,3.8,6,38,4,58652,40934,Female,Tier 2,Store,0,2026-03-05 14:19:15.683837
46,23496,7.8,10,41,4,6687,137707,Female,Tier 1,Store,0,2026-03-05 14:19:15.683837
68,135522,5.5,3,29,17,92184,149955,Female,Tier 1,Store,0,2026-03-05 14:19:15.683837
58,158342,7.0,9,1,10,77675,96896,Female,Tier 2,Store,0,2026-03-05 14:19:15.683837
59,222080,8.5,8,28,8,71960,138303,Other,Tier 2,Store,0,2026-03-05 14:19:15.683837
51,35724,6.4,6,31,8,9685,48356,Male,Tier 3,Store,0,2026-03-05 14:19:15.683837
18,45416,8.4,5,43,11,6325,103163,Male,Tier 2,Store,0,2026-03-05 14:19:15.683837
48,50575,5.3,3,37,3,131570,20021,Male,Tier 2,Store,0,2026-03-05 14:19:15.683837
47,227262,6.8,3,20,2,117342,70182,Other,Tier 2,Store,0,2026-03-05 14:19:15.683837
65,91614,6.4,8,26,4,103253,87305,Male,Tier 3,Store,0,2026-03-05 14:19:15.683837
35,108566,4.6,6,23,6,65379,125849,Male,Tier 1,Store,0,2026-03-05 14:19:15.683837
72,219180,5.4,10,33,13,138311,41193,Male,Tier 1,Store,0,2026-03-05 14:19:15.683837
75,163480,8.8,6,22,4,42469,88320,Other,Tier 1,Store,0,2026-03-05 14:19:15.683837
34,142192,5.3,4,13,0,123076,104358,Male,Tier 1,Store,0,2026-03-05 14:19:15.683837
55,34359,2.7,3,38,15,43537,147060,Female,Tier 3,Store,0,2026-03-05 14:19:15.683837
31,154770,5.3,6,4,18,141471,12871,Male,Tier 1,Hybrid,0,2026-03-05 14:19:15.683837
40,216464,4.5,1,8,1,42097,97464,Male,Tier 3,Store,0,2026-03-05 14:19:15.683837
42,239135,6.9,5,44,17,42293,144911,Male,Tier 1,Store,0,2026-03-05 14:19:15.683837
32,185564,7.2,7,46,4,102703,147350,Female,Tier 2,Store,0,2026-03-05 14:19:15.683837
63,220853,6.7,1,36,10,9714,144047,Male,Tier 3,Store,0,2026-03-05 14:19:15.683837
73,58634,5.2,10,7,15,109355,51306,Female,Tier 1,Store,0,2026-03-05 14:19:15.683837
39,132255,6.1,4,6,8,133899,16059,Other,Tier 3,Store,0,2026-03-05 14:19:15.683837
20,57864,5.4,2,29,15,128179,145437,Female,Tier 3,Store,0,2026-03-05 14:19:15.683837
73,109482,3.1,1,11,2,93626,2832,Female,Tier 2,Store,0,2026-03-05 14:19:15.683837
72,52355,5.8,1,19,2,33508,54944,Male,Tier 3,Store,0,2026-03-05 14:19:15.683837
36,52690,11.3,7,28,19,30855,97042,Female,Tier 1,Store,0,2026-03-05 14:19:15.683837
74,183886,3.9,6,11,1,5186,137759,Other,Tier 1,Store,0,2026-03-05 14:19:15.683837
61,177717,2.3,7,19,12,143660,20504,Male,Tier 3,Online,1,2026-03-05 14:19:15.683837
51,230886,8.8,1,21,5,96054,120240,Male,Tier 2,Store,0,2026-03-05 14:19:15.683837
52,218811,6.9,10,45,13,40235,47411,Female,Tier 3,Store,0,2026-03-05 14:19:15.683837
67,71630,6.6,3,22,8,111155,48875,Female,Tier 3,Store,0,2026-03-05 14:19:15.683837
78,194243,5.3,7,47,17,22198,15983,Male,Tier 2,Online,1,2026-03-05 14:19:15.683837
18,36658,6.5,10,44,2,20801,116426,Male,Tier 2,Store,0,2026-03-05 14:19:15.683837
69,30797,6.1,10,25,11,148032,123078,Male,Tier 1,Store,0,2026-03-05 14:19:15.683837
38,73799,8.6,9,44,18,21557,15063,Male,Tier 3,Online,1,2026-03-05 14:19:15.683837
46,133301,7.8,6,46,4,92384,16523,Male,Tier 1,Online,1,2026-03-05 14:19:15.683837
23,244414,7.2,8,42,13,139474,26213,Male,Tier 3,Store,0,2026-03-05 14:19:15.683837
54,242566,4.6,9,27,7,39171,52678,Female,Tier 1,Store,0,2026-03-05 14:19:15.683837
18,67236,6.5,7,39,12,147316,7074,Male,Tier 3,Online,1,2026-03-05 14:19:15.683837
68,21265,4.8,9,8,7,48467,39529,Female,Tier 2,Store,0,2026-03-05 14:19:15.683837
18,140611,8.5,10,4,3,60981,149746,Female,Tier 3,Store,0,2026-03-05 14:19:15.683837
44,218206,4.6,4,1,15,44981,33074,Female,Tier 1,Store,0,2026-03-05 14:19:15.683837
38,246791,5.7,9,41,2,25319,96438,Other,Tier 3,Store,0,2026-03-05 14:19:15.683837
70,228750,3.8,9,27,4,140972,73742,Other,Tier 2,Store,0,2026-03-05 14:19:15.683837
33,199566,5.0,2,12,13,129383,109581,Female,Tier 2,Store,0,2026-03-05 14:19:15.683837
61,136754,5.0,9,14,14,136701,142025,Female,Tier 3,Store,0,2026-03-05 14:19:15.683837
76,198340,5.7,3,13,6,83444,2149,Female,Tier 2,Online,1,2026-03-05 14:19:15.683837
78,173070,4.2,7,42,0,43934,121365,Other,Tier 1,Store,0,2026-03-05 14:19:15.683837
71,106426,8.4,3,45,9,97278,17763,Other,Tier 2,Online,1,2026-03-05 14:19:15.683837
57,240486,5.6,5,38,7,136092,31925,Female,Tier 2,Store,0,2026-03-05 14:19:15.683837
43,207411,4.9,2,13,7,104500,26737,Male,Tier 3,Store,0,2026-03-05 14:19:15.683837
33,160378,7.5,10,2,8,77991,88795,Male,Tier 1,Store,0,2026-03-05 14:19:15.683837
45,210078,10.3,10,9,5,48842,31251,Female,Tier 3,Store,0,2026-03-05 14:19:15.683837
18,193417,5.2,3,37,14,45925,149755,Other,Tier 3,Store,0,2026-03-05 14:19:15.683837
53,157957,5.5,10,5,12,85446,23053,Female,Tier 2,Store,0,2026-03-05 14:19:15.683837
27,124681,4.5,4,19,8,121273,59015,Other,Tier 1,Store,0,2026-03-05 14:19:15.683837
60,58826,7.3,10,34,17,91843,9137,Male,Tier 3,Online,1,2026-03-05 14:19:15.683837
34,70597,7.9,6,47,19,126942,137115,Female,Tier 1,Store,0,2026-03-05 14:19:15.683837
74,153515,5.9,6,42,3,10459,108764,Male,Tier 3,Store,0,2026-03-05 14:19:15.683837
76,112375,5.1,3,19,19,30111,134022,Other,Tier 1,Store,0,2026-03-05 14:19:15.683837
40,32084,7.1,3,48,16,104064,93763,Female,Tier 2,Store,0,2026-03-05 14:19:15.683837
24,104447,7.5,9,43,12,30899,118745,Female,Tier 2,Store,0,2026-03-05 14:19:15.683837
61,19383,9.1,10,2,17,83594,3207,Male,Tier 1,Online,1,2026-03-05 14:19:15.683837
70,107313,4.8,2,3,7,68464,60207,Other,Tier 2,Store,0,2026-03-05 14:19:15.683837
24,49361,7.7,4,10,9,102626,100252,Female,Tier 1,Store,0,2026-03-05 14:19:15.683837
61,95294,6.2,5,40,16,138233,44988,Male,Tier 1,Store,0,2026-03-05 14:19:15.683837
32,76331,2.5,8,30,7,138756,17409,Other,Tier 2,Online,1,2026-03-05 14:19:15.683837
51,110057,9.0,8,28,18,69684,120865,Female,Tier 2,Store,0,2026-03-05 14:19:15.683837
63,166601,6.6,6,37,19,54735,79058,Female,Tier 1,Store,0,2026-03-05 14:19:15.683837
62,204646,7.2,2,19,11,95826,55101,Male,Tier 2,Store,0,2026-03-05 14:19:15.683837
21,234699,7.9,10,23,7,88799,59918,Other,Tier 2,Store,0,2026-03-05 14:19:15.683837
31,136685,7.2,10,22,18,138678,8608,Male,Tier 1,Hybrid,0,2026-03-05 14:19:15.683837
31,111917,4.1,1,21,19,145975,122605,Other,Tier 3,Store,0,2026-03-05 14:19:15.683837
33,246988,7.3,7,21,2,63978,75945,Male,Tier 3,Store,0,2026-03-05 14:19:15.683837
24,45932,7.0,10,40,7,46016,51775,Female,Tier 1,Store,0,2026-03-05 14:19:15.683837
49,16908,2.7,1,19,7,59707,73970,Other,Tier 3,Store,0,2026-03-05 14:19:15.683837
36,176430,9.3,3,45,11,112279,84635,Female,Tier 1,Store,0,2026-03-05 14:19:15.683837
19,45412,5.2,9,37,14,38741,136443,Female,Tier 1,Store,0,2026-03-05 14:19:15.683837
27,143319,8.0,6,47,0,144493,60516,Other,Tier 1,Store,0,2026-03-05 14:19:15.683837
67,98710,5.3,8,49,13,63031,127941,Other,Tier 1,Store,0,2026-03-05 14:19:15.683837
78,227104,4.9,9,40,0,64269,143694,Female,Tier 2,Store,0,2026-03-05 14:19:15.683837
34,17928,5.8,7,6,8,34856,141544,Male,Tier 1,Store,0,2026-03-05 14:19:15.683837
54,80158,10.2,8,23,12,119687,41922,Female,Tier 3,Store,0,2026-03-05 14:19:15.683837
29,176704,10.0,4,49,0,88829,59839,Other,Tier 1,Store,0,2026-03-05 14:19:15.683837
23,47309,4.9,5,43,5,82489,12158,Other,Tier 2,Online,1,2026-03-05 14:19:15.683837
39,24280,8.5,7,36,13,119761,21705,Other,Tier 3,Online,1,2026-03-05 14:19:15.683837
49,55449,6.0,9,45,6,100582,74620,Other,Tier 2,Store,0,2026-03-05 14:19:15.683837
58,233243,10.0,8,24,10,52470,30993,Male,Tier 2,Hybrid,0,2026-03-05 14:19:15.683837
37,41957,8.3,7,13,6,36641,80006,Female,Tier 1,Store,0,2026-03-05 14:19:15.683837
18,182967,6.6,4,28,16,140726,122727,Female,Tier 3,Store,0,2026-03-05 14:19:15.683837
71,85499,6.2,1,2,19,18755,70530,Male,Tier 3,Store,0,2026-03-05 14:19:15.683837
64,108057,7.2,1,38,6,67575,138683,Other,Tier 2,Store,0,2026-03-05 14:19:15.683837
70,244223,7.0,5,28,17,54555,64044,Female,Tier 2,Store,0,2026-03-05 14:19:15.683837
75,125065,3.8,7,15,15,92186,137903,Female,Tier 1,Store,0,2026-03-05 14:19:15.683837
23,167767,6.4,8,20,5,135300,18993,Female,Tier 2,Online,1,2026-03-05 14:19:15.683837
36,89893,4.7,7,21,1,16995,145270,Female,Tier 2,Store,0,2026-03-05 14:19:15.683837
35,209195,4.9,4,20,19,97296,120400,Other,Tier 2,Store,0,2026-03-05 14:19:15.683837
23,40176,8.2,7,21,1,83817,2849,Other,Tier 1,Online,1,2026-03-05 14:19:15.683837
62,164481,6.4,6,8,14,97725,122081,Other,Tier 3,Store,0,2026-03-05 14:19:15.683837
50,71967,5.1,8,22,5,41182,125530,Other,Tier 2,Store,0,2026-03-05 14:19:15.683837
40,15987,3.6,9,48,10,67260,137081,Male,Tier 1,Store,0,2026-03-05 14:19:15.683837
40,200534,4.4,1,8,7,54974,48300,Other,Tier 1,Store,0,2026-03-05 14:19:15.683837
43,213573,5.9,2,49,8,96052,106725,Other,Tier 2,Store,0,2026-03-05 14:19:15.683837
30,111854,9.4,8,45,8,92114,69706,Other,Tier 2,Store,0,2026-03-05 14:19:15.683837
24,41015,3.9,7,31,13,68740,97023,Other,Tier 3,Store,0,2026-03-05 14:19:15.683837
32,240799,6.6,7,35,12,105445,114588,Other,Tier 1,Store,0,2026-03-05 14:19:15.683837
61,127350,6.8,3,46,14,7347,16184,Other,Tier 2,Online,1,2026-03-05 14:19:15.683837
44,81404,8.4,7,35,13,109143,106544,Male,Tier 1,Store,0,2026-03-05 14:19:15.683837
43,131751,6.2,4,4,15,20997,128503,Male,Tier 2,Store,0,2026-03-05 14:19:15.683837
50,143807,6.8,10,25,15,130543,51909,Female,Tier 2,Store,0,2026-03-05 14:19:15.683837
32,196353,8.4,10,3,18,63117,14352,Female,Tier 3,Online,1,2026-03-05 14:19:15.683837
53,183218,4.4,2,23,12,95499,71474,Female,Tier 1,Store,0,2026-03-05 14:19:15.683837
62,63231,7.6,1,40,11,144148,56440,Male,Tier 2,Store,0,2026-03-05 14:19:15.683837
72,175104,3.2,8,42,8,19533,140545,Female,Tier 1,Store,0,2026-03-05 14:19:15.683837
44,43305,6.1,5,13,3,141584,123267,Female,Tier 1,Store,0,2026-03-05 14:19:15.683837
74,69306,5.5,10,26,7,36683,133747,Male,Tier 2,Store,0,2026-03-05 14:19:15.683837
22,234248,4.6,4,11,11,113037,132011,Male,Tier 3,Store,0,2026-03-05 14:19:15.683837
78,136139,7.9,9,17,0,35228,54027,Female,Tier 3,Store,0,2026-03-05 14:19:15.683837
19,33318,8.1,5,43,11,62338,14915,Other,Tier 2,Hybrid,0,2026-03-05 14:19:15.683837
72,159318,8.1,10,8,7,34002,66197,Female,Tier 2,Store,0,2026-03-05 14:19:15.683837
75,179916,6.8,2,1,3,110229,130064,Female,Tier 1,Store,0,2026-03-05 14:19:15.683837
50,178674,3.5,9,37,9,67387,95068,Other,Tier 3,Store,0,2026-03-05 14:19:15.683837
33,36584,5.3,10,31,0,82495,125696,Female,Tier 3,Store,0,2026-03-05 14:19:15.683837
40,30169,8.0,7,12,19,84434,32215,Female,Tier 3,Store,0,2026-03-05 14:19:15.683837
55,40968,8.0,9,46,2,114888,9677,Male,Tier 1,Online,1,2026-03-05 14:19:15.683837
72,152457,8.4,5,23,14,128803,25420,Female,Tier 3,Store,0,2026-03-05 14:19:15.683837
33,219830,6.6,7,1,1,132776,90614,Male,Tier 2,Store,0,2026-03-05 14:19:15.683837
31,137684,5.6,8,47,9,74546,146848,Female,Tier 1,Store,0,2026-03-05 14:19:15.683837
46,130391,2.1,4,37,7,123780,11365,Other,Tier 1,Online,1,2026-03-05 14:19:15.683837
43,40444,7.7,8,45,13,16864,28618,Male,Tier 1,Hybrid,0,2026-03-05 14:19:15.683837
52,249856,5.8,7,18,12,145090,94243,Male,Tier 1,Store,0,2026-03-05 14:19:15.683837
32,121081,3.5,3,46,12,7059,43391,Male,Tier 3,Store,0,2026-03-05 14:19:15.683837
20,77497,7.5,8,17,7,73061,124991,Other,Tier 3,Store,0,2026-03-05 14:19:15.683837
40,20362,8.8,4,43,4,21925,54643,Other,Tier 1,Store,0,2026-03-05 14:19:15.683837
46,114254,7.7,2,1,1,74836,72584,Other,Tier 2,Store,0,2026-03-05 14:19:15.683837
51,154322,7.3,9,25,5,18317,129112,Other,Tier 3,Store,0,2026-03-05 14:19:15.683837
50,83354,7.9,8,23,7,82404,106438,Other,Tier 1,Store,0,2026-03-05 14:19:15.683837
58,51368,1.0,4,47,11,113213,76465,Other,Tier 2,Store,0,2026-03-05 14:19:15.683837
58,59109,9.4,3,26,9,53738,39213,Other,Tier 3,Store,0,2026-03-05 14:19:15.683837
40,226661,4.4,3,28,17,120364,126066,Other,Tier 2,Store,0,2026-03-05 14:19:15.683837
24,203717,4.6,6,46,6,42091,43633,Other,Tier 3,Store,0,2026-03-05 14:19:15.683837
20,203069,5.1,2,7,8,146281,50717,Other,Tier 3,Store,0,2026-03-05 14:19:15.683837
75,42426,5.3,3,30,9,99324,136486,Female,Tier 3,Store,0,2026-03-05 14:19:15.683837
49,132632,9.0,1,33,19,86992,64207,Female,Tier 2,Store,0,2026-03-05 14:19:15.683837
48,127637,7.1,10,13,5,16544,48105,Female,Tier 2,Store,0,2026-03-05 14:19:15.683837
35,54023,4.6,5,3,6,76495,146125,Male,Tier 2,Store,0,2026-03-05 14:19:15.683837
60,137268,4.9,3,42,11,18373,9774,Female,Tier 3,Online,1,2026-03-05 14:19:15.683837
24,205339,11.0,7,48,6,61916,63832,Male,Tier 3,Store,0,2026-03-05 14:19:15.683837
58,170964,6.7,9,28,12,106019,41384,Female,Tier 2,Store,0,2026-03-05 14:19:15.683837
18,205304,5.1,5,38,17,59619,118174,Other,Tier 2,Store,0,2026-03-05 14:19:15.683837
78,124211,2.8,2,32,4,115718,19279,Female,Tier 2,Store,0,2026-03-05 14:19:15.683837
31,109897,2.6,2,20,16,44741,20041,Female,Tier 2,Store,0,2026-03-05 14:19:15.683837
69,205297,3.8,4,40,14,103768,96514,Female,Tier 3,Store,0,2026-03-05 14:19:15.683837
49,162079,6.2,10,48,1,17724,30769,Male,Tier 3,Store,0,2026-03-05 14:19:15.683837
23,94777,8.2,9,0,4,65431,4458,Other,Tier 2,Online,1,2026-03-05 14:19:15.683837
56,59858,7.2,2,26,15,87917,120307,Other,Tier 3,Store,0,2026-03-05 14:19:15.683837
27,191145,8.3,5,1,0,25121,71315,Male,Tier 1,Store,0,2026-03-05 14:19:15.683837
24,235510,7.1,7,42,8,107747,136381,Male,Tier 3,Store,0,2026-03-05 14:19:15.683837
43,105042,3.5,10,9,3,40668,146667,Other,Tier 3,Store,0,2026-03-05 14:19:15.683837
51,98098,6.8,4,9,0,101226,142645,Male,Tier 1,Store,0,2026-03-05 14:19:15.683837
47,35239,6.9,7,29,10,38570,67273,Male,Tier 3,Store,0,2026-03-05 14:19:15.683837
53,209041,5.8,7,0,4,46449,35699,Female,Tier 3,Store,0,2026-03-05 14:19:15.683837
38,159137,5.4,2,30,9,115129,123617,Female,Tier 2,Store,0,2026-03-05 14:19:15.683837
79,125951,5.7,2,34,8,93869,96651,Other,Tier 2,Store,0,2026-03-05 14:19:15.683837
77,56291,2.9,2,47,6,56549,51952,Male,Tier 3,Store,0,2026-03-05 14:19:15.683837
34,53805,3.3,9,28,18,53275,94735,Other,Tier 3,Store,0,2026-03-05 14:19:15.683837
50,113831,11.1,1,12,11,66292,81667,Male,Tier 1,Store,0,2026-03-05 14:19:15.683837
27,164515,3.5,6,8,17,110859,24042,Other,Tier 3,Store,0,2026-03-05 14:19:15.683837
68,24290,2.5,7,39,3,17352,51868,Male,Tier 2,Store,0,2026-03-05 14:19:15.683837
64,146283,4.6,9,42,11,116275,148532,Other,Tier 1,Store,0,2026-03-05 14:19:15.683837
59,98634,6.9,3,40,3,81187,149045,Female,Tier 2,Store,0,2026-03-05 14:19:15.683837
68,34072,7.1,9,10,2,84773,5778,Female,Tier 1,Online,1,2026-03-05 14:19:15.683837
29,58290,4.0,7,23,16,106726,115550,Male,Tier 2,Store,0,2026-03-05 14:19:15.683837
73,100186,6.2,5,24,17,5049,5371,Female,Tier 3,Hybrid,0,2026-03-05 14:19:15.683837
33,30115,4.9,5,12,8,31577,97533,Other,Tier 2,Store,0,2026-03-05 14:19:15.683837
58,20149,6.4,7,13,13,62387,119850,Male,Tier 2,Store,0,2026-03-05 14:19:15.683837
49,56992,5.4,10,40,12,76331,35156,Other,Tier 2,Store,0,2026-03-05 14:19:15.683837
32,32716,4.6,6,2,4,128540,45615,Female,Tier 2,Store,0,2026-03-05 14:19:15.683837
79,112724,4.7,8,5,14,141486,7235,Other,Tier 3,Online,1,2026-03-05 14:19:15.683837
44,28621,1.6,10,45,4,12180,72930,Female,Tier 1,Store,0,2026-03-05 14:19:15.683837
45,152892,5.6,10,12,11,104638,18124,Male,Tier 3,Hybrid,0,2026-03-05 14:19:15.683837
34,128065,5.8,9,0,9,55679,70374,Other,Tier 1,Store,0,2026-03-05 14:19:15.683837
63,188872,3.2,6,28,0,61021,66996,Other,Tier 1,Store,0,2026-03-05 14:19:15.683837
76,201115,5.3,3,13,2,94431,59111,Female,Tier 2,Store,0,2026-03-05 14:19:15.683837
67,45399,5.5,9,11,18,72504,30073,Female,Tier 1,Store,0,2026-03-05 14:19:15.683837
75,134374,2.3,2,25,1,39146,31294,Female,Tier 1,Store,0,2026-03-05 14:19:15.683837
19,160074,4.5,5,22,4,31038,107431,Female,Tier 1,Store,0,2026-03-05 14:19:15.683837
53,58098,4.4,10,2,0,122001,124085,Female,Tier 2,Store,0,2026-03-05 14:19:15.683837
67,60511,6.4,4,13,14,7451,58497,Other,Tier 1,Store,0,2026-03-05 14:19:15.683837
24,68243,8.5,2,33,0,67304,74267,Female,Tier 2,Store,0,2026-03-05 14:19:15.683837
30,130131,6.1,6,22,19,38143,2141,Male,Tier 3,Online,1,2026-03-05 14:19:15.683837
32,43750,8.3,10,9,8,135287,73567,Other,Tier 1,Store,0,2026-03-05 14:19:15.683837
42,237682,5.6,7,3,2,40074,123366,Male,Tier 3,Store,0,2026-03-05 14:19:15.683837
40,163382,6.7,2,38,15,14809,137738,Male,Tier 3,Store,0,2026-03-05 14:19:15.683837
77,70398,6.1,3,48,7,35001,6496,Female,Tier 1,Online,1,2026-03-05 14:19:15.683837
39,228614,10.8,5,9,7,147245,133135,Female,Tier 1,Store,0,2026-03-05 14:19:15.683837
43,221279,5.7,9,23,14,142804,117869,Other,Tier 1,Store,0,2026-03-05 14:19:15.683837
50,59345,7.6,7,33,11,72540,26698,Male,Tier 3,Hybrid,0,2026-03-05 14:19:15.683837
28,108430,6.4,3,23,16,129130,133462,Other,Tier 3,Store,0,2026-03-05 14:19:15.683837
27,129921,8.3,10,24,10,56854,22031,Female,Tier 1,Store,0,2026-03-05 14:19:15.683837
42,106729,7.3,4,14,3,102375,84920,Other,Tier 1,Store,0,2026-03-05 14:19:15.683837
54,66843,6.7,7,11,16,37605,43459,Other,Tier 1,Store,0,2026-03-05 14:19:15.683837
65,156294,3.7,1,0,10,88313,53218,Male,Tier 1,Store,0,2026-03-05 14:19:15.683837
60,235394,3.9,4,41,7,138106,15495,Female,Tier 3,Store,0,2026-03-05 14:19:15.683837
70,177581,4.8,1,8,18,27573,131015,Female,Tier 1,Store,0,2026-03-05 14:19:15.683837
55,146458,5.4,5,13,19,94794,143539,Male,Tier 3,Store,0,2026-03-05 14:19:15.683837
58,79334,6.2,2,40,16,1919,20088,Female,Tier 3,Store,0,2026-03-05 14:19:15.683837
62,82170,4.8,9,30,7,113188,14511,Female,Tier 3,Online,1,2026-03-05 14:19:15.683837
41,55878,2.0,3,23,7,17602,9683,Female,Tier 2,Online,1,2026-03-05 14:19:15.683837
57,215741,8.1,5,9,6,149425,141205,Female,Tier 3,Store,0,2026-03-05 14:19:15.683837
63,184421,6.9,8,41,18,85217,107557,Male,Tier 2,Store,0,2026-03-05 14:19:15.683837
73,246343,6.1,8,42,1,137264,132218,Female,Tier 1,Store,0,2026-03-05 14:19:15.683837
50,168024,8.5,9,17,12,44288,110290,Male,Tier 1,Store,0,2026-03-05 14:19:15.683837
34,105352,4.4,3,2,3,56448,51347,Other,Tier 1,Store,0,2026-03-05 14:19:15.683837
41,167601,5.7,3,11,17,87616,148661,Male,Tier 1,Store,0,2026-03-05 14:19:15.683837
54,217375,6.3,4,34,12,41687,57770,Male,Tier 2,Store,0,2026-03-05 14:19:15.683837
74,187593,5.2,6,43,0,91648,125592,Female,Tier 1,Store,0,2026-03-05 14:19:15.683837
19,33383,4.4,7,22,2,24767,22820,Male,Tier 1,Hybrid,0,2026-03-05 14:19:15.683837
49,150973,7.7,1,21,2,25460,12343,Other,Tier 3,Store,0,2026-03-05 14:19:15.683837
74,57889,6.6,2,10,15,45471,80674,Male,Tier 3,Store,0,2026-03-05 14:19:15.683837
77,29633,7.2,3,45,0,90148,31596,Male,Tier 2,Store,0,2026-03-05 14:19:15.683837
79,77244,4.4,1,48,15,93636,81211,Other,Tier 1,Store,0,2026-03-05 14:19:15.683837
41,144177,7.7,3,22,16,98325,146112,Male,Tier 3,Store,0,2026-03-05 14:19:15.683837
26,165235,4.8,4,11,2,18074,112819,Other,Tier 2,Store,0,2026-03-05 14:19:15.683837
21,205091,6.5,6,28,14,91258,64949,Other,Tier 3,Store,0,2026-03-05 14:19:15.683837
34,156779,10.0,5,24,13,24714,57079,Female,Tier 2,Store,0,2026-03-05 14:19:15.683837
34,234184,7.7,6,23,10,124168,130783,Other,Tier 3,Store,0,2026-03-05 14:19:15.683837
70,98597,6.7,9,3,12,108062,18321,Other,Tier 3,Store,0,2026-03-05 14:19:15.683837
67,191173,8.7,1,36,4,64143,70185,Female,Tier 1,Store,0,2026-03-05 14:19:15.683837
65,190778,4.9,3,28,11,37173,23313,Male,Tier 1,Store,0,2026-03-05 14:19:15.683837
47,223156,7.0,8,2,16,149623,24580,Other,Tier 2,Store,0,2026-03-05 14:19:15.683837
57,30115,4.3,9,30,5,84295,44918,Other,Tier 3,Store,0,2026-03-05 14:19:15.683837
75,90379,5.3,2,24,16,113778,56207,Male,Tier 1,Store,0,2026-03-05 14:19:15.683837
28,248553,9.2,10,46,16,812,134988,Male,Tier 2,Store,0,2026-03-05 14:19:15.683837
38,54979,6.5,5,36,9,20813,125952,Other,Tier 2,Store,0,2026-03-05 14:19:15.683837
38,186713,8.8,3,22,7,112428,94190,Other,Tier 2,Store,0,2026-03-05 14:19:15.683837
35,84377,5.8,10,48,17,28690,149198,Female,Tier 1,Store,0,2026-03-05 14:19:15.683837
72,21416,8.4,2,21,9,105647,59914,Other,Tier 2,Store,0,2026-03-05 14:19:15.683837
46,156705,6.1,9,28,0,95948,70572,Male,Tier 1,Store,0,2026-03-05 14:19:15.683837
41,143785,6.3,5,35,4,50833,18693,Male,Tier 2,Online,1,2026-03-05 14:19:15.683837
27,249261,6.0,9,12,17,11427,140650,Other,Tier 1,Store,0,2026-03-05 14:19:15.683837
62,146666,6.7,1,2,0,94185,88982,Male,Tier 3,Store,0,2026-03-05 14:19:15.683837
34,160465,5.5,4,45,8,141372,130646,Female,Tier 3,Store,0,2026-03-05 14:19:15.683837
35,181452,3.2,1,21,17,64401,18494,Female,Tier 3,Store,0,2026-03-05 14:19:15.683837
59,191128,5.9,5,48,4,5148,9624,Male,Tier 3,Online,1,2026-03-05 14:19:15.683837
65,234351,6.3,5,35,9,33427,111295,Male,Tier 1,Store,0,2026-03-05 14:19:15.683837
37,145364,9.3,7,9,13,48354,14083,Female,Tier 2,Online,1,2026-03-05 14:19:15.683837
54,112507,1.5,7,8,11,41312,124718,Male,Tier 1,Store,0,2026-03-05 14:19:15.683837
62,133243,9.2,8,18,6,98851,139835,Female,Tier 2,Store,0,2026-03-05 14:19:15.683837
35,150933,8.1,6,7,12,33090,77794,Other,Tier 1,Store,0,2026-03-05 14:19:15.683837
34,118070,7.4,10,32,3,131543,98846,Female,Tier 3,Store,0,2026-03-05 14:19:15.683837
26,51126,6.3,3,19,18,139144,105780,Other,Tier 1,Store,0,2026-03-05 14:19:15.683837
31,95382,4.0,9,29,17,74038,27671,Other,Tier 3,Online,1,2026-03-05 14:19:15.683837
66,237785,9.9,5,34,14,137547,33429,Male,Tier 1,Hybrid,0,2026-03-05 14:19:15.683837
46,179754,8.5,9,30,14,137475,61068,Male,Tier 2,Store,0,2026-03-05 14:19:15.683837
48,33228,6.5,5,18,0,143731,38923,Female,Tier 3,Store,0,2026-03-05 14:19:15.683837
21,246371,6.6,3,49,15,59258,149599,Female,Tier 3,Store,0,2026-03-05 14:19:15.683837
35,39009,5.8,7,45,3,4751,146779,Female,Tier 2,Store,0,2026-03-05 14:19:15.683837
76,15094,7.2,9,13,18,99468,139160,Other,Tier 1,Store,0,2026-03-05 14:19:15.683837
37,95636,5.9,1,9,2,137245,51655,Male,Tier 1,Store,0,2026-03-05 14:19:15.683837
73,198293,6.6,3,2,4,127914,62032,Other,Tier 2,Store,0,2026-03-05 14:19:15.683837
73,113453,6.9,7,33,1,108778,139702,Male,Tier 2,Store,0,2026-03-05 14:19:15.683837
64,163502,10.9,9,27,9,146337,103328,Male,Tier 3,Store,0,2026-03-05 14:19:15.683837
60,181643,4.2,4,18,8,58553,107669,Other,Tier 3,Store,0,2026-03-05 14:19:15.683837
61,69486,6.3,5,38,11,68585,12203,Male,Tier 2,Online,1,2026-03-05 14:19:15.683837
26,105510,8.5,8,25,13,135958,122213,Male,Tier 2,Store,0,2026-03-05 14:19:15.683837
30,242737,7.7,4,3,14,13208,43454,Female,Tier 1,Store,0,2026-03-05 14:19:15.683837
32,208366,7.4,2,11,0,147483,124544,Male,Tier 3,Store,0,2026-03-05 14:19:15.683837
44,35860,12.0,7,25,15,133031,71601,Other,Tier 3,Store,0,2026-03-05 14:19:15.683837
32,87812,8.2,2,6,5,112156,60200,Other,Tier 1,Store,0,2026-03-05 14:19:15.683837
45,81087,4.8,6,2,4,138872,56095,Female,Tier 3,Store,0,2026-03-05 14:19:15.683837
54,154558,4.5,7,25,18,3312,3279,Male,Tier 1,Hybrid,0,2026-03-05 14:19:15.683837
72,229135,5.9,8,1,14,69540,29623,Other,Tier 3,Store,0,2026-03-05 14:19:15.683837
36,64607,5.1,5,11,0,126768,129968,Other,Tier 2,Store,0,2026-03-05 14:19:15.683837
43,155817,6.2,1,31,16,135801,27300,Male,Tier 1,Store,0,2026-03-05 14:19:15.683837
69,121664,6.7,3,37,6,143014,38405,Male,Tier 1,Store,0,2026-03-05 14:19:15.683837
43,224605,6.5,10,10,7,64944,60661,Female,Tier 2,Store,0,2026-03-05 14:19:15.683837
42,33330,1.1,9,31,2,32807,23467,Other,Tier 2,Hybrid,0,2026-03-05 14:19:15.683837
43,135803,4.5,6,44,6,33027,125861,Male,Tier 1,Store,0,2026-03-05 14:19:15.683837
43,186150,7.4,5,14,7,130938,55636,Other,Tier 2,Store,0,2026-03-05 14:19:15.683837
63,201404,9.3,1,5,18,94493,14827,Male,Tier 1,Store,0,2026-03-05 14:19:15.683837
45,200604,5.2,4,25,11,121549,148702,Male,Tier 2,Store,0,2026-03-05 14:19:15.683837
66,236437,5.2,5,7,9,139272,68280,Male,Tier 2,Store,0,2026-03-05 14:19:15.683837
35,58336,5.8,2,7,4,56005,36863,Other,Tier 1,Store,0,2026-03-05 14:19:15.683837
49,23070,9.4,5,37,4,136580,39341,Female,Tier 1,Store,0,2026-03-05 14:19:15.683837
70,16320,6.1,3,7,11,80551,121041,Other,Tier 3,Store,0,2026-03-05 14:19:15.683837
20,104043,1.5,8,16,12,104057,24418,Male,Tier 3,Store,0,2026-03-05 14:19:15.683837
19,53921,9.6,10,38,0,111494,108779,Other,Tier 2,Store,0,2026-03-05 14:19:15.683837
50,21589,7.4,1,18,16,22709,10958,Other,Tier 1,Store,0,2026-03-05 14:19:15.683837
59,210481,3.4,4,2,18,72326,47552,Other,Tier 2,Store,0,2026-03-05 14:19:15.683837
36,107995,5.0,9,40,1,34174,31797,Male,Tier 1,Online,1,2026-03-05 14:19:15.683837
34,30589,4.4,1,48,17,25141,80396,Female,Tier 1,Store,0,2026-03-05 14:19:15.683837
61,51375,5.6,6,8,19,106393,25876,Female,Tier 2,Store,0,2026-03-05 14:19:15.683837
50,58085,9.0,6,45,10,146751,129302,Male,Tier 3,Store,0,2026-03-05 14:19:15.683837
29,75840,2.3,2,32,13,59660,1772,Male,Tier 2,Hybrid,0,2026-03-05 14:19:15.683837
66,189272,5.3,1,31,14,97812,34720,Other,Tier 1,Store,0,2026-03-05 14:19:15.683837
73,113704,6.2,1,31,11,140145,16692,Male,Tier 3,Online,1,2026-03-05 14:19:15.683837
20,172804,5.9,10,5,5,44160,94310,Male,Tier 3,Store,0,2026-03-05 14:19:15.683837
60,112047,4.4,5,48,4,2475,90252,Other,Tier 1,Store,0,2026-03-05 14:19:15.683837
66,168498,8.4,5,48,13,99623,12261,Male,Tier 1,Online,1,2026-03-05 14:19:15.683837
72,45982,5.7,10,28,5,48814,46248,Male,Tier 1,Store,0,2026-03-05 14:19:15.683837
43,74720,5.4,7,36,2,136939,145072,Male,Tier 2,Store,0,2026-03-05 14:19:15.683837
52,162818,6.7,9,16,5,28776,103353,Female,Tier 3,Store,0,2026-03-05 14:19:15.683837
25,43514,5.4,4,49,13,44619,90973,Other,Tier 1,Store,0,2026-03-05 14:19:15.683837
69,210961,4.9,4,18,19,34034,69775,Male,Tier 2,Store,0,2026-03-05 14:19:15.683837
53,149923,4.1,7,30,17,120391,128808,Other,Tier 1,Store,0,2026-03-05 14:19:15.683837
70,165868,10.4,9,18,16,61567,63497,Female,Tier 2,Store,0,2026-03-05 14:19:15.683837
71,91034,7.6,7,22,8,71576,45022,Other,Tier 2,Store,0,2026-03-05 14:19:15.683837
24,208870,5.2,8,49,7,126046,32251,Female,Tier 1,Store,0,2026-03-05 14:19:15.683837
63,113388,8.5,10,46,3,26212,143499,Male,Tier 3,Store,0,2026-03-05 14:19:15.683837
63,209057,7.0,7,34,9,31078,10891,Male,Tier 2,Online,1,2026-03-05 14:19:15.683837
53,180664,6.1,9,13,16,94843,47451,Male,Tier 1,Store,0,2026-03-05 14:19:15.683837
33,59845,3.9,6,0,19,121943,2541,Female,Tier 2,Online,1,2026-03-05 14:19:15.683837
41,162002,4.3,9,48,4,106209,73796,Other,Tier 2,Store,0,2026-03-05 14:19:15.683837
78,125853,7.9,3,32,16,120148,147047,Female,Tier 3,Store,0,2026-03-05 14:19:15.683837
71,123417,7.5,4,48,13,68073,107950,Male,Tier 2,Store,0,2026-03-05 14:19:15.683837
79,128436,3.3,9,35,11,42073,18273,Male,Tier 1,Online,1,2026-03-05 14:19:15.683837
18,36159,5.2,2,0,6,85648,15964,Male,Tier 1,Store,0,2026-03-05 14:19:15.683837
66,241144,7.4,2,19,14,40455,78869,Other,Tier 3,Store,0,2026-03-05 14:19:15.683837
42,104788,8.2,10,21,14,37103,91270,Female,Tier 3,Store,0,2026-03-05 14:19:15.683837
27,39003,7.0,8,34,11,112673,79001,Male,Tier 1,Store,0,2026-03-05 14:19:15.683837
71,120722,5.1,10,2,0,11352,133516,Male,Tier 3,Store,0,2026-03-05 14:19:15.683837
33,50139,6.5,6,11,7,35915,56463,Female,Tier 2,Store,0,2026-03-05 14:19:15.683837
33,67452,5.6,5,42,19,114036,74753,Female,Tier 1,Store,0,2026-03-05 14:19:15.683837
75,37205,6.8,2,36,5,8493,62604,Other,Tier 3,Store,0,2026-03-05 14:19:15.683837
25,242131,9.0,1,12,19,13159,14508,Other,Tier 1,Store,0,2026-03-05 14:19:15.683837
46,71955,4.4,3,11,1,124249,140912,Male,Tier 2,Store,0,2026-03-05 14:19:15.683837
56,22464,6.6,6,1,17,7486,64466,Other,Tier 1,Store,0,2026-03-05 14:19:15.683837
45,228718,5.8,5,19,2,120349,9678,Other,Tier 3,Online,1,2026-03-05 14:19:15.683837
23,218729,5.5,6,0,19,138202,101005,Male,Tier 2,Store,0,2026-03-05 14:19:15.683837
33,24840,5.7,7,40,2,83870,113025,Male,Tier 3,Store,0,2026-03-05 14:19:15.683837
37,248688,8.6,7,34,18,35702,139413,Male,Tier 2,Store,0,2026-03-05 14:19:15.683837
33,55768,7.2,3,23,5,61320,20778,Male,Tier 1,Online,1,2026-03-05 14:19:15.683837
24,155533,5.0,10,37,10,59320,48007,Other,Tier 3,Store,0,2026-03-05 14:19:15.683837
58,35927,7.3,8,25,12,118324,81627,Other,Tier 2,Store,0,2026-03-05 14:19:15.683837
31,236006,4.9,8,10,5,93121,117929,Female,Tier 3,Store,0,2026-03-05 14:19:15.683837
60,113622,2.4,3,42,17,21477,78966,Male,Tier 1,Store,0,2026-03-05 14:19:15.683837
43,30329,1.4,6,14,14,85815,105900,Other,Tier 3,Store,0,2026-03-05 14:19:15.683837
43,30791,7.0,9,5,13,6755,30441,Other,Tier 3,Store,0,2026-03-05 14:19:15.683837
31,67627,5.4,1,39,13,141434,123158,Female,Tier 2,Store,0,2026-03-05 14:19:15.683837
24,143885,8.0,2,8,0,89135,3671,Female,Tier 3,Online,1,2026-03-05 14:19:15.683837
50,160444,6.8,2,49,16,131363,139111,Female,Tier 1,Store,0,2026-03-05 14:19:15.683837
43,238962,6.5,5,5,13,74983,86608,Female,Tier 2,Store,0,2026-03-05 14:19:15.683837
74,194541,5.1,6,16,12,5082,78124,Male,Tier 1,Store,0,2026-03-05 14:19:15.683837
62,124554,7.0,3,22,9,2965,106949,Other,Tier 2,Store,0,2026-03-05 14:19:15.683837
37,145436,9.1,4,30,5,669,78698,Female,Tier 1,Store,0,2026-03-05 14:19:15.683837
20,102073,2.0,10,15,0,100096,130614,Other,Tier 1,Store,0,2026-03-05 14:19:15.683837
69,49370,5.7,2,21,4,110743,41165,Male,Tier 1,Store,0,2026-03-05 14:19:15.683837
21,66408,8.7,3,15,15,104268,32326,Male,Tier 3,Store,0,2026-03-05 14:19:15.683837
78,105941,3.7,8,44,19,137720,19674,Female,Tier 1,Store,0,2026-03-05 14:19:15.683837
43,169775,6.3,5,11,15,125916,29917,Male,Tier 3,Store,0,2026-03-05 14:19:15.683837
28,161306,4.6,2,8,7,46829,26202,Female,Tier 1,Store,0,2026-03-05 14:19:15.683837
19,153604,5.5,10,5,16,45153,143340,Other,Tier 3,Store,0,2026-03-05 14:19:15.683837
31,50416,2.5,10,3,17,88314,71821,Female,Tier 3,Store,0,2026-03-05 14:19:15.683837
61,87439,8.0,2,37,17,11457,88458,Male,Tier 2,Store,0,2026-03-05 14:19:15.683837
47,33242,6.3,4,16,8,136916,997,Female,Tier 1,Online,1,2026-03-05 14:19:15.683837
66,196326,3.1,9,9,5,84391,62930,Other,Tier 1,Store,0,2026-03-05 14:19:15.683837
29,94324,6.8,6,39,9,56487,45942,Male,Tier 1,Store,0,2026-03-05 14:19:15.683837
43,50249,6.4,1,34,8,94713,2728,Other,Tier 3,Online,1,2026-03-05 14:19:15.683837
61,115124,4.6,4,46,14,72500,84016,Male,Tier 3,Store,0,2026-03-05 14:19:15.683837
50,110049,9.9,3,20,19,20807,118429,Male,Tier 1,Store,0,2026-03-05 14:19:15.683837
30,100078,7.0,1,18,13,81229,127158,Male,Tier 1,Store,0,2026-03-05 14:19:15.683837
31,47294,8.6,6,26,13,133086,87795,Female,Tier 1,Store,0,2026-03-05 14:19:15.683837
41,205856,5.7,10,10,8,104650,11344,Other,Tier 1,Online,1,2026-03-05 14:19:15.683837
79,149756,2.7,1,5,8,75822,45345,Other,Tier 2,Store,0,2026-03-05 14:19:15.683837
51,169867,1.4,1,40,0,64837,121645,Female,Tier 2,Store,0,2026-03-05 14:19:15.683837
61,206373,4.0,7,42,9,92773,93163,Male,Tier 3,Store,0,2026-03-05 14:19:15.683837
43,215259,8.7,1,27,9,124712,66791,Male,Tier 2,Store,0,2026-03-05 14:19:15.683837
38,156503,5.0,3,2,6,21903,72277,Female,Tier 2,Store,0,2026-03-05 14:19:15.683837
45,221739,8.1,5,40,4,121016,130520,Female,Tier 3,Store,0,2026-03-05 14:19:15.683837
65,104627,3.7,3,44,17,67079,135612,Male,Tier 1,Store,0,2026-03-05 14:19:15.683837
53,105381,4.7,6,23,0,2951,74753,Female,Tier 1,Store,0,2026-03-05 14:19:15.683837
57,105027,5.0,9,36,16,140453,90695,Other,Tier 2,Store,0,2026-03-05 14:19:15.683837
19,201444,6.5,2,12,17,37137,47702,Other,Tier 3,Store,0,2026-03-05 14:19:15.683837
59,85366,3.3,7,14,19,14213,120269,Male,Tier 1,Store,0,2026-03-05 14:19:15.683837
26,109176,4.4,4,8,11,18645,17411,Female,Tier 3,Store,0,2026-03-05 14:19:15.683837
40,134667,5.5,6,38,8,57101,144067,Other,Tier 1,Store,0,2026-03-05 14:19:15.683837
32,87870,3.3,10,34,8,96343,25757,Other,Tier 2,Store,0,2026-03-05 14:19:15.683837
30,62387,2.5,10,44,16,113122,55233,Female,Tier 3,Store,0,2026-03-05 14:19:15.683837
40,198999,6.1,6,17,12,60511,67430,Female,Tier 2,Store,0,2026-03-05 14:19:15.683837
34,24304,3.3,8,42,16,147270,37004,Female,Tier 2,Store,0,2026-03-05 14:19:15.683837
79,32032,8.4,7,2,1,89843,120872,Female,Tier 3,Store,0,2026-03-05 14:19:15.683837
65,106291,8.5,5,27,6,49075,147778,Female,Tier 1,Store,0,2026-03-05 14:19:15.683837
77,127889,4.8,7,15,15,38237,11000,Male,Tier 1,Online,1,2026-03-05 14:19:15.683837
19,74486,7.2,6,41,14,7863,106950,Male,Tier 2,Store,0,2026-03-05 14:19:15.683837
37,80552,6.1,5,40,12,70237,139996,Female,Tier 1,Store,0,2026-03-05 14:19:15.683837
37,219916,8.1,9,46,12,34766,24958,Female,Tier 3,Hybrid,0,2026-03-05 14:19:15.683837
76,175726,5.1,4,42,14,62774,140495,Male,Tier 3,Store,0,2026-03-05 14:19:15.683837
63,54244,7.0,7,22,19,72479,38623,Other,Tier 2,Store,0,2026-03-05 14:19:15.683837
20,152014,6.6,7,31,12,75634,44128,Female,Tier 1,Store,0,2026-03-05 14:19:15.683837
72,65697,6.5,3,9,9,52863,109173,Male,Tier 1,Store,0,2026-03-05 14:19:15.683837
29,141031,4.8,8,37,16,27799,125327,Male,Tier 2,Store,0,2026-03-05 14:19:15.683837
57,17693,8.4,9,37,8,66421,7707,Other,Tier 3,Online,1,2026-03-05 14:19:15.683837
19,202823,5.2,5,12,9,125551,108700,Other,Tier 3,Store,0,2026-03-05 14:19:15.683837
53,96098,5.2,1,14,14,141293,9938,Male,Tier 3,Store,0,2026-03-05 14:19:15.683837
31,21259,4.6,1,27,0,49813,41484,Male,Tier 1,Store,0,2026-03-05 14:19:15.683837
33,134746,4.7,5,12,3,136985,22186,Other,Tier 3,Store,0,2026-03-05 14:19:15.683837
36,122772,5.5,2,34,15,96243,48711,Female,Tier 3,Store,0,2026-03-05 14:19:15.683837
51,132928,6.9,2,1,10,123966,69931,Female,Tier 1,Store,0,2026-03-05 14:19:15.683837
61,151014,7.6,6,0,5,91218,115359,Female,Tier 3,Store,0,2026-03-05 14:19:15.683837
78,62419,6.3,5,40,8,85359,112100,Male,Tier 3,Store,0,2026-03-05 14:19:15.683837
63,117092,8.8,2,31,15,25164,82558,Male,Tier 1,Store,0,2026-03-05 14:19:15.683837
23,71105,6.2,5,29,3,25463,82294,Other,Tier 2,Store,0,2026-03-05 14:19:15.683837
30,211979,2.4,4,21,13,46897,114244,Female,Tier 2,Store,0,2026-03-05 14:19:15.683837
53,173455,3.7,6,3,10,38054,97725,Other,Tier 2,Store,0,2026-03-05 14:19:15.683837
39,38404,7.4,1,45,10,136292,77773,Female,Tier 1,Store,0,2026-03-05 14:19:15.683837
35,87656,5.3,3,23,2,131023,131218,Female,Tier 1,Store,0,2026-03-05 14:19:15.683837
29,151774,5.2,5,13,0,87985,99035,Female,Tier 1,Store,0,2026-03-05 14:19:15.683837
69,219955,4.1,8,16,11,135208,59784,Male,Tier 3,Store,0,2026-03-05 14:19:15.683837
76,115965,5.2,2,13,15,109556,7053,Male,Tier 3,Store,0,2026-03-05 14:19:15.683837
71,71332,5.2,8,39,7,14723,133167,Other,Tier 3,Store,0,2026-03-05 14:19:15.683837
47,185491,7.0,8,38,0,69677,136019,Other,Tier 1,Store,0,2026-03-05 14:19:15.683837
70,236648,5.5,6,40,1,107012,124466,Male,Tier 2,Store,0,2026-03-05 14:19:15.683837
68,118182,8.6,5,26,11,4809,16048,Other,Tier 3,Online,1,2026-03-05 14:19:15.683837
57,126395,4.7,7,20,13,80579,20761,Female,Tier 2,Hybrid,0,2026-03-05 14:19:15.683837
24,117619,6.4,6,39,19,5114,57181,Other,Tier 1,Store,0,2026-03-05 14:19:15.683837
49,234150,2.7,9,34,16,26469,107634,Male,Tier 1,Store,0,2026-03-05 14:19:15.683837
65,123269,7.3,2,25,6,56708,59150,Male,Tier 3,Store,0,2026-03-05 14:19:15.683837
36,88844,3.2,6,30,1,22536,77208,Male,Tier 1,Store,0,2026-03-05 14:19:15.683837
23,185314,7.1,7,32,12,10194,98478,Other,Tier 1,Store,0,2026-03-05 14:19:15.683837
37,139983,2.3,1,48,12,5570,72982,Other,Tier 1,Store,0,2026-03-05 14:19:15.683837
44,49142,3.9,9,10,5,121907,92653,Female,Tier 1,Store,0,2026-03-05 14:19:15.683837
70,124699,7.7,8,15,11,64030,139339,Other,Tier 3,Store,0,2026-03-05 14:19:15.683837
60,111226,9.1,5,5,15,96744,76707,Female,Tier 3,Store,0,2026-03-05 14:19:15.683837
54,22393,1.0,5,33,2,22696,149810,Other,Tier 3,Store,0,2026-03-05 14:19:15.683837
65,216011,3.8,9,40,11,114332,129179,Other,Tier 2,Store,0,2026-03-05 14:19:15.683837
24,215154,9.7,2,31,15,84961,39268,Male,Tier 2,Store,0,2026-03-05 14:19:15.683837
76,117281,6.3,6,20,8,127245,98612,Other,Tier 1,Store,0,2026-03-05 14:19:15.683837
22,174965,3.9,4,28,12,107729,67185,Male,Tier 1,Store,0,2026-03-05 14:19:15.683837
28,24388,9.0,4,10,11,128446,31766,Other,Tier 1,Store,0,2026-03-05 14:19:15.683837
32,77969,7.2,8,4,14,88665,80568,Other,Tier 1,Store,0,2026-03-05 14:19:15.683837
20,51660,6.2,3,26,3,76557,7600,Other,Tier 3,Hybrid,0,2026-03-05 14:19:15.683837
75,104244,2.2,8,27,16,120559,53634,Other,Tier 2,Store,0,2026-03-05 14:19:15.683837
22,170798,10.2,10,30,9,67641,135183,Other,Tier 3,Store,0,2026-03-05 14:19:15.683837
40,94544,6.5,5,49,15,31261,1783,Male,Tier 1,Online,1,2026-03-05 14:19:15.683837
70,247625,5.4,2,10,11,3641,13159,Other,Tier 1,Online,1,2026-03-05 14:19:15.683837
54,209068,8.9,5,12,5,18442,28757,Female,Tier 1,Store,0,2026-03-05 14:19:15.683837
26,146183,4.2,4,42,15,86824,64632,Female,Tier 2,Store,0,2026-03-05 14:19:15.683837
32,130370,3.8,9,5,11,140529,70619,Other,Tier 1,Store,0,2026-03-05 14:19:15.683837
20,32545,4.1,6,26,5,72049,126161,Male,Tier 1,Store,0,2026-03-05 14:19:15.683837
46,186240,5.2,3,29,14,25282,81564,Other,Tier 3,Store,0,2026-03-05 14:19:15.683837
23,148451,6.1,2,47,3,125196,56702,Other,Tier 1,Store,0,2026-03-05 14:19:15.683837
34,241845,7.3,7,18,4,86174,14001,Male,Tier 3,Online,1,2026-03-05 14:19:15.683837
43,102346,3.5,1,13,16,110755,26903,Female,Tier 3,Store,0,2026-03-05 14:19:15.683837
38,187192,6.6,5,8,3,127280,32231,Female,Tier 2,Store,0,2026-03-05 14:19:15.683837
25,32809,4.8,5,44,10,40838,115569,Female,Tier 1,Store,0,2026-03-05 14:19:15.683837
38,198885,5.8,4,27,18,1544,1535,Female,Tier 2,Online,1,2026-03-05 14:19:15.683837
74,220077,8.4,3,27,13,45061,90187,Female,Tier 2,Store,0,2026-03-05 14:19:15.683837
28,42967,7.0,9,45,5,75728,78841,Female,Tier 1,Store,0,2026-03-05 14:19:15.683837
55,155820,7.2,4,24,9,140622,81333,Female,Tier 1,Store,0,2026-03-05 14:19:15.683837
25,38424,4.8,9,25,9,7741,47405,Male,Tier 1,Store,0,2026-03-05 14:19:15.683837
59,232584,9.9,7,3,17,85672,5639,Female,Tier 1,Online,1,2026-03-05 14:19:15.683837
41,169986,7.3,9,2,16,32504,106787,Male,Tier 2,Store,0,2026-03-05 14:19:15.683837
78,241675,5.2,2,33,1,84587,135026,Other,Tier 1,Store,0,2026-03-05 14:19:15.683837
52,123411,8.3,2,20,12,32129,123899,Female,Tier 3,Store,0,2026-03-05 14:19:15.683837
72,224550,7.1,8,16,11,77556,125845,Male,Tier 2,Store,0,2026-03-05 14:19:15.683837
31,165563,3.5,9,37,4,84781,72228,Other,Tier 2,Store,0,2026-03-05 14:19:15.683837
72,195526,6.4,2,33,7,107599,74977,Female,Tier 3,Store,0,2026-03-05 14:19:15.683837
31,85069,4.1,6,43,3,68871,83610,Male,Tier 3,Store,0,2026-03-05 14:19:15.683837
27,197997,1.9,6,11,2,42625,85422,Female,Tier 3,Store,0,2026-03-05 14:19:15.683837
29,104119,5.1,7,24,3,70765,111670,Other,Tier 2,Store,0,2026-03-05 14:19:15.683837
55,52049,8.3,5,20,8,61580,82146,Other,Tier 1,Store,0,2026-03-05 14:19:15.683837
61,42821,8.9,3,17,7,108183,64389,Other,Tier 2,Store,0,2026-03-05 14:19:15.683837
72,110797,5.0,10,35,10,102100,50313,Male,Tier 2,Store,0,2026-03-05 14:19:15.683837
63,249144,5.4,3,5,14,65785,15911,Female,Tier 2,Store,0,2026-03-05 14:19:15.683837
51,176017,8.8,6,19,10,49356,6610,Female,Tier 2,Online,1,2026-03-05 14:19:15.683837
58,163456,7.3,1,19,15,64244,75518,Male,Tier 2,Store,0,2026-03-05 14:19:15.683837
27,174482,7.0,8,31,5,142968,148661,Female,Tier 1,Store,0,2026-03-05 14:19:15.683837
75,92734,6.3,7,30,14,3946,18187,Male,Tier 3,Store,0,2026-03-05 14:19:15.683837
34,209838,7.4,7,19,13,138908,148519,Female,Tier 1,Store,0,2026-03-05 14:19:15.683837
34,240962,5.9,6,29,15,8763,114662,Male,Tier 3,Store,0,2026-03-05 14:19:15.683837
20,153241,9.1,3,2,13,102534,128019,Male,Tier 3,Store,0,2026-03-05 14:19:15.683837
79,186201,5.8,9,19,3,57661,113122,Other,Tier 2,Store,0,2026-03-05 14:19:15.683837
48,112445,5.7,10,7,9,43705,140191,Female,Tier 2,Store,0,2026-03-05 14:19:15.683837
68,18830,1.9,6,20,14,98104,63756,Male,Tier 1,Store,0,2026-03-05 14:19:15.683837
18,202378,8.1,6,47,8,93956,19238,Other,Tier 2,Online,1,2026-03-05 14:19:15.683837
29,101940,4.1,6,22,13,46928,50594,Other,Tier 1,Store,0,2026-03-05 14:19:15.683837
56,211339,1.3,6,0,18,1329,12372,Female,Tier 1,Store,0,2026-03-05 14:19:15.683837
21,173829,5.6,6,1,12,96025,135831,Female,Tier 2,Store,0,2026-03-05 14:19:15.683837
59,78867,5.3,4,9,18,91727,87977,Male,Tier 3,Store,0,2026-03-05 14:19:15.683837
30,181722,6.9,2,36,4,77263,123715,Male,Tier 1,Store,0,2026-03-05 14:19:15.683837
51,179838,7.3,1,29,6,85172,108044,Male,Tier 2,Store,0,2026-03-05 14:19:15.683837
59,227550,4.3,8,43,19,145215,59449,Female,Tier 2,Store,0,2026-03-05 14:19:15.683837
38,47419,11.4,5,23,2,91267,93582,Other,Tier 1,Store,0,2026-03-05 14:19:15.683837
39,31668,5.6,3,31,6,141132,134617,Other,Tier 2,Store,0,2026-03-05 14:19:15.683837
74,162318,2.6,9,49,13,94843,5182,Other,Tier 3,Online,1,2026-03-05 14:19:15.683837
21,39996,9.2,3,29,4,146854,139792,Other,Tier 1,Store,0,2026-03-05 14:19:15.683837
35,66312,7.5,5,37,15,55228,85306,Male,Tier 2,Store,0,2026-03-05 14:19:15.683837
22,149137,6.8,2,13,19,43729,95221,Female,Tier 1,Store,0,2026-03-05 14:19:15.683837
36,25467,5.1,6,2,0,147216,69628,Male,Tier 3,Store,0,2026-03-05 14:19:15.683837
19,196718,6.1,9,24,14,116677,124815,Female,Tier 2,Store,0,2026-03-05 14:19:15.683837
29,167079,1.7,1,44,11,149780,82822,Other,Tier 3,Store,0,2026-03-05 14:19:15.683837
34,214151,5.5,3,6,13,67431,14319,Other,Tier 1,Store,0,2026-03-05 14:19:15.683837
27,43702,10.9,10,16,15,93007,141058,Female,Tier 3,Store,0,2026-03-05 14:19:15.683837
51,109369,4.1,1,40,15,20344,81653,Male,Tier 2,Store,0,2026-03-05 14:19:15.683837
23,90569,6.4,5,26,3,43054,135460,Female,Tier 2,Store,0,2026-03-05 14:19:15.683837
25,68952,2.6,5,37,1,49285,28221,Female,Tier 1,Store,0,2026-03-05 14:19:15.683837
78,204137,5.0,4,37,6,80526,87289,Female,Tier 3,Store,0,2026-03-05 14:19:15.683837
68,49169,3.5,5,22,4,102115,40914,Other,Tier 1,Store,0,2026-03-05 14:19:15.683837
28,31829,6.9,8,31,6,92102,139784,Other,Tier 3,Store,0,2026-03-05 14:19:15.683837
74,206207,6.4,8,1,1,147353,54538,Female,Tier 1,Store,0,2026-03-05 14:19:15.683837
29,19522,3.4,6,10,11,22196,104474,Female,Tier 1,Store,0,2026-03-05 14:19:15.683837
26,100687,6.2,4,33,0,95918,62258,Other,Tier 3,Store,0,2026-03-05 14:19:15.683837
19,181391,6.2,4,46,2,88361,29781,Female,Tier 1,Store,0,2026-03-05 14:19:15.683837
25,135334,6.3,5,33,0,64520,32442,Other,Tier 1,Hybrid,0,2026-03-05 14:19:15.683837
75,172615,7.7,5,6,2,59094,122873,Female,Tier 1,Store,0,2026-03-05 14:19:15.683837
28,133576,9.1,2,9,15,115820,84788,Female,Tier 1,Store,0,2026-03-05 14:19:15.683837
77,249192,4.8,6,24,18,52987,138373,Male,Tier 2,Store,0,2026-03-05 14:19:15.683837
70,132419,5.4,7,1,7,49282,87318,Male,Tier 3,Store,0,2026-03-05 14:19:15.683837
53,176545,5.7,3,48,18,23144,38750,Other,Tier 3,Store,0,2026-03-05 14:19:15.683837
27,22699,3.4,10,29,4,108612,34870,Male,Tier 1,Store,0,2026-03-05 14:19:15.683837
38,83165,4.0,4,16,0,137448,46132,Other,Tier 3,Store,0,2026-03-05 14:19:15.683837
37,186527,7.1,9,28,12,76145,140918,Female,Tier 1,Store,0,2026-03-05 14:19:15.683837
65,90692,9.8,4,17,4,17743,77314,Other,Tier 3,Store,0,2026-03-05 14:19:15.683837
25,32441,3.9,10,45,19,23525,93038,Other,Tier 1,Store,0,2026-03-05 14:19:15.683837
53,45716,10.6,7,34,18,2753,29569,Female,Tier 2,Online,1,2026-03-05 14:19:15.683837
46,77175,4.9,2,16,6,72168,148504,Other,Tier 3,Store,0,2026-03-05 14:19:15.683837
59,21834,8.4,5,46,12,72939,22505,Male,Tier 1,Store,0,2026-03-05 14:19:15.683837
29,33179,6.9,6,21,13,135812,81510,Other,Tier 2,Store,0,2026-03-05 14:19:15.683837
78,41219,6.4,2,24,17,73833,84739,Female,Tier 2,Store,0,2026-03-05 14:19:15.683837
31,118153,5.1,1,19,13,112313,31504,Other,Tier 2,Store,0,2026-03-05 14:19:15.683837
65,161854,6.0,9,15,12,124857,135558,Female,Tier 3,Store,0,2026-03-05 14:19:15.683837
71,227435,4.6,7,24,7,33344,107015,Other,Tier 1,Store,0,2026-03-05 14:19:15.683837
67,89967,7.9,8,14,19,20630,71818,Male,Tier 2,Store,0,2026-03-05 14:19:15.683837
38,117454,8.2,5,36,17,98134,128441,Other,Tier 3,Store,0,2026-03-05 14:19:15.683837
39,24496,4.7,5,14,13,108385,1895,Male,Tier 3,Online,1,2026-03-05 14:19:15.683837
38,234939,2.7,1,14,1,87125,38498,Female,Tier 2,Store,0,2026-03-05 14:19:15.683837
61,185310,5.3,3,17,10,8595,100222,Male,Tier 3,Store,0,2026-03-05 14:19:15.683837
67,61025,10.0,7,36,14,117896,62250,Female,Tier 3,Store,0,2026-03-05 14:19:15.683837
47,74886,6.5,10,0,9,144016,141488,Other,Tier 1,Store,0,2026-03-05 14:19:15.683837
56,169635,8.3,9,32,16,138999,83716,Male,Tier 3,Store,0,2026-03-05 14:19:15.683837
37,18712,4.1,8,2,10,121178,139097,Male,Tier 2,Store,0,2026-03-05 14:19:15.683837
41,109067,5.0,5,48,7,8850,81182,Female,Tier 2,Store,0,2026-03-05 14:19:15.683837
40,60489,5.4,3,21,1,41888,35213,Male,Tier 3,Store,0,2026-03-05 14:19:15.683837
24,47664,3.7,9,20,2,25412,104075,Female,Tier 2,Store,0,2026-03-05 14:19:15.683837
26,158492,6.3,4,45,6,1055,23317,Male,Tier 3,Store,0,2026-03-05 14:19:15.683837
18,200682,4.4,9,40,13,61861,120531,Other,Tier 1,Store,0,2026-03-05 14:19:15.683837
43,20315,7.9,3,26,11,2056,115275,Other,Tier 1,Store,0,2026-03-05 14:19:15.683837
55,216989,6.2,7,3,4,35594,69348,Other,Tier 2,Store,0,2026-03-05 14:19:15.683837
55,90033,9.0,1,34,4,117952,22771,Other,Tier 2,Hybrid,0,2026-03-05 14:19:15.683837
71,240648,2.6,10,0,6,109077,28369,Male,Tier 2,Store,0,2026-03-05 14:19:15.683837
78,132862,4.9,5,3,0,147287,117697,Male,Tier 1,Store,0,2026-03-05 14:19:15.683837
61,243983,5.2,9,23,16,100095,148269,Other,Tier 1,Store,0,2026-03-05 14:19:15.683837
39,94030,6.9,9,45,18,110049,106095,Female,Tier 1,Store,0,2026-03-05 14:19:15.683837
61,78910,5.2,6,28,7,36061,14665,Male,Tier 3,Store,0,2026-03-05 14:19:15.683837
27,243360,9.4,6,21,11,33699,66417,Female,Tier 1,Store,0,2026-03-05 14:19:15.683837
72,207044,5.6,3,22,2,62735,124496,Other,Tier 2,Store,0,2026-03-05 14:19:15.683837
79,136075,4.2,9,20,11,47354,126951,Female,Tier 1,Store,0,2026-03-05 14:19:15.683837
75,236965,5.7,1,13,7,139413,144357,Other,Tier 3,Store,0,2026-03-05 14:19:15.683837
23,70919,5.3,7,7,3,39625,2631,Other,Tier 1,Online,1,2026-03-05 14:19:15.683837
34,228558,7.9,3,15,6,79142,122115,Female,Tier 1,Store,0,2026-03-05 14:19:15.683837
68,227360,5.2,2,34,13,50251,119171,Female,Tier 3,Store,0,2026-03-05 14:19:15.683837
67,248998,3.0,5,23,1,78529,35957,Male,Tier 1,Store,0,2026-03-05 14:19:15.683837
55,150204,6.4,5,25,4,79939,85707,Other,Tier 2,Store,0,2026-03-05 14:19:15.683837
41,142153,4.7,2,6,11,76798,41077,Female,Tier 3,Store,0,2026-03-05 14:19:15.683837
68,56598,3.7,8,24,4,128977,125213,Male,Tier 3,Store,0,2026-03-05 14:19:15.683837
27,239884,6.0,2,37,12,27417,100579,Other,Tier 1,Store,0,2026-03-05 14:19:15.683837
73,166623,5.7,8,44,1,80541,139767,Female,Tier 1,Store,0,2026-03-05 14:19:15.683837
25,238583,5.6,6,25,9,1658,93181,Female,Tier 3,Store,0,2026-03-05 14:19:15.683837
38,83206,6.5,10,25,11,140577,127078,Male,Tier 1,Store,0,2026-03-05 14:19:15.683837
73,89900,4.8,4,29,15,142368,77066,Female,Tier 1,Store,0,2026-03-05 14:19:15.683837
23,41296,6.2,3,1,16,134774,62859,Female,Tier 3,Store,0,2026-03-05 14:19:15.683837
38,236288,4.8,9,42,14,97090,3645,Female,Tier 2,Online,1,2026-03-05 14:19:15.683837
74,164138,7.6,6,8,0,58540,48082,Male,Tier 2,Store,0,2026-03-05 14:19:15.683837
79,174964,6.0,5,38,2,133988,62767,Other,Tier 2,Store,0,2026-03-05 14:19:15.683837
56,90577,9.5,10,43,11,99058,130434,Female,Tier 3,Store,0,2026-03-05 14:19:15.683837
41,220662,5.0,3,10,9,41044,77338,Other,Tier 1,Store,0,2026-03-05 14:19:15.683837
50,92173,6.7,3,14,8,100056,79545,Female,Tier 3,Store,0,2026-03-05 14:19:15.683837
76,222365,8.3,6,11,3,63172,134422,Other,Tier 1,Store,0,2026-03-05 14:19:15.683837
35,79771,7.1,10,34,1,146729,10115,Male,Tier 3,Online,1,2026-03-05 14:19:15.683837
73,173556,6.3,4,49,0,76878,52023,Other,Tier 3,Store,0,2026-03-05 14:19:15.683837
45,92865,6.7,4,39,9,143832,83376,Other,Tier 2,Store,0,2026-03-05 14:19:15.683837
74,114074,7.0,8,46,12,136839,37724,Female,Tier 3,Store,0,2026-03-05 14:19:15.683837
69,173187,6.6,2,15,6,100437,136589,Male,Tier 2,Store,0,2026-03-05 14:19:15.683837
49,172110,6.0,6,48,17,147922,51998,Other,Tier 1,Store,0,2026-03-05 14:19:15.683837
29,51622,7.5,9,31,14,55032,107112,Other,Tier 3,Store,0,2026-03-05 14:19:15.683837
65,50886,5.8,3,17,7,125638,116069,Other,Tier 1,Store,0,2026-03-05 14:19:15.683837
59,197356,4.0,5,44,17,106611,125326,Male,Tier 1,Store,0,2026-03-05 14:19:15.683837
44,155973,10.1,7,20,17,77258,51199,Male,Tier 2,Store,0,2026-03-05 14:19:15.683837
27,71377,7.8,1,15,12,127327,61587,Male,Tier 3,Store,0,2026-03-05 14:19:15.683837
63,97910,4.2,8,6,15,118508,1155,Male,Tier 3,Online,1,2026-03-05 14:19:15.683837
74,195934,5.5,6,4,9,53615,90533,Other,Tier 1,Store,0,2026-03-05 14:19:15.683837
69,133992,4.9,4,43,11,129908,89481,Female,Tier 1,Store,0,2026-03-05 14:19:15.683837
59,178878,5.0,6,40,7,52353,68563,Other,Tier 2,Store,0,2026-03-05 14:19:15.683837
49,163731,7.7,2,32,0,45530,12101,Male,Tier 2,Online,1,2026-03-05 14:19:15.683837
59,169525,5.3,4,30,8,13659,83689,Other,Tier 3,Store,0,2026-03-05 14:19:15.683837
43,176570,9.8,8,20,19,92224,90914,Other,Tier 3,Store,0,2026-03-05 14:19:15.683837
42,216465,2.5,4,2,5,80058,85867,Male,Tier 3,Store,0,2026-03-05 14:19:15.683837
28,31312,5.9,5,9,17,122165,21338,Female,Tier 1,Store,0,2026-03-05 14:19:15.683837
40,16436,3.3,2,10,4,94006,29927,Female,Tier 1,Store,0,2026-03-05 14:19:15.683837
51,42569,6.7,3,21,16,32027,139514,Other,Tier 3,Store,0,2026-03-05 14:19:15.683837
74,204885,6.9,3,16,11,26860,96306,Male,Tier 2,Store,0,2026-03-05 14:19:15.683837
69,131787,7.8,2,49,4,111855,147682,Male,Tier 3,Store,0,2026-03-05 14:19:15.683837
57,105485,3.5,8,24,11,17197,125879,Male,Tier 3,Store,0,2026-03-05 14:19:15.683837
79,219301,6.9,3,40,4,73937,35076,Other,Tier 2,Store,0,2026-03-05 14:19:15.683837
40,192058,4.3,1,27,6,61399,62604,Other,Tier 1,Store,0,2026-03-05 14:19:15.683837
46,117555,6.2,2,49,11,22424,86893,Other,Tier 1,Store,0,2026-03-05 14:19:15.683837
48,199249,5.1,8,19,0,87937,69166,Male,Tier 3,Store,0,2026-03-05 14:19:15.683837
24,155377,3.5,1,29,10,53043,14872,Male,Tier 2,Store,0,2026-03-05 14:19:15.683837
57,47646,7.4,1,30,0,114701,53309,Male,Tier 2,Store,0,2026-03-05 14:19:15.683837
50,238910,5.5,1,12,14,107770,27231,Female,Tier 2,Store,0,2026-03-05 14:19:15.683837
38,91126,7.7,10,9,1,113743,72290,Female,Tier 3,Store,0,2026-03-05 14:19:15.683837
19,132922,7.9,8,32,19,30587,106733,Female,Tier 2,Store,0,2026-03-05 14:19:15.683837
35,55430,8.6,6,40,16,78047,125828,Other,Tier 1,Store,0,2026-03-05 14:19:15.683837
64,137238,5.0,7,19,0,20979,39164,Other,Tier 3,Store,0,2026-03-05 14:19:15.683837
50,83659,4.1,4,47,19,149092,134419,Female,Tier 1,Store,0,2026-03-05 14:19:15.683837
54,130341,8.4,8,13,10,75694,103138,Other,Tier 2,Store,0,2026-03-05 14:19:15.683837
51,19158,6.2,2,7,12,120791,94277,Male,Tier 3,Store,0,2026-03-05 14:19:15.683837
37,89236,8.7,9,7,3,122609,104876,Male,Tier 2,Store,0,2026-03-05 14:19:15.683837
52,91067,3.6,4,37,3,90998,78795,Other,Tier 1,Store,0,2026-03-05 14:19:15.683837
68,173810,7.4,1,27,7,17619,92539,Female,Tier 3,Store,0,2026-03-05 14:19:15.683837
67,24879,6.1,2,9,3,127013,28766,Female,Tier 1,Store,0,2026-03-05 14:19:15.683837
78,151615,5.9,8,39,14,139883,33428,Female,Tier 3,Store,0,2026-03-05 14:19:15.683837
71,127284,5.4,9,13,10,82039,63971,Male,Tier 3,Store,0,2026-03-05 14:19:15.683837
35,193996,3.8,5,13,11,110088,54966,Male,Tier 1,Store,0,2026-03-05 14:19:15.683837
63,188420,7.3,4,5,1,26311,121255,Other,Tier 3,Store,0,2026-03-05 14:19:15.683837
79,99117,5.2,10,33,9,89960,94324,Male,Tier 2,Store,0,2026-03-05 14:19:15.683837
41,182751,6.4,7,16,8,51468,64981,Female,Tier 3,Store,0,2026-03-05 14:19:15.683837
25,225190,9.9,2,20,6,79776,80235,Female,Tier 3,Store,0,2026-03-05 14:19:15.683837
78,58888,4.9,7,38,12,64296,83207,Male,Tier 2,Store,0,2026-03-05 14:19:15.683837
47,45276,5.4,9,27,11,91346,14878,Male,Tier 2,Hybrid,0,2026-03-05 14:19:15.683837
61,249611,5.7,2,37,16,62135,80689,Other,Tier 3,Store,0,2026-03-05 14:19:15.683837
70,19799,5.2,8,14,3,17067,55704,Male,Tier 3,Store,0,2026-03-05 14:19:15.683837
27,236699,5.3,6,35,6,24406,13557,Female,Tier 2,Hybrid,0,2026-03-05 14:19:15.683837
40,239842,7.4,6,35,8,56017,130482,Male,Tier 3,Store,0,2026-03-05 14:19:15.683837
69,127529,8.6,4,8,19,79640,119477,Female,Tier 1,Store,0,2026-03-05 14:19:15.683837
66,139713,6.3,9,43,6,13676,144470,Other,Tier 3,Store,0,2026-03-05 14:19:15.683837
28,105141,7.5,8,34,7,46341,32884,Male,Tier 2,Store,0,2026-03-05 14:19:15.683837
19,206630,5.7,7,44,2,100608,129296,Female,Tier 2,Store,0,2026-03-05 14:19:15.683837
75,130013,5.6,5,17,14,82324,43223,Female,Tier 1,Store,0,2026-03-05 14:19:15.683837
43,182606,5.2,5,16,14,70581,63740,Female,Tier 2,Store,0,2026-03-05 14:19:15.683837
53,46668,4.5,2,17,11,132703,81023,Female,Tier 2,Store,0,2026-03-05 14:19:15.683837
50,150183,8.5,5,3,15,122845,145708,Other,Tier 3,Store,0,2026-03-05 14:19:15.683837
64,170758,5.0,3,47,15,61602,33151,Male,Tier 2,Store,0,2026-03-05 14:19:15.683837
30,218623,7.2,7,19,6,51466,65241,Male,Tier 3,Store,0,2026-03-05 14:19:15.683837
57,87392,4.3,9,12,5,85531,147270,Female,Tier 3,Store,0,2026-03-05 14:19:15.683837
42,31490,6.1,10,10,17,59119,23655,Female,Tier 2,Store,0,2026-03-05 14:19:15.683837
21,181266,6.0,6,42,11,2152,38298,Male,Tier 3,Store,0,2026-03-05 14:19:15.683837
59,160569,4.3,10,32,9,36216,134241,Female,Tier 1,Store,0,2026-03-05 14:19:15.683837
36,199588,5.3,7,27,8,45706,37346,Male,Tier 3,Store,0,2026-03-05 14:19:15.683837
35,132219,3.9,7,7,12,47675,45901,Other,Tier 2,Store,0,2026-03-05 14:19:15.683837
54,234802,6.0,7,42,18,13993,11211,Male,Tier 2,Online,1,2026-03-05 14:19:15.683837
47,59104,2.5,4,19,4,139653,37297,Other,Tier 2,Store,0,2026-03-05 14:19:15.683837
36,20316,5.9,6,17,7,145688,114989,Other,Tier 3,Store,0,2026-03-05 14:19:15.683837
75,53130,7.3,7,6,1,98331,46747,Female,Tier 1,Store,0,2026-03-05 14:19:15.683837
40,216301,6.0,10,43,9,74299,131670,Other,Tier 2,Store,0,2026-03-05 14:19:15.683837
76,122294,4.6,4,32,3,128824,65162,Other,Tier 3,Store,0,2026-03-05 14:19:15.683837
71,44954,4.7,9,10,9,58702,22792,Other,Tier 3,Store,0,2026-03-05 14:19:15.683837
33,128437,8.4,9,29,13,135375,46075,Other,Tier 1,Store,0,2026-03-05 14:19:15.683837
18,167724,6.3,4,34,8,75011,118561,Male,Tier 2,Store,0,2026-03-05 14:19:15.683837
29,160250,7.7,8,44,13,149634,112517,Other,Tier 3,Store,0,2026-03-05 14:19:15.683837
41,197235,7.9,8,19,9,123963,38794,Male,Tier 3,Store,0,2026-03-05 14:19:15.683837
51,160823,5.1,2,36,7,116186,31557,Female,Tier 2,Store,0,2026-03-05 14:19:15.683837
70,212033,4.0,6,9,5,20644,149016,Male,Tier 3,Store,0,2026-03-05 14:19:15.683837
74,149116,7.3,9,29,4,81807,25155,Other,Tier 2,Hybrid,0,2026-03-05 14:19:15.683837
25,78165,4.3,8,17,16,5570,139981,Male,Tier 1,Store,0,2026-03-05 14:19:15.683837
35,157552,4.8,1,24,4,33711,146598,Female,Tier 1,Store,0,2026-03-05 14:19:15.683837
74,211511,6.2,5,31,18,77707,75542,Female,Tier 3,Store,0,2026-03-05 14:19:15.683837
65,189946,5.5,5,38,16,16953,88583,Other,Tier 3,Store,0,2026-03-05 14:19:15.683837
22,81775,1.4,9,33,19,33199,27246,Female,Tier 3,Store,0,2026-03-05 14:19:15.683837
43,152638,3.5,2,43,9,93842,45319,Female,Tier 3,Store,0,2026-03-05 14:19:15.683837
47,100311,8.0,5,38,17,20647,24979,Female,Tier 2,Hybrid,0,2026-03-05 14:19:15.683837
71,248589,5.8,1,30,19,42547,91710,Other,Tier 1,Store,0,2026-03-05 14:19:15.683837
30,68149,7.5,8,27,15,99942,9266,Female,Tier 1,Online,1,2026-03-05 14:19:15.683837
36,149078,4.4,8,25,10,89488,106560,Male,Tier 3,Store,0,2026-03-05 14:19:15.683837
46,87561,3.8,2,43,14,8238,74581,Male,Tier 2,Store,0,2026-03-05 14:19:15.683837
20,165495,7.4,10,3,10,121842,147431,Male,Tier 2,Store,0,2026-03-05 14:19:15.683837
43,105710,8.6,1,42,19,92402,102863,Male,Tier 3,Store,0,2026-03-05 14:19:15.683837
57,107199,4.3,3,19,7,132891,84553,Male,Tier 1,Store,0,2026-03-05 14:19:15.683837
76,180024,8.0,9,7,6,35019,30034,Female,Tier 2,Store,0,2026-03-05 14:19:15.683837
75,42326,4.0,7,1,0,104982,107419,Male,Tier 2,Store,0,2026-03-05 14:19:15.683837
75,132272,2.7,7,49,14,87098,99803,Male,Tier 1,Store,0,2026-03-05 14:19:15.683837
29,46139,7.2,10,49,2,94036,87342,Male,Tier 2,Store,0,2026-03-05 14:19:15.683837
19,208175,4.1,4,26,7,111287,22416,Other,Tier 3,Hybrid,0,2026-03-05 14:19:15.683837
28,206929,3.6,5,33,11,82069,116938,Other,Tier 1,Store,0,2026-03-05 14:19:15.683837
61,88638,3.6,7,35,15,81469,109846,Male,Tier 2,Store,0,2026-03-05 14:19:15.683837
45,87652,5.3,2,20,18,38104,25569,Male,Tier 3,Store,0,2026-03-05 14:19:15.683837
35,27937,2.6,3,7,9,68743,1706,Female,Tier 3,Store,0,2026-03-05 14:19:15.683837
30,45161,7.2,3,22,9,8735,75576,Other,Tier 1,Store,0,2026-03-05 14:19:15.683837
54,150455,7.0,7,42,17,63172,51446,Female,Tier 3,Store,0,2026-03-05 14:19:15.683837
39,100856,7.0,7,7,1,73920,28959,Female,Tier 1,Store,0,2026-03-05 14:19:15.683837
29,85043,8.4,6,4,18,117114,2918,Male,Tier 3,Store,0,2026-03-05 14:19:15.683837
19,160807,7.9,1,39,18,144649,6850,Female,Tier 3,Online,1,2026-03-05 14:19:15.683837
54,74919,4.2,10,0,1,116736,9909,Male,Tier 2,Online,1,2026-03-05 14:19:15.683837
24,241321,7.3,8,20,1,50186,34964,Other,Tier 2,Store,0,2026-03-05 14:19:15.683837
43,97055,8.2,10,43,7,78397,10961,Male,Tier 1,Online,1,2026-03-05 14:19:15.683837
43,213633,7.6,10,42,12,54148,7765,Female,Tier 1,Online,1,2026-03-05 14:19:15.683837
41,100455,7.8,4,9,8,111057,94715,Female,Tier 3,Store,0,2026-03-05 14:19:15.683837
29,183694,5.7,8,1,6,29705,84611,Female,Tier 2,Store,0,2026-03-05 14:19:15.683837
33,53135,4.7,7,20,4,146596,139230,Male,Tier 2,Store,0,2026-03-05 14:19:15.683837
40,181730,5.5,1,12,7,6555,59311,Female,Tier 3,Store,0,2026-03-05 14:19:15.683837
57,99677,4.6,7,43,7,53319,71572,Other,Tier 1,Store,0,2026-03-05 14:19:15.683837
79,44696,8.0,4,49,2,81733,24538,Female,Tier 1,Hybrid,0,2026-03-05 14:19:15.683837
77,149845,6.4,5,27,9,80082,23030,Male,Tier 3,Store,0,2026-03-05 14:19:15.683837
26,39956,7.6,6,29,7,135053,80289,Male,Tier 1,Store,0,2026-03-05 14:19:15.683837
49,30819,3.1,5,17,12,133282,54976,Other,Tier 1,Store,0,2026-03-05 14:19:15.683837
32,16528,5.1,2,41,18,143669,127637,Male,Tier 2,Store,0,2026-03-05 14:19:15.683837
54,142781,3.9,8,1,19,142575,95358,Female,Tier 1,Store,0,2026-03-05 14:19:15.683837
30,101491,2.7,8,18,14,105120,29896,Female,Tier 2,Store,0,2026-03-05 14:19:15.683837
22,59588,6.6,5,20,5,35584,712,Male,Tier 3,Online,1,2026-03-05 14:19:15.683837
28,216657,3.9,5,25,13,56857,73498,Other,Tier 1,Store,0,2026-03-05 14:19:15.683837
27,114152,5.3,7,45,9,32470,72638,Female,Tier 3,Store,0,2026-03-05 14:19:15.683837
69,142872,4.1,2,24,18,22800,78788,Other,Tier 3,Store,0,2026-03-05 14:19:15.683837
30,166583,5.2,5,18,10,74865,1380,Other,Tier 2,Online,1,2026-03-05 14:19:15.683837
58,25119,7.2,1,24,13,39190,100980,Male,Tier 3,Store,0,2026-03-05 14:19:15.683837
70,90893,4.1,4,40,18,138383,22326,Female,Tier 3,Hybrid,0,2026-03-05 14:19:15.683837
63,31167,5.1,8,19,4,147014,137656,Female,Tier 1,Store,0,2026-03-05 14:19:15.683837
67,202575,7.1,1,5,10,115974,53203,Other,Tier 1,Store,0,2026-03-05 14:19:15.683837
32,125782,7.4,10,17,18,80122,5317,Female,Tier 3,Hybrid,0,2026-03-05 14:19:15.683837
59,233861,5.2,1,48,0,132004,121820,Female,Tier 3,Store,0,2026-03-05 14:19:15.683837
73,145775,6.6,4,17,1,107590,113249,Female,Tier 1,Store,0,2026-03-05 14:19:15.683837
24,49889,7.6,10,19,17,81252,45993,Male,Tier 1,Store,0,2026-03-05 14:19:15.683837
57,60678,3.9,5,38,13,118743,38496,Female,Tier 1,Store,0,2026-03-05 14:19:15.683837
45,241406,4.6,9,33,9,565,52699,Male,Tier 2,Store,0,2026-03-05 14:19:15.683837
49,75262,5.3,5,9,5,80651,33187,Female,Tier 3,Store,0,2026-03-05 14:19:15.683837
52,150753,6.9,1,32,14,89590,41479,Female,Tier 1,Store,0,2026-03-05 14:19:15.683837
32,95291,6.4,3,18,1,2397,33915,Female,Tier 2,Store,0,2026-03-05 14:19:15.683837
65,81008,6.1,4,1,5,111333,138549,Other,Tier 2,Store,0,2026-03-05 14:19:15.683837
53,244489,3.9,7,46,12,84734,21095,Female,Tier 3,Store,0,2026-03-05 14:19:15.683837
38,159762,7.7,2,48,7,119866,84720,Other,Tier 3,Store,0,2026-03-05 14:19:15.683837
23,40912,5.0,4,2,14,35098,41661,Other,Tier 1,Store,0,2026-03-05 14:19:15.683837
18,21473,5.5,8,29,15,44169,97567,Other,Tier 1,Store,0,2026-03-05 14:19:15.683837
21,187370,6.4,5,38,9,21529,98165,Other,Tier 1,Store,0,2026-03-05 14:19:15.683837
28,164741,9.9,6,18,13,109946,113251,Male,Tier 1,Store,0,2026-03-05 14:19:15.683837
61,114500,4.7,3,20,2,114925,61717,Other,Tier 3,Store,0,2026-03-05 14:19:15.683837
43,228070,4.6,4,43,7,62797,53497,Male,Tier 2,Store,0,2026-03-05 14:19:15.683837
78,167015,5.3,9,13,0,116046,55586,Other,Tier 1,Store,0,2026-03-05 14:19:15.683837
54,53785,8.3,2,30,6,48552,125662,Male,Tier 3,Store,0,2026-03-05 14:19:15.683837
40,115956,6.3,3,20,3,99447,73923,Female,Tier 1,Store,0,2026-03-05 14:19:15.683837
46,209499,6.8,2,16,10,127661,129377,Male,Tier 3,Store,0,2026-03-05 14:19:15.683837
38,208073,7.6,2,23,12,54164,78147,Female,Tier 3,Store,0,2026-03-05 14:19:15.683837
65,207796,8.3,9,36,9,52318,144693,Male,Tier 3,Store,0,2026-03-05 14:19:15.683837
62,134006,4.7,8,39,12,122223,129427,Other,Tier 3,Store,0,2026-03-05 14:19:15.683837
62,25832,7.0,7,40,2,42546,77542,Female,Tier 1,Store,0,2026-03-05 14:19:15.683837
66,151457,8.3,9,33,17,74074,132010,Other,Tier 1,Store,0,2026-03-05 14:19:15.683837
44,241970,6.4,8,46,6,40466,14203,Other,Tier 3,Online,1,2026-03-05 14:19:15.683837
56,160780,4.4,9,19,7,90819,1122,Male,Tier 2,Online,1,2026-03-05 14:19:15.683837
57,204672,4.0,2,15,19,115342,52402,Other,Tier 2,Store,0,2026-03-05 14:19:15.683837
30,169510,6.9,7,48,1,21292,94199,Other,Tier 1,Store,0,2026-03-05 14:19:15.683837
40,97747,3.7,9,41,8,113191,148392,Other,Tier 1,Store,0,2026-03-05 14:19:15.683837
76,95107,4.4,9,11,2,71090,93331,Male,Tier 1,Store,0,2026-03-05 14:19:15.683837
33,206134,5.0,8,40,2,120387,83272,Female,Tier 3,Store,0,2026-03-05 14:19:15.683837
47,80428,6.6,1,23,12,8124,140545,Other,Tier 3,Store,0,2026-03-05 14:19:15.683837
78,101843,7.2,3,12,0,72346,139877,Male,Tier 1,Store,0,2026-03-05 14:19:15.683837
21,26002,4.6,8,33,3,104270,42086,Male,Tier 3,Store,0,2026-03-05 14:19:15.683837
57,182225,3.4,3,26,9,22522,85304,Male,Tier 3,Store,0,2026-03-05 14:19:15.683837
33,168512,7.6,4,37,3,133164,141259,Other,Tier 2,Store,0,2026-03-05 14:19:15.683837
48,82501,7.4,10,20,17,69062,147537,Other,Tier 3,Store,0,2026-03-05 14:19:15.683837
70,47556,6.9,2,2,12,14298,148183,Male,Tier 1,Store,0,2026-03-05 14:19:15.683837
59,82963,6.8,3,48,7,21443,66888,Other,Tier 2,Store,0,2026-03-05 14:19:15.683837
42,247217,5.2,5,13,0,5736,9483,Male,Tier 2,Online,1,2026-03-05 14:19:15.683837
61,236797,5.6,6,42,15,42883,2634,Female,Tier 2,Online,1,2026-03-05 14:19:15.683837
29,236746,6.2,6,37,5,31061,111891,Other,Tier 3,Store,0,2026-03-05 14:19:15.683837
43,21563,4.3,7,36,11,36018,92717,Male,Tier 2,Store,0,2026-03-05 14:19:15.683837
54,225995,6.8,10,40,15,68816,91349,Female,Tier 1,Store,0,2026-03-05 14:19:15.683837
65,20840,6.2,8,41,10,118362,91316,Female,Tier 3,Store,0,2026-03-05 14:19:15.683837
50,30154,5.7,6,43,10,30740,62536,Male,Tier 2,Store,0,2026-03-05 14:19:15.683837
45,39194,7.8,10,29,18,34440,60220,Male,Tier 3,Store,0,2026-03-05 14:19:15.683837
26,211092,5.8,6,44,11,96210,58851,Male,Tier 3,Store,0,2026-03-05 14:19:15.683837
29,192933,7.3,2,9,4,59536,26396,Male,Tier 2,Store,0,2026-03-05 14:19:15.683837
22,168520,3.6,3,0,9,17923,25196,Male,Tier 1,Store,0,2026-03-05 14:19:15.683837
71,242532,7.7,6,38,1,20384,141861,Other,Tier 2,Store,0,2026-03-05 14:19:15.683837
69,38528,7.2,6,27,11,93642,24327,Female,Tier 2,Store,0,2026-03-05 14:19:15.683837
71,175474,10.3,6,44,13,110138,92164,Female,Tier 3,Store,0,2026-03-05 14:19:15.683837
45,19352,9.2,4,18,14,82451,106805,Other,Tier 3,Store,0,2026-03-05 14:19:15.683837
73,15184,7.9,2,29,2,77275,81218,Male,Tier 1,Store,0,2026-03-05 14:19:15.683837
52,156456,4.9,8,19,14,22786,10084,Other,Tier 1,Online,1,2026-03-05 14:19:15.683837
22,29319,4.2,2,19,16,3176,52116,Female,Tier 3,Store,0,2026-03-05 14:19:15.683837
51,135497,4.5,3,22,2,134217,37244,Other,Tier 3,Store,0,2026-03-05 14:19:15.683837
63,166521,7.0,1,30,8,7178,10939,Male,Tier 3,Online,1,2026-03-05 14:19:15.683837
51,71333,8.6,9,31,6,118675,126288,Female,Tier 1,Store,0,2026-03-05 14:19:15.683837
30,56205,3.6,3,46,19,129192,33247,Female,Tier 3,Store,0,2026-03-05 14:19:15.683837
56,25426,4.3,2,25,11,131474,140093,Female,Tier 1,Store,0,2026-03-05 14:19:15.683837
59,22504,6.1,6,13,6,63903,3436,Other,Tier 2,Online,1,2026-03-05 14:19:15.683837
62,202650,3.7,8,5,17,88386,101726,Male,Tier 1,Store,0,2026-03-05 14:19:15.683837
65,204281,5.2,4,32,1,10303,134097,Female,Tier 2,Store,0,2026-03-05 14:19:15.683837
75,131775,8.5,1,7,15,75350,12658,Other,Tier 1,Hybrid,0,2026-03-05 14:19:15.683837
31,48368,7.4,7,3,10,86964,111929,Other,Tier 2,Store,0,2026-03-05 14:19:15.683837
28,118841,7.7,3,12,18,16095,25478,Other,Tier 1,Store,0,2026-03-05 14:19:15.683837
59,198257,4.0,5,34,5,124812,58773,Male,Tier 3,Store,0,2026-03-05 14:19:15.683837
55,243702,2.5,2,28,19,3325,115556,Female,Tier 3,Store,0,2026-03-05 14:19:15.683837
21,131744,5.1,8,24,6,31085,148548,Male,Tier 1,Store,0,2026-03-05 14:19:15.683837
70,226293,1.3,3,33,12,13469,27183,Male,Tier 3,Store,0,2026-03-05 14:19:15.683837
50,23724,6.9,9,10,5,79399,113458,Other,Tier 1,Store,0,2026-03-05 14:19:15.683837
24,151156,7.5,1,37,7,100447,1572,Male,Tier 1,Online,1,2026-03-05 14:19:15.683837
73,180882,4.4,6,28,4,30850,106302,Other,Tier 2,Store,0,2026-03-05 14:19:15.683837
58,228349,7.2,3,44,0,115835,98262,Other,Tier 2,Store,0,2026-03-05 14:19:15.683837
25,97297,7.2,4,21,19,17561,137775,Female,Tier 1,Store,0,2026-03-05 14:19:15.683837
54,140099,3.8,4,33,1,121751,15015,Other,Tier 3,Online,1,2026-03-05 14:19:15.683837
68,93872,5.2,8,45,5,87748,111683,Female,Tier 2,Store,0,2026-03-05 14:19:15.683837
27,166944,5.1,9,10,8,6662,96712,Male,Tier 2,Store,0,2026-03-05 14:19:15.683837
60,225022,7.9,5,27,8,25168,69977,Other,Tier 3,Store,0,2026-03-05 14:19:15.683837
74,85333,7.5,10,7,5,139953,120343,Male,Tier 2,Store,0,2026-03-05 14:19:15.683837
32,214915,7.1,10,23,8,111783,27800,Other,Tier 3,Online,1,2026-03-05 14:19:15.683837
55,244176,4.9,3,9,4,88006,6730,Male,Tier 2,Hybrid,0,2026-03-05 14:19:15.683837
32,17596,8.7,9,14,15,23768,112801,Female,Tier 1,Store,0,2026-03-05 14:19:15.683837
22,32167,6.4,1,44,2,115415,22038,Other,Tier 2,Store,0,2026-03-05 14:19:15.683837
46,102844,7.0,1,38,11,126481,93866,Other,Tier 3,Store,0,2026-03-05 14:19:15.683837
36,104751,9.5,3,38,11,18558,70777,Male,Tier 2,Store,0,2026-03-05 14:19:15.683837
71,144817,7.3,2,20,18,132348,78450,Female,Tier 1,Store,0,2026-03-05 14:19:15.683837
68,223403,5.8,8,35,8,37511,54619,Male,Tier 1,Store,0,2026-03-05 14:19:15.683837
27,95520,5.0,5,35,18,147512,149485,Female,Tier 1,Store,0,2026-03-05 14:19:15.683837
29,73326,2.5,10,49,18,4776,1521,Other,Tier 1,Online,1,2026-03-05 14:19:15.683837
71,92670,2.9,1,47,16,38199,46268,Female,Tier 2,Store,0,2026-03-05 14:19:15.683837
21,156854,7.7,3,19,0,98016,87637,Female,Tier 3,Store,0,2026-03-05 14:19:15.683837
48,188074,2.0,3,12,1,108127,92684,Male,Tier 1,Store,0,2026-03-05 14:19:15.683837
35,233259,8.0,2,1,17,17375,142916,Female,Tier 1,Store,0,2026-03-05 14:19:15.683837
33,39022,7.6,9,46,1,88885,71722,Other,Tier 3,Store,0,2026-03-05 14:19:15.683837
57,99458,4.3,1,26,5,78705,111157,Male,Tier 2,Store,0,2026-03-05 14:19:15.683837
53,160690,6.4,10,6,19,21234,133369,Other,Tier 1,Store,0,2026-03-05 14:19:15.683837
42,163317,7.2,5,40,18,75690,106021,Female,Tier 3,Store,0,2026-03-05 14:19:15.683837
40,98796,6.2,9,25,1,12257,50240,Male,Tier 3,Store,0,2026-03-05 14:19:15.683837
29,156099,8.5,3,29,17,76925,118100,Male,Tier 2,Store,0,2026-03-05 14:19:15.683837
51,160058,3.2,10,18,15,51234,37757,Female,Tier 3,Store,0,2026-03-05 14:19:15.683837
53,125704,7.0,3,39,12,8757,128790,Other,Tier 2,Store,0,2026-03-05 14:19:15.683837
54,149598,4.8,7,20,14,102595,140785,Other,Tier 3,Store,0,2026-03-05 14:19:15.683837
20,237869,2.5,1,25,1,144826,130617,Female,Tier 3,Store,0,2026-03-05 14:19:15.683837
26,59361,3.7,9,9,12,128956,138314,Male,Tier 3,Store,0,2026-03-05 14:19:15.683837
78,213230,5.0,7,35,5,132962,104030,Other,Tier 1,Store,0,2026-03-05 14:19:15.683837
70,53286,6.0,8,43,6,46987,90658,Female,Tier 3,Store,0,2026-03-05 14:19:15.683837
35,44533,4.2,2,26,18,75708,60498,Female,Tier 2,Store,0,2026-03-05 14:19:15.683837
60,247033,5.0,3,7,1,48763,90357,Male,Tier 2,Store,0,2026-03-05 14:19:15.683837
52,164388,5.2,9,25,4,47615,25113,Male,Tier 3,Store,0,2026-03-05 14:19:15.683837
79,154771,4.2,4,0,13,113020,43548,Female,Tier 3,Store,0,2026-03-05 14:19:15.683837
74,225563,4.9,5,22,14,5520,142357,Other,Tier 2,Store,0,2026-03-05 14:19:15.683837
72,142441,7.1,9,8,1,42835,148023,Female,Tier 3,Store,0,2026-03-05 14:19:15.683837
51,112079,9.3,10,30,5,137453,56398,Female,Tier 1,Store,0,2026-03-05 14:19:15.683837
58,115960,6.4,8,6,11,76938,138418,Other,Tier 2,Store,0,2026-03-05 14:19:15.683837
31,73465,6.3,5,8,7,144332,51667,Male,Tier 2,Store,0,2026-03-05 14:19:15.683837
21,162745,5.8,2,6,10,105538,78621,Male,Tier 3,Store,0,2026-03-05 14:19:15.683837
46,38395,5.2,3,27,4,89108,86180,Female,Tier 1,Store,0,2026-03-05 14:19:15.683837
58,119162,7.2,3,33,4,44503,34027,Male,Tier 3,Store,0,2026-03-05 14:19:15.683837
62,145704,8.0,7,15,19,59487,52047,Male,Tier 2,Store,0,2026-03-05 14:19:15.683837
67,169779,3.7,6,9,11,20925,140114,Female,Tier 1,Store,0,2026-03-05 14:19:15.683837
32,230821,8.1,7,23,15,39525,88070,Male,Tier 1,Store,0,2026-03-05 14:19:15.683837
45,90937,9.3,8,9,4,19969,37520,Other,Tier 2,Store,0,2026-03-05 14:19:15.683837
59,144647,4.0,5,45,17,82982,26051,Female,Tier 1,Store,0,2026-03-05 14:19:15.683837
33,135650,7.8,6,28,1,112587,32214,Male,Tier 1,Store,0,2026-03-05 14:19:15.683837
29,145744,9.3,1,24,7,43071,17098,Other,Tier 1,Store,0,2026-03-05 14:19:15.683837
69,232804,7.4,4,40,13,147629,103040,Male,Tier 3,Store,0,2026-03-05 14:19:15.683837
22,202488,5.6,6,29,2,26344,145284,Other,Tier 3,Store,0,2026-03-05 14:19:15.683837
51,106512,7.6,4,18,14,71298,122902,Other,Tier 2,Store,0,2026-03-05 14:19:15.683837
59,154830,4.4,1,30,16,131826,19390,Female,Tier 2,Store,0,2026-03-05 14:19:15.683837
18,82009,5.4,3,29,12,29919,99590,Female,Tier 2,Store,0,2026-03-05 14:19:15.683837
56,159353,4.5,3,33,14,34923,75225,Male,Tier 1,Store,0,2026-03-05 14:19:15.683837
49,47548,3.3,3,27,1,56387,146825,Female,Tier 2,Store,0,2026-03-05 14:19:15.683837
43,33371,6.1,4,18,16,137860,94791,Other,Tier 1,Store,0,2026-03-05 14:19:15.683837
34,239971,6.6,9,10,0,16755,67861,Male,Tier 2,Store,0,2026-03-05 14:19:15.683837
65,223665,7.3,9,27,0,47595,72713,Female,Tier 3,Store,0,2026-03-05 14:19:15.683837
76,120977,1.0,8,5,14,84221,139173,Other,Tier 2,Store,0,2026-03-05 14:19:15.683837
44,165716,6.4,3,16,6,139170,75243,Female,Tier 3,Store,0,2026-03-05 14:19:15.683837
41,239731,6.2,2,36,14,68016,62928,Male,Tier 1,Store,0,2026-03-05 14:19:15.683837
52,169946,3.8,3,26,19,77949,134774,Female,Tier 2,Store,0,2026-03-05 14:19:15.683837
63,234731,5.1,5,42,19,100026,130976,Male,Tier 3,Store,0,2026-03-05 14:19:15.683837
59,29281,7.5,7,35,6,136021,124348,Male,Tier 1,Store,0,2026-03-05 14:19:15.683837
71,214859,6.2,2,0,3,85940,32909,Male,Tier 2,Store,0,2026-03-05 14:19:15.683837
56,168361,6.0,6,15,10,128964,85236,Male,Tier 1,Store,0,2026-03-05 14:19:15.683837
43,151126,7.8,2,3,11,57891,83496,Male,Tier 2,Store,0,2026-03-05 14:19:15.683837
66,115020,10.6,1,46,12,96007,113731,Male,Tier 3,Store,0,2026-03-05 14:19:15.683837
79,122508,5.5,3,22,4,106017,129669,Male,Tier 3,Store,0,2026-03-05 14:19:15.683837
55,81846,6.5,4,31,10,15957,138483,Female,Tier 3,Store,0,2026-03-05 14:19:15.683837
40,109682,4.2,2,2,5,65559,32274,Male,Tier 1,Store,0,2026-03-05 14:19:15.683837
39,195841,10.3,3,43,4,45044,79147,Female,Tier 1,Store,0,2026-03-05 14:19:15.683837
21,44312,4.9,6,20,12,3600,62378,Male,Tier 1,Store,0,2026-03-05 14:19:15.683837
66,242589,2.4,9,23,6,120327,77889,Male,Tier 2,Store,0,2026-03-05 14:19:15.683837
76,129186,7.2,2,14,10,100867,7178,Other,Tier 2,Online,1,2026-03-05 14:19:15.683837
26,19257,2.8,7,10,14,127811,68643,Female,Tier 3,Store,0,2026-03-05 14:19:15.683837
21,161918,8.6,1,2,5,8151,106161,Other,Tier 2,Store,0,2026-03-05 14:19:15.683837
24,168555,7.2,4,18,5,51936,41595,Male,Tier 3,Store,0,2026-03-05 14:19:15.683837
40,41558,3.9,2,42,10,35308,87861,Other,Tier 2,Store,0,2026-03-05 14:19:15.683837
19,58188,7.3,4,7,15,35716,86008,Male,Tier 2,Store,0,2026-03-05 14:19:15.683837
66,159084,5.3,2,33,12,110798,42615,Female,Tier 1,Store,0,2026-03-05 14:19:15.683837
41,48236,6.9,3,33,2,38363,20048,Female,Tier 3,Online,1,2026-03-05 14:19:15.683837
57,60076,3.4,8,43,17,88711,6992,Female,Tier 3,Online,1,2026-03-05 14:19:15.683837
72,63402,3.3,4,39,18,6305,80627,Other,Tier 2,Store,0,2026-03-05 14:19:15.683837
79,109467,6.6,6,37,15,78347,79825,Female,Tier 1,Store,0,2026-03-05 14:19:15.683837
48,178148,9.8,9,25,2,37789,110699,Male,Tier 1,Store,0,2026-03-05 14:19:15.683837
64,95337,4.7,8,2,18,125896,136034,Other,Tier 1,Store,0,2026-03-05 14:19:15.683837
48,130827,4.6,2,31,13,136900,126127,Male,Tier 3,Store,0,2026-03-05 14:19:15.683837
64,221236,5.3,2,42,17,44506,8575,Other,Tier 2,Online,1,2026-03-05 14:19:15.683837
57,89264,3.4,3,47,12,103186,100027,Other,Tier 3,Store,0,2026-03-05 14:19:15.683837
65,32335,7.1,2,42,11,53633,126307,Other,Tier 2,Store,0,2026-03-05 14:19:15.683837
68,58773,7.8,3,9,2,146840,146478,Female,Tier 1,Store,0,2026-03-05 14:19:15.683837
60,198230,7.0,2,9,4,6656,72546,Male,Tier 1,Store,0,2026-03-05 14:19:15.683837
51,43570,5.7,6,48,0,20936,81718,Male,Tier 1,Store,0,2026-03-05 14:19:15.683837
72,102995,4.0,9,10,12,14457,58267,Male,Tier 3,Store,0,2026-03-05 14:19:15.683837
41,55658,10.1,8,13,14,59970,35594,Male,Tier 1,Store,0,2026-03-05 14:19:15.683837
66,205256,4.3,6,30,5,109313,87683,Male,Tier 1,Store,0,2026-03-05 14:19:15.683837
77,135640,4.2,4,8,9,35068,17637,Other,Tier 1,Store,0,2026-03-05 14:19:15.683837
43,87613,2.4,10,47,13,8006,62925,Female,Tier 1,Store,0,2026-03-05 14:19:15.683837
33,73194,3.2,5,5,15,105270,68555,Female,Tier 1,Store,0,2026-03-05 14:19:15.683837
74,213579,6.7,4,48,14,56339,117441,Male,Tier 3,Store,0,2026-03-05 14:19:15.683837
64,126872,5.1,5,34,3,56153,23813,Other,Tier 1,Store,0,2026-03-05 14:19:15.683837
30,180031,4.3,2,33,0,34400,79663,Other,Tier 3,Store,0,2026-03-05 14:19:15.683837
32,199144,4.4,8,42,4,124853,86953,Female,Tier 3,Store,0,2026-03-05 14:19:15.683837
44,191660,5.0,1,17,16,78679,130674,Male,Tier 1,Store,0,2026-03-05 14:19:15.683837
21,186605,4.7,9,22,2,64876,71350,Female,Tier 3,Store,0,2026-03-05 14:19:15.683837
33,123558,8.8,1,29,9,94022,135022,Female,Tier 1,Store,0,2026-03-05 14:19:15.683837
47,83582,5.3,5,2,13,130466,109723,Female,Tier 3,Store,0,2026-03-05 14:19:15.683837
61,207815,6.3,9,14,8,39659,88445,Male,Tier 1,Store,0,2026-03-05 14:19:15.683837
47,190590,6.1,1,36,15,25080,65322,Other,Tier 2,Store,0,2026-03-05 14:19:15.683837
53,158775,6.2,1,42,17,146744,93011,Other,Tier 3,Store,0,2026-03-05 14:19:15.683837
20,64456,5.3,3,2,10,125438,83516,Female,Tier 3,Store,0,2026-03-05 14:19:15.683837
39,70491,5.1,8,14,4,64014,122416,Male,Tier 2,Store,0,2026-03-05 14:19:15.683837
66,23043,7.3,3,2,12,31482,107822,Male,Tier 2,Store,0,2026-03-05 14:19:15.683837
39,118212,6.4,2,28,11,114340,148705,Male,Tier 3,Store,0,2026-03-05 14:19:15.683837
67,83340,4.5,6,30,9,142877,4149,Male,Tier 2,Online,1,2026-03-05 14:19:15.683837
74,156248,1.0,10,6,10,127114,117042,Other,Tier 2,Store,0,2026-03-05 14:19:15.683837
67,150008,4.8,5,6,15,133640,35872,Male,Tier 1,Store,0,2026-03-05 14:19:15.683837
72,46174,3.3,9,10,5,26058,102509,Male,Tier 3,Store,0,2026-03-05 14:19:15.683837
77,97632,4.2,3,47,2,98288,41236,Other,Tier 2,Store,0,2026-03-05 14:19:15.683837
66,103768,3.4,4,27,2,94992,98003,Male,Tier 3,Store,0,2026-03-05 14:19:15.683837
29,140775,8.3,10,35,19,83606,74731,Female,Tier 2,Store,0,2026-03-05 14:19:15.683837
72,123177,8.3,8,42,17,96534,121804,Female,Tier 3,Store,0,2026-03-05 14:19:15.683837
38,40909,7.5,2,45,10,119832,107467,Male,Tier 3,Store,0,2026-03-05 14:19:15.683837
73,59158,5.3,5,39,1,61346,114808,Male,Tier 3,Store,0,2026-03-05 14:19:15.683837
21,154438,4.7,9,24,2,112468,12944,Other,Tier 2,Online,1,2026-03-05 14:19:15.683837
48,231197,3.0,9,16,12,108665,89370,Other,Tier 2,Store,0,2026-03-05 14:19:15.683837
61,200409,7.8,10,49,12,58429,129267,Other,Tier 2,Store,0,2026-03-05 14:19:15.683837
48,139296,7.7,9,37,7,62783,92259,Male,Tier 3,Store,0,2026-03-05 14:19:15.683837
75,74331,7.0,1,20,4,97975,144771,Other,Tier 2,Store,0,2026-03-05 14:19:15.683837
40,208269,3.8,1,19,4,97292,103027,Other,Tier 1,Store,0,2026-03-05 14:19:15.683837
71,218114,5.3,1,9,17,96698,3273,Female,Tier 2,Hybrid,0,2026-03-05 14:19:15.683837
70,196996,5.8,8,5,10,78535,135196,Other,Tier 3,Store,0,2026-03-05 14:19:15.683837
37,174914,2.5,4,11,15,52010,93948,Female,Tier 1,Store,0,2026-03-05 14:19:15.683837
32,163530,8.9,9,16,16,115231,11285,Other,Tier 3,Online,1,2026-03-05 14:19:15.683837
40,102367,3.3,6,44,3,78218,146244,Other,Tier 3,Store,0,2026-03-05 14:19:15.683837
45,80382,4.4,3,32,7,104750,60314,Other,Tier 3,Store,0,2026-03-05 14:19:15.683837
33,89319,2.5,8,35,8,130107,137800,Female,Tier 1,Store,0,2026-03-05 14:19:15.683837
54,26170,5.6,1,47,14,45603,80789,Other,Tier 1,Store,0,2026-03-05 14:19:15.683837
38,134952,5.5,2,18,5,91862,74530,Male,Tier 1,Store,0,2026-03-05 14:19:15.683837
32,95145,8.0,8,4,3,76201,3399,Male,Tier 1,Online,1,2026-03-05 14:19:15.683837
34,120626,4.1,1,44,14,98317,64742,Other,Tier 2,Store,0,2026-03-05 14:19:15.683837
67,191014,3.8,5,41,6,145726,69686,Other,Tier 3,Store,0,2026-03-05 14:19:15.683837
54,234643,6.2,3,28,10,98373,104765,Other,Tier 2,Store,0,2026-03-05 14:19:15.683837
30,31208,1.8,2,36,0,101838,146323,Male,Tier 3,Store,0,2026-03-05 14:19:15.683837
36,181250,8.7,4,47,16,61496,128671,Female,Tier 2,Store,0,2026-03-05 14:19:15.683837
47,225244,3.4,2,29,16,47494,64690,Other,Tier 2,Store,0,2026-03-05 14:19:15.683837
62,155111,9.6,5,0,17,89663,26556,Female,Tier 2,Store,0,2026-03-05 14:19:15.683837
35,29990,4.4,8,11,3,59915,130538,Male,Tier 1,Store,0,2026-03-05 14:19:15.683837
31,152513,3.1,4,14,13,76099,63607,Female,Tier 2,Store,0,2026-03-05 14:19:15.683837
79,220293,7.2,7,4,10,114067,61237,Female,Tier 2,Store,0,2026-03-05 14:19:15.683837
53,144327,7.1,5,37,16,113926,55156,Other,Tier 1,Store,0,2026-03-05 14:19:15.683837
53,94314,7.1,9,10,9,93593,17269,Other,Tier 1,Store,0,2026-03-05 14:19:15.683837
37,192031,6.2,2,19,18,118187,144937,Male,Tier 2,Store,0,2026-03-05 14:19:15.683837
69,41862,10.5,2,28,15,14280,11601,Other,Tier 1,Hybrid,0,2026-03-05 14:19:15.683837
36,173345,3.3,1,13,18,38180,49463,Male,Tier 3,Store,0,2026-03-05 14:19:15.683837
62,108949,8.7,4,25,19,73839,63751,Male,Tier 3,Store,0,2026-03-05 14:19:15.683837
61,188572,2.8,8,33,13,69881,82008,Female,Tier 3,Store,0,2026-03-05 14:19:15.683837
24,145223,9.3,5,9,14,7910,13756,Female,Tier 1,Online,1,2026-03-05 14:19:15.683837
74,18956,6.7,5,26,10,17937,66482,Female,Tier 1,Store,0,2026-03-05 14:19:15.683837
61,218161,9.1,4,43,18,81253,112714,Male,Tier 2,Store,0,2026-03-05 14:19:15.683837
70,103789,7.8,7,40,7,5930,106963,Other,Tier 1,Store,0,2026-03-05 14:19:15.683837
21,104451,1.7,10,40,4,98814,73992,Male,Tier 3,Store,0,2026-03-05 14:19:15.683837
76,132782,5.3,8,24,11,120844,84180,Other,Tier 3,Store,0,2026-03-05 14:19:15.683837
51,17365,3.5,9,9,13,76694,72108,Female,Tier 1,Store,0,2026-03-05 14:19:15.683837
19,87204,9.0,6,38,15,37222,134222,Other,Tier 2,Store,0,2026-03-05 14:19:15.683837
22,151072,7.6,9,31,7,124348,50950,Other,Tier 1,Store,0,2026-03-05 14:19:15.683837
72,72072,6.3,1,33,11,50764,117947,Male,Tier 3,Store,0,2026-03-05 14:19:15.683837
27,67499,5.2,3,22,15,147808,88480,Female,Tier 1,Store,0,2026-03-05 14:19:15.683837
49,84211,6.8,1,32,6,83067,12632,Other,Tier 3,Store,0,2026-03-05 14:19:15.683837
59,158979,4.1,5,31,7,105933,140179,Female,Tier 2,Store,0,2026-03-05 14:19:15.683837
58,163408,6.6,8,21,17,118345,138103,Female,Tier 3,Store,0,2026-03-05 14:19:15.683837
30,100220,5.8,6,21,5,15986,62682,Female,Tier 2,Store,0,2026-03-05 14:19:15.683837
56,108847,4.4,10,22,5,79491,104630,Male,Tier 2,Store,0,2026-03-05 14:19:15.683837
22,198403,7.4,5,18,13,72865,61045,Other,Tier 3,Store,0,2026-03-05 14:19:15.683837
75,226744,9.8,1,22,13,8829,42881,Female,Tier 2,Store,0,2026-03-05 14:19:15.683837
27,124459,3.1,1,21,6,16309,129504,Female,Tier 2,Store,0,2026-03-05 14:19:15.683837
27,92755,7.9,5,29,3,1358,139756,Female,Tier 2,Store,0,2026-03-05 14:19:15.683837
55,83783,4.4,5,18,18,41148,24544,Female,Tier 1,Store,0,2026-03-05 14:19:15.683837
44,216023,7.2,8,21,18,127916,117604,Male,Tier 3,Store,0,2026-03-05 14:19:15.683837
77,198581,4.8,2,0,10,137469,136543,Male,Tier 2,Store,0,2026-03-05 14:19:15.683837
68,142851,5.4,7,33,14,138677,88687,Male,Tier 2,Store,0,2026-03-05 14:19:15.683837
38,21472,5.6,5,25,15,125188,46117,Male,Tier 3,Store,0,2026-03-05 14:19:15.683837
25,168452,8.7,2,3,2,50878,144247,Other,Tier 1,Store,0,2026-03-05 14:19:15.683837
18,118152,5.8,5,47,0,107998,131265,Male,Tier 1,Store,0,2026-03-05 14:19:15.683837
45,173352,5.3,9,44,6,69721,97795,Male,Tier 3,Store,0,2026-03-05 14:19:15.683837
66,167931,5.8,5,11,7,108819,147070,Male,Tier 1,Store,0,2026-03-05 14:19:15.683837
56,245413,9.8,5,27,10,85944,122962,Female,Tier 2,Store,0,2026-03-05 14:19:15.683837
31,194474,7.1,2,36,4,126597,108971,Female,Tier 3,Store,0,2026-03-05 14:19:15.683837
38,154334,4.8,9,2,9,100385,31703,Female,Tier 3,Store,0,2026-03-05 14:19:15.683837
47,157138,9.0,2,27,19,136821,135961,Female,Tier 3,Store,0,2026-03-05 14:19:15.683837
38,161626,6.4,5,28,15,122988,49231,Female,Tier 1,Store,0,2026-03-05 14:19:15.683837
66,22008,4.3,2,19,0,12520,105044,Female,Tier 2,Store,0,2026-03-05 14:19:15.683837
26,102851,6.8,2,1,9,27112,138450,Other,Tier 2,Store,0,2026-03-05 14:19:15.683837
34,95799,5.7,6,36,19,6187,134499,Female,Tier 1,Store,0,2026-03-05 14:19:15.683837
22,31238,1.0,10,0,3,133104,105001,Female,Tier 3,Store,0,2026-03-05 14:19:15.683837
75,228097,6.7,3,45,19,76088,95833,Other,Tier 1,Store,0,2026-03-05 14:19:15.683837
74,32153,3.8,10,46,14,109150,66504,Male,Tier 1,Store,0,2026-03-05 14:19:15.683837
79,74353,3.5,9,35,5,61006,114654,Male,Tier 1,Store,0,2026-03-05 14:19:15.683837
48,67092,2.1,6,43,14,57486,74636,Male,Tier 1,Store,0,2026-03-05 14:19:15.683837
69,189224,6.3,10,41,14,129612,5000,Male,Tier 1,Online,1,2026-03-05 14:19:15.683837
78,64104,5.7,10,17,16,135423,99626,Female,Tier 3,Store,0,2026-03-05 14:19:15.683837
57,170355,7.9,2,8,19,142834,7733,Female,Tier 2,Store,0,2026-03-05 14:19:15.683837
55,192501,4.4,1,36,16,122359,102232,Male,Tier 3,Store,0,2026-03-05 14:19:15.683837
60,223295,5.0,2,24,16,5287,102969,Other,Tier 2,Store,0,2026-03-05 14:19:15.683837
36,234606,10.0,10,40,11,4330,143425,Other,Tier 2,Store,0,2026-03-05 14:19:15.683837
53,201029,2.1,6,18,10,131093,126303,Female,Tier 1,Store,0,2026-03-05 14:19:15.683837
67,43887,8.4,2,24,15,83749,81756,Male,Tier 1,Store,0,2026-03-05 14:19:15.683837
50,192244,4.4,7,48,12,24983,47337,Other,Tier 1,Store,0,2026-03-05 14:19:15.683837
30,19355,12.0,7,14,16,75176,71308,Other,Tier 1,Store,0,2026-03-05 14:19:15.683837
31,48701,7.4,1,45,8,128531,21085,Male,Tier 1,Store,0,2026-03-05 14:19:15.683837
73,187606,4.7,6,49,0,15207,19648,Other,Tier 1,Online,1,2026-03-05 14:19:15.683837
50,86442,3.2,5,25,17,72745,105103,Female,Tier 3,Store,0,2026-03-05 14:19:15.683837
79,207346,6.8,8,45,2,17247,133294,Female,Tier 2,Store,0,2026-03-05 14:19:15.683837
46,224180,2.2,8,19,10,11744,41783,Male,Tier 2,Store,0,2026-03-05 14:19:15.683837
60,27279,7.4,9,2,10,17838,113625,Other,Tier 2,Store,0,2026-03-05 14:19:15.683837
66,189563,3.2,2,24,14,124351,77901,Female,Tier 2,Store,0,2026-03-05 14:19:15.683837
53,135738,4.1,1,20,2,148857,134944,Female,Tier 1,Store,0,2026-03-05 14:19:15.683837
75,222219,1.0,10,33,6,99438,131252,Female,Tier 2,Store,0,2026-03-05 14:19:15.683837
61,154333,6.3,6,37,0,107651,112400,Male,Tier 2,Store,0,2026-03-05 14:19:15.683837
27,150546,6.6,2,23,15,83808,70799,Male,Tier 1,Store,0,2026-03-05 14:19:15.683837
48,106414,6.1,5,40,9,122026,120742,Male,Tier 3,Store,0,2026-03-05 14:19:15.683837
23,43390,2.6,1,24,14,140143,146400,Male,Tier 1,Store,0,2026-03-05 14:19:15.683837
74,172997,8.9,1,0,4,53815,16852,Male,Tier 2,Store,0,2026-03-05 14:19:15.683837
18,97174,5.7,5,28,1,73795,39352,Other,Tier 3,Store,0,2026-03-05 14:19:15.683837
24,205123,5.0,6,31,4,65802,66049,Female,Tier 3,Store,0,2026-03-05 14:19:15.683837
75,235079,7.6,7,46,10,46944,88124,Other,Tier 3,Store,0,2026-03-05 14:19:15.683837
44,19787,5.1,4,0,4,129608,73143,Male,Tier 2,Store,0,2026-03-05 14:19:15.683837
38,219470,6.9,4,34,0,3374,69301,Female,Tier 1,Store,0,2026-03-05 14:19:15.683837
45,204249,4.4,5,15,9,78851,135400,Male,Tier 3,Store,0,2026-03-05 14:19:15.683837
33,58724,7.6,6,31,1,129288,140097,Female,Tier 1,Store,0,2026-03-05 14:19:15.683837
73,25663,7.6,8,46,18,40150,105206,Other,Tier 2,Store,0,2026-03-05 14:19:15.683837
63,162192,5.1,9,14,10,107802,62650,Female,Tier 3,Store,0,2026-03-05 14:19:15.683837
40,168812,6.3,7,4,17,140776,107778,Female,Tier 1,Store,0,2026-03-05 14:19:15.683837
69,248118,6.0,10,9,2,149016,49831,Male,Tier 3,Store,0,2026-03-05 14:19:15.683837
37,148107,5.7,3,21,9,32428,42423,Other,Tier 2,Store,0,2026-03-05 14:19:15.683837
55,115271,3.6,6,42,6,145160,60515,Other,Tier 1,Store,0,2026-03-05 14:19:15.683837
71,203515,3.9,9,7,0,136931,22958,Other,Tier 3,Hybrid,0,2026-03-05 14:19:15.683837
42,82388,5.2,6,14,9,54868,2308,Other,Tier 2,Online,1,2026-03-05 14:19:15.683837
45,67335,6.1,10,19,4,71589,70047,Female,Tier 1,Store,0,2026-03-05 14:19:15.683837
22,58315,4.2,8,24,0,68690,145907,Female,Tier 3,Store,0,2026-03-05 14:19:15.683837
73,210237,6.0,8,11,16,12906,147495,Male,Tier 3,Store,0,2026-03-05 14:19:15.683837
38,119922,1.4,4,25,13,107641,128564,Female,Tier 3,Store,0,2026-03-05 14:19:15.683837
35,61627,6.0,7,3,3,98339,57062,Other,Tier 3,Store,0,2026-03-05 14:19:15.683837
64,154375,6.2,7,25,15,64334,82296,Other,Tier 2,Store,0,2026-03-05 14:19:15.683837
23,64334,7.6,7,9,6,116406,63271,Female,Tier 1,Store,0,2026-03-05 14:19:15.683837
74,201964,8.8,8,47,0,113479,23347,Other,Tier 2,Online,1,2026-03-05 14:19:15.683837
46,207268,7.4,2,14,5,130150,139029,Male,Tier 1,Store,0,2026-03-05 14:19:15.683837
36,80700,9.6,2,4,13,49545,103383,Female,Tier 1,Store,0,2026-03-05 14:19:15.683837
50,54726,5.9,6,31,3,6024,41080,Other,Tier 3,Store,0,2026-03-05 14:19:15.683837
18,246513,6.1,6,31,14,135042,114509,Female,Tier 1,Store,0,2026-03-05 14:19:15.683837
62,221823,7.6,5,21,10,91556,73916,Female,Tier 1,Store,0,2026-03-05 14:19:15.683837
20,195678,5.8,2,21,17,22765,22280,Other,Tier 1,Store,0,2026-03-05 14:19:15.683837
59,45694,5.3,8,11,1,67677,61790,Other,Tier 2,Store,0,2026-03-05 14:19:15.683837
38,177325,8.7,3,10,5,122946,74058,Other,Tier 2,Store,0,2026-03-05 14:19:15.683837
52,170302,7.4,1,23,15,89765,85050,Other,Tier 2,Store,0,2026-03-05 14:19:15.683837
58,200046,7.3,1,42,13,108450,36821,Other,Tier 3,Store,0,2026-03-05 14:19:15.683837
57,78545,4.3,7,44,12,131394,1227,Other,Tier 1,Online,1,2026-03-05 14:19:15.683837
20,162997,7.9,7,40,11,66313,34986,Female,Tier 3,Store,0,2026-03-05 14:19:15.683837
42,21033,6.2,6,15,18,127463,88974,Other,Tier 2,Store,0,2026-03-05 14:19:15.683837
62,77461,4.0,6,15,11,43882,85162,Male,Tier 1,Store,0,2026-03-05 14:19:15.683837
55,17665,7.4,5,0,1,23276,18440,Female,Tier 2,Online,1,2026-03-05 14:19:15.683837
62,42025,3.6,6,22,8,132174,75669,Male,Tier 2,Store,0,2026-03-05 14:19:15.683837
72,169605,1.2,2,27,8,7104,17599,Male,Tier 1,Store,0,2026-03-05 14:19:15.683837
37,191969,2.4,5,31,15,139497,119684,Female,Tier 1,Store,0,2026-03-05 14:19:15.683837
69,92661,5.5,2,35,7,1457,108156,Other,Tier 3,Store,0,2026-03-05 14:19:15.683837
61,135473,9.1,3,36,4,107965,16537,Other,Tier 2,Online,1,2026-03-05 14:19:15.683837
62,35998,6.6,5,2,9,141958,145981,Female,Tier 1,Store,0,2026-03-05 14:19:15.683837
51,76248,5.8,1,12,5,65244,122475,Female,Tier 3,Store,0,2026-03-05 14:19:15.683837
38,119493,8.6,3,27,3,138036,43136,Male,Tier 2,Store,0,2026-03-05 14:19:15.683837
73,38057,7.0,10,27,0,124174,24629,Other,Tier 3,Online,1,2026-03-05 14:19:15.683837
72,94244,8.0,6,44,8,100676,24455,Female,Tier 3,Online,1,2026-03-05 14:19:15.683837
65,229680,7.9,2,23,7,55772,1933,Other,Tier 3,Online,1,2026-03-05 14:19:15.683837
40,216703,5.4,3,12,2,35343,105271,Male,Tier 2,Store,0,2026-03-05 14:19:15.683837
23,112031,5.5,9,23,0,27679,1900,Male,Tier 1,Online,1,2026-03-05 14:19:15.683837
68,127713,4.3,8,4,12,12382,29906,Male,Tier 3,Store,0,2026-03-05 14:19:15.683837
70,120887,7.7,3,16,17,123854,9463,Male,Tier 1,Online,1,2026-03-05 14:19:15.683837
30,82173,3.5,7,49,11,102356,22060,Other,Tier 3,Hybrid,0,2026-03-05 14:19:15.683837
66,226278,4.2,4,11,10,5003,149756,Male,Tier 3,Store,0,2026-03-05 14:19:15.683837
40,53734,5.9,7,48,14,16052,5696,Female,Tier 1,Online,1,2026-03-05 14:19:15.683837
26,77072,6.2,5,17,17,31712,122929,Other,Tier 1,Store,0,2026-03-05 14:19:15.683837
34,210247,7.2,2,32,11,114018,75165,Male,Tier 3,Store,0,2026-03-05 14:19:15.683837
78,249046,5.9,6,30,4,50800,77544,Other,Tier 2,Store,0,2026-03-05 14:19:15.683837
19,209855,5.3,1,33,4,74013,86403,Female,Tier 1,Store,0,2026-03-05 14:19:15.683837
36,109194,7.4,6,29,15,129947,145605,Other,Tier 3,Store,0,2026-03-05 14:19:15.683837
36,216811,7.8,1,44,16,63283,118544,Male,Tier 2,Store,0,2026-03-05 14:19:15.683837
73,233126,2.6,3,31,18,146074,73550,Male,Tier 3,Store,0,2026-03-05 14:19:15.683837
24,197114,8.1,10,9,6,5314,94858,Other,Tier 3,Store,0,2026-03-05 14:19:15.683837
71,198429,5.3,7,30,6,120909,36492,Female,Tier 1,Store,0,2026-03-05 14:19:15.683837
59,154741,9.2,2,34,17,83807,132244,Female,Tier 1,Store,0,2026-03-05 14:19:15.683837
59,128272,4.7,9,14,2,70549,105710,Male,Tier 2,Store,0,2026-03-05 14:19:15.683837
76,82902,4.0,3,26,9,100256,114384,Female,Tier 3,Store,0,2026-03-05 14:19:15.683837
37,137247,7.3,3,26,17,131147,30457,Female,Tier 3,Store,0,2026-03-05 14:19:15.683837
26,164982,10.3,7,0,11,133202,81988,Male,Tier 3,Store,0,2026-03-05 14:19:15.683837
34,71959,2.8,1,11,4,126827,92877,Other,Tier 1,Store,0,2026-03-05 14:19:15.683837
44,111623,7.7,5,3,5,72384,90844,Other,Tier 3,Store,0,2026-03-05 14:19:15.683837
64,146438,7.1,10,22,12,710,114959,Other,Tier 2,Store,0,2026-03-05 14:19:15.683837
19,63415,5.9,3,33,2,12924,74101,Male,Tier 3,Store,0,2026-03-05 14:19:15.683837
79,139716,10.1,1,22,5,145256,115901,Other,Tier 2,Store,0,2026-03-05 14:19:15.683837
53,136209,2.2,7,18,8,40502,23122,Male,Tier 3,Hybrid,0,2026-03-05 14:19:15.683837
36,24907,8.2,10,19,2,7671,70342,Female,Tier 3,Store,0,2026-03-05 14:19:15.683837
34,110825,7.9,7,19,1,93103,110381,Female,Tier 2,Store,0,2026-03-05 14:19:15.683837
22,47780,8.4,9,28,16,86341,41956,Male,Tier 2,Store,0,2026-03-05 14:19:15.683837
56,203951,8.1,7,12,16,41631,105826,Other,Tier 2,Store,0,2026-03-05 14:19:15.683837
35,231231,6.5,4,27,10,97686,10199,Female,Tier 2,Hybrid,0,2026-03-05 14:19:15.683837
70,50085,5.4,3,23,7,55276,70869,Male,Tier 2,Store,0,2026-03-05 14:19:15.683837
71,211571,4.8,6,21,1,3932,24133,Male,Tier 3,Store,0,2026-03-05 14:19:15.683837
76,35426,7.2,6,21,16,87373,98629,Male,Tier 3,Store,0,2026-03-05 14:19:15.683837
24,194269,6.0,2,39,8,10899,132222,Male,Tier 2,Store,0,2026-03-05 14:19:15.683837
34,22485,5.6,7,10,19,114265,124975,Female,Tier 3,Store,0,2026-03-05 14:19:15.683837
56,64527,4.9,1,7,12,79539,40192,Male,Tier 1,Store,0,2026-03-05 14:19:15.683837
53,210672,5.2,9,31,3,28861,23061,Male,Tier 1,Online,1,2026-03-05 14:19:15.683837
57,139604,7.6,2,23,3,32179,4804,Female,Tier 2,Online,1,2026-03-05 14:19:15.683837
62,244632,6.0,3,11,7,18262,14598,Other,Tier 2,Store,0,2026-03-05 14:19:15.683837
21,106005,8.4,6,48,8,42280,125838,Female,Tier 1,Store,0,2026-03-05 14:19:15.683837
55,227511,3.3,7,39,2,48787,71664,Male,Tier 3,Store,0,2026-03-05 14:19:15.683837
42,214820,7.2,1,20,6,26537,19440,Female,Tier 2,Hybrid,0,2026-03-05 14:19:15.683837
22,73528,4.0,3,2,17,10396,52335,Female,Tier 2,Store,0,2026-03-05 14:19:15.683837
47,135631,8.4,6,38,12,45482,119950,Female,Tier 1,Store,0,2026-03-05 14:19:15.683837
29,42799,8.5,4,44,1,58449,78270,Other,Tier 3,Store,0,2026-03-05 14:19:15.683837
21,192411,3.2,5,17,13,56621,50712,Female,Tier 2,Store,0,2026-03-05 14:19:15.683837
41,162159,4.5,3,41,13,14264,15875,Female,Tier 2,Store,0,2026-03-05 14:19:15.683837
46,153518,4.6,8,5,16,138093,8646,Other,Tier 1,Store,0,2026-03-05 14:19:15.683837
26,196532,8.5,1,35,1,82849,32943,Other,Tier 3,Store,0,2026-03-05 14:19:15.683837
21,109817,4.8,10,44,18,57240,110248,Other,Tier 2,Store,0,2026-03-05 14:19:15.683837
68,73260,7.4,7,14,9,82783,114486,Female,Tier 1,Store,0,2026-03-05 14:19:15.683837
41,160949,4.7,2,48,18,49600,62747,Female,Tier 1,Store,0,2026-03-05 14:19:15.683837
31,170795,8.2,8,44,18,119268,3297,Male,Tier 2,Online,1,2026-03-05 14:19:15.683837
22,27943,8.3,3,14,12,120071,119320,Female,Tier 1,Store,0,2026-03-05 14:19:15.683837
35,156378,9.3,4,37,15,34714,84869,Female,Tier 1,Store,0,2026-03-05 14:19:15.683837
59,182856,5.7,2,43,19,81748,54948,Male,Tier 1,Store,0,2026-03-05 14:19:15.683837
74,136401,6.0,5,23,11,18568,27496,Male,Tier 1,Hybrid,0,2026-03-05 14:19:15.683837
36,166527,5.7,9,6,3,141425,10147,Other,Tier 1,Hybrid,0,2026-03-05 14:19:15.683837
29,236099,6.1,4,8,11,129755,136624,Female,Tier 3,Store,0,2026-03-05 14:19:15.683837
35,217520,5.1,7,10,12,118180,91885,Male,Tier 2,Store,0,2026-03-05 14:19:15.683837
34,176046,8.1,8,15,1,41972,135015,Other,Tier 3,Store,0,2026-03-05 14:19:15.683837
47,42371,4.5,10,6,1,68115,3613,Male,Tier 1,Online,1,2026-03-05 14:19:15.683837
41,113746,5.7,1,24,8,129537,56643,Other,Tier 2,Store,0,2026-03-05 14:19:15.683837
28,116248,6.4,6,13,17,139505,73780,Female,Tier 2,Store,0,2026-03-05 14:19:15.683837
52,150008,7.0,5,0,15,116202,105219,Other,Tier 1,Store,0,2026-03-05 14:19:15.683837
40,179238,3.6,10,19,13,39645,112727,Female,Tier 2,Store,0,2026-03-05 14:19:15.683837
34,40727,5.5,10,27,0,139278,88733,Other,Tier 1,Store,0,2026-03-05 14:19:15.683837
18,129000,6.0,1,48,13,39518,120884,Other,Tier 1,Store,0,2026-03-05 14:19:15.683837
32,78969,7.6,9,37,6,60871,15974,Other,Tier 2,Online,1,2026-03-05 14:19:15.683837
49,174440,5.6,10,33,5,19634,34292,Female,Tier 2,Hybrid,0,2026-03-05 14:19:15.683837
77,83531,5.8,7,8,19,54859,103396,Male,Tier 1,Store,0,2026-03-05 14:19:15.683837
26,54097,6.3,1,47,3,127633,95433,Other,Tier 2,Store,0,2026-03-05 14:19:15.683837
32,181056,8.1,2,19,10,100186,147663,Female,Tier 1,Store,0,2026-03-05 14:19:15.683837
45,65859,1.9,4,42,5,58537,88805,Female,Tier 3,Store,0,2026-03-05 14:19:15.683837
41,190363,6.2,10,37,6,73966,120470,Male,Tier 3,Store,0,2026-03-05 14:19:15.683837
77,211300,8.3,9,30,17,32183,38819,Female,Tier 2,Store,0,2026-03-05 14:19:15.683837
78,238171,4.3,2,20,6,59323,122878,Female,Tier 2,Store,0,2026-03-05 14:19:15.683837
52,168222,4.5,1,21,12,145973,79236,Female,Tier 2,Store,0,2026-03-05 14:19:15.683837
39,168133,8.4,1,12,9,68445,101658,Female,Tier 1,Store,0,2026-03-05 14:19:15.683837
44,175250,5.3,9,43,5,83856,80210,Other,Tier 3,Store,0,2026-03-05 14:19:15.683837
36,246944,5.4,1,46,2,145988,45596,Female,Tier 2,Store,0,2026-03-05 14:19:15.683837
62,71790,6.6,4,24,0,68251,33635,Female,Tier 1,Store,0,2026-03-05 14:19:15.683837
29,80696,1.0,5,21,15,52909,127781,Female,Tier 3,Store,0,2026-03-05 14:19:15.683837
37,30648,2.4,6,37,1,78137,4417,Other,Tier 3,Online,1,2026-03-05 14:19:15.683837
18,76779,7.2,6,19,16,108913,62579,Male,Tier 1,Store,0,2026-03-05 14:19:15.683837
38,121371,5.5,3,31,19,101319,62871,Other,Tier 3,Store,0,2026-03-05 14:19:15.683837
66,51672,5.7,7,15,13,119656,90114,Other,Tier 2,Store,0,2026-03-05 14:19:15.683837
62,84109,4.7,8,19,9,55033,74172,Other,Tier 1,Store,0,2026-03-05 14:19:15.683837
18,206593,5.5,1,40,8,58721,22593,Other,Tier 1,Store,0,2026-03-05 14:19:15.683837
27,49593,8.4,9,21,11,44601,54752,Other,Tier 3,Store,0,2026-03-05 14:19:15.683837
64,159858,6.3,6,41,10,30037,119123,Male,Tier 1,Store,0,2026-03-05 14:19:15.683837
76,240108,8.1,1,37,15,109940,52534,Other,Tier 1,Store,0,2026-03-05 14:19:15.683837
76,24815,5.7,9,44,3,17361,53126,Male,Tier 2,Store,0,2026-03-05 14:19:15.683837
49,168038,6.0,4,36,10,94435,74884,Female,Tier 2,Store,0,2026-03-05 14:19:15.683837
79,159866,6.7,9,14,12,89885,69231,Other,Tier 1,Store,0,2026-03-05 14:19:15.683837
56,177495,7.1,10,11,7,113683,57891,Female,Tier 3,Store,0,2026-03-05 14:19:15.683837
77,245552,4.3,5,8,16,22291,121968,Male,Tier 1,Store,0,2026-03-05 14:19:15.683837
39,36302,5.9,6,36,10,92921,120654,Female,Tier 2,Store,0,2026-03-05 14:19:15.683837
35,207136,4.6,9,43,3,145339,30124,Female,Tier 1,Online,1,2026-03-05 14:19:15.683837
65,232872,9.0,6,14,19,18527,84936,Female,Tier 3,Store,0,2026-03-05 14:19:15.683837
63,100140,2.6,1,43,11,39316,66531,Other,Tier 1,Store,0,2026-03-05 14:19:15.683837
49,173907,7.2,1,21,11,71540,38995,Female,Tier 2,Store,0,2026-03-05 14:19:15.683837
44,88356,4.5,2,11,18,43854,145950,Male,Tier 2,Store,0,2026-03-05 14:19:15.683837
45,64282,3.7,2,26,19,5563,59202,Male,Tier 2,Store,0,2026-03-05 14:19:15.683837
35,143451,5.4,6,18,17,24384,64117,Other,Tier 3,Store,0,2026-03-05 14:19:15.683837
76,136347,8.6,10,46,9,113816,92064,Male,Tier 2,Store,0,2026-03-05 14:19:15.683837
56,198786,4.7,10,24,6,20070,79673,Female,Tier 2,Store,0,2026-03-05 14:19:15.683837
66,213107,2.4,5,9,18,42205,83918,Male,Tier 3,Store,0,2026-03-05 14:19:15.683837
46,38814,4.1,7,34,5,74576,124104,Female,Tier 3,Store,0,2026-03-05 14:19:15.683837
35,170161,6.2,8,43,18,35740,53141,Male,Tier 2,Store,0,2026-03-05 14:19:15.683837
61,219234,2.8,10,11,19,2381,31087,Female,Tier 3,Store,0,2026-03-05 14:19:15.683837
25,201903,7.4,10,49,17,130131,64009,Female,Tier 2,Store,0,2026-03-05 14:19:15.683837
71,178818,2.8,10,7,11,58013,138235,Male,Tier 3,Store,0,2026-03-05 14:19:15.683837
48,96673,5.0,10,10,10,13100,17415,Male,Tier 3,Hybrid,0,2026-03-05 14:19:15.683837
79,66940,7.6,3,38,14,25524,34221,Other,Tier 3,Store,0,2026-03-05 14:19:15.683837
51,101796,5.0,9,18,4,125407,85017,Other,Tier 3,Store,0,2026-03-05 14:19:15.683837
24,51476,3.3,1,22,9,59136,55164,Male,Tier 3,Store,0,2026-03-05 14:19:15.683837
53,172355,5.8,3,23,17,48388,119358,Male,Tier 3,Store,0,2026-03-05 14:19:15.683837
35,147841,5.0,2,14,14,53301,114540,Female,Tier 3,Store,0,2026-03-05 14:19:15.683837
77,57278,8.4,6,19,12,127313,84657,Male,Tier 3,Store,0,2026-03-05 14:19:15.683837
55,193066,7.6,1,24,1,78062,61033,Other,Tier 3,Store,0,2026-03-05 14:19:15.683837
76,208970,7.0,8,13,1,52988,91236,Male,Tier 3,Store,0,2026-03-05 14:19:15.683837
26,30634,6.0,10,9,17,107578,37527,Female,Tier 1,Store,0,2026-03-05 14:19:15.683837
76,141259,5.6,10,47,2,146507,49589,Male,Tier 1,Store,0,2026-03-05 14:19:15.683837
26,157037,5.6,3,49,15,68988,30055,Male,Tier 1,Store,0,2026-03-05 14:19:15.683837
63,173638,2.6,6,28,1,46547,116439,Male,Tier 2,Store,0,2026-03-05 14:19:15.683837
25,67196,6.0,2,46,8,108597,64556,Other,Tier 3,Store,0,2026-03-05 14:19:15.683837
68,113679,4.4,5,48,9,65594,7513,Other,Tier 3,Online,1,2026-03-05 14:19:15.683837
52,194357,5.8,2,48,4,71413,111693,Female,Tier 3,Store,0,2026-03-05 14:19:15.683837
35,145861,6.1,7,11,12,116523,119882,Other,Tier 3,Store,0,2026-03-05 14:19:15.683837
22,201571,5.0,5,32,6,147455,133783,Female,Tier 3,Store,0,2026-03-05 14:19:15.683837
31,34420,7.9,8,22,1,14062,21712,Female,Tier 2,Online,1,2026-03-05 14:19:15.683837
45,171308,3.9,6,13,9,130859,122236,Other,Tier 3,Store,0,2026-03-05 14:19:15.683837
47,21218,5.0,8,22,6,97256,80967,Female,Tier 3,Store,0,2026-03-05 14:19:15.683837
21,139283,5.3,9,48,4,100025,71739,Female,Tier 3,Store,0,2026-03-05 14:19:15.683837
56,195964,8.3,7,36,5,116654,66290,Female,Tier 2,Store,0,2026-03-05 14:19:15.683837
37,220103,6.1,1,21,8,122170,60494,Male,Tier 3,Store,0,2026-03-05 14:19:15.683837
42,245461,6.0,9,28,7,145150,100426,Male,Tier 1,Store,0,2026-03-05 14:19:15.683837
45,79057,7.7,9,35,17,46546,9089,Female,Tier 2,Online,1,2026-03-05 14:19:15.683837
29,93609,5.0,10,1,0,149374,143079,Other,Tier 1,Store,0,2026-03-05 14:19:15.683837
19,222979,7.8,2,19,14,2354,53809,Female,Tier 1,Store,0,2026-03-05 14:19:15.683837
60,229202,6.8,2,4,16,22256,3259,Female,Tier 3,Online,1,2026-03-05 14:19:15.683837
31,157298,8.5,7,26,17,36790,22193,Male,Tier 2,Hybrid,0,2026-03-05 14:19:15.683837
39,138108,5.2,5,2,19,101547,104626,Other,Tier 1,Store,0,2026-03-05 14:19:15.683837
48,198343,5.4,5,17,17,91038,77442,Male,Tier 3,Store,0,2026-03-05 14:19:15.683837
40,25046,6.3,1,12,4,106411,61650,Male,Tier 1,Store,0,2026-03-05 14:19:15.683837
65,132462,5.9,6,21,6,55584,28949,Male,Tier 3,Store,0,2026-03-05 14:19:15.683837
37,124345,7.5,8,12,4,51375,60042,Other,Tier 2,Store,0,2026-03-05 14:19:15.683837
78,52117,5.6,4,11,13,136807,17096,Female,Tier 3,Hybrid,0,2026-03-05 14:19:15.683837
55,144980,3.9,3,31,2,84179,11965,Other,Tier 3,Store,0,2026-03-05 14:19:15.683837
72,151037,8.7,10,35,12,84979,111760,Other,Tier 1,Store,0,2026-03-05 14:19:15.683837
21,205550,9.8,10,6,3,82167,135588,Other,Tier 2,Store,0,2026-03-05 14:19:15.683837
32,224944,2.9,1,5,16,144086,104068,Male,Tier 1,Store,0,2026-03-05 14:19:15.683837
41,203349,7.0,4,39,0,113284,28059,Male,Tier 3,Hybrid,0,2026-03-05 14:19:15.683837
42,231451,7.5,2,36,12,49693,101620,Female,Tier 1,Store,0,2026-03-05 14:19:15.683837
18,205685,6.5,5,5,7,116911,113949,Male,Tier 3,Store,0,2026-03-05 14:19:15.683837
24,32373,9.1,10,24,5,51597,70709,Male,Tier 2,Store,0,2026-03-05 14:19:15.683837
74,60452,3.3,1,26,13,130979,118357,Female,Tier 3,Store,0,2026-03-05 14:19:15.683837
48,196161,4.9,9,4,8,66180,81152,Female,Tier 3,Store,0,2026-03-05 14:19:15.683837
29,21654,6.2,9,18,11,93883,3450,Female,Tier 2,Online,1,2026-03-05 14:19:15.683837
59,177352,7.8,5,8,0,106940,27565,Male,Tier 1,Hybrid,0,2026-03-05 14:19:15.683837
22,202213,8.4,1,49,14,122234,115770,Male,Tier 3,Store,0,2026-03-05 14:19:15.683837
61,138319,3.6,3,39,6,7795,122482,Male,Tier 3,Store,0,2026-03-05 14:19:15.683837
67,120646,2.4,7,0,16,120871,55778,Female,Tier 2,Store,0,2026-03-05 14:19:15.683837
59,234015,7.6,5,45,11,135899,88268,Other,Tier 1,Store,0,2026-03-05 14:19:15.683837
55,213966,6.2,9,8,13,21691,104753,Other,Tier 2,Store,0,2026-03-05 14:19:15.683837
77,41583,6.3,4,38,12,110665,102815,Female,Tier 3,Store,0,2026-03-05 14:19:15.683837
29,109242,7.6,5,9,9,36205,78331,Male,Tier 1,Store,0,2026-03-05 14:19:15.683837
56,152432,4.4,3,48,12,29966,28302,Other,Tier 2,Store,0,2026-03-05 14:19:15.683837
35,68968,5.5,8,42,6,9733,83271,Female,Tier 3,Store,0,2026-03-05 14:19:15.683837
19,149815,7.0,3,48,12,107075,35281,Female,Tier 2,Store,0,2026-03-05 14:19:15.683837
27,153231,4.1,6,13,6,3430,35666,Other,Tier 2,Store,0,2026-03-05 14:19:15.683837
32,178223,4.9,7,45,2,15604,119048,Female,Tier 3,Store,0,2026-03-05 14:19:15.683837
47,146590,6.2,2,39,5,100257,57671,Other,Tier 2,Store,0,2026-03-05 14:19:15.683837
61,31652,7.0,7,24,13,123209,90047,Other,Tier 2,Store,0,2026-03-05 14:19:15.683837
75,224533,3.1,3,49,17,121177,125718,Other,Tier 2,Store,0,2026-03-05 14:19:15.683837
34,128114,7.3,3,18,15,25759,126154,Male,Tier 3,Store,0,2026-03-05 14:19:15.683837
21,217083,6.9,5,49,6,39377,67599,Male,Tier 3,Store,0,2026-03-05 14:19:15.683837
24,117489,4.3,4,16,4,97777,10305,Male,Tier 3,Hybrid,0,2026-03-05 14:19:15.683837
79,249537,10.5,10,17,17,12870,74427,Female,Tier 3,Store,0,2026-03-05 14:19:15.683837
58,188420,4.1,7,45,12,71188,144835,Female,Tier 1,Store,0,2026-03-05 14:19:15.683837
48,221494,7.5,3,39,3,5289,74164,Female,Tier 2,Store,0,2026-03-05 14:19:15.683837
68,92001,6.6,9,49,10,31372,52344,Female,Tier 3,Store,0,2026-03-05 14:19:15.683837
77,139269,5.2,1,8,16,72185,18744,Female,Tier 2,Store,0,2026-03-05 14:19:15.683837
76,91757,6.2,2,0,11,32675,49839,Other,Tier 2,Store,0,2026-03-05 14:19:15.683837
72,39395,7.1,9,5,4,52466,40887,Male,Tier 1,Store,0,2026-03-05 14:19:15.683837
56,148407,11.7,8,37,16,45648,68840,Female,Tier 3,Store,0,2026-03-05 14:19:15.683837
72,116978,3.1,7,37,4,32770,141904,Male,Tier 1,Store,0,2026-03-05 14:19:15.683837
51,216184,1.0,9,38,2,74687,120387,Female,Tier 1,Store,0,2026-03-05 14:19:15.683837
23,146572,4.0,5,16,12,60846,55559,Male,Tier 2,Store,0,2026-03-05 14:19:15.683837
67,139541,5.9,3,8,18,25369,41162,Female,Tier 1,Store,0,2026-03-05 14:19:15.683837
55,238283,7.3,2,10,12,71554,48611,Female,Tier 3,Store,0,2026-03-05 14:19:15.683837
62,23083,6.2,6,17,8,20963,104755,Other,Tier 2,Store,0,2026-03-05 14:19:15.683837
75,121598,5.7,2,44,15,105969,55768,Male,Tier 3,Store,0,2026-03-05 14:19:15.683837
68,227328,9.1,8,45,19,124035,3316,Female,Tier 3,Online,1,2026-03-05 14:19:15.683837
79,151615,4.4,5,36,14,11434,56500,Other,Tier 1,Store,0,2026-03-05 14:19:15.683837
51,214884,9.3,2,6,7,53580,52178,Other,Tier 3,Store,0,2026-03-05 14:19:15.683837
61,198309,7.2,6,34,15,37925,110878,Female,Tier 2,Store,0,2026-03-05 14:19:15.683837
32,111171,9.0,6,43,16,6323,147284,Other,Tier 1,Store,0,2026-03-05 14:19:15.683837
31,135423,4.1,8,6,17,131162,69989,Other,Tier 2,Store,0,2026-03-05 14:19:15.683837
23,235788,5.3,6,38,18,94052,97775,Female,Tier 1,Store,0,2026-03-05 14:19:15.683837
67,21613,3.1,3,10,10,96630,84563,Other,Tier 3,Store,0,2026-03-05 14:19:15.683837
54,125033,6.6,8,9,4,137681,21595,Female,Tier 1,Hybrid,0,2026-03-05 14:19:15.683837
67,212935,6.6,2,33,12,127562,80645,Male,Tier 1,Store,0,2026-03-05 14:19:15.683837
49,186612,10.0,9,23,14,113407,67904,Female,Tier 3,Store,0,2026-03-05 14:19:15.683837
20,91202,6.2,6,11,4,118833,129635,Male,Tier 1,Store,0,2026-03-05 14:19:15.683837
20,172327,3.0,1,8,14,115104,4915,Male,Tier 1,Hybrid,0,2026-03-05 14:19:15.683837
39,100666,7.9,4,21,5,91609,18098,Female,Tier 2,Hybrid,0,2026-03-05 14:19:15.683837
39,37068,4.2,1,37,8,12299,53489,Other,Tier 2,Store,0,2026-03-05 14:19:15.683837
27,64057,3.5,3,45,14,13067,144913,Male,Tier 2,Store,0,2026-03-05 14:19:15.683837
68,33946,7.4,10,31,11,30929,80055,Male,Tier 2,Store,0,2026-03-05 14:19:15.683837
20,166619,4.5,6,7,12,115396,791,Female,Tier 2,Online,1,2026-03-05 14:19:15.683837
78,100237,4.8,3,47,5,32215,127534,Other,Tier 2,Store,0,2026-03-05 14:19:15.683837
29,20769,8.8,5,20,6,35493,44422,Other,Tier 3,Store,0,2026-03-05 14:19:15.683837
46,170955,7.0,8,15,15,11339,93965,Female,Tier 3,Store,0,2026-03-05 14:19:15.683837
65,76340,7.2,8,32,18,41811,92694,Male,Tier 3,Store,0,2026-03-05 14:19:15.683837
34,94199,3.2,9,41,0,106955,146111,Other,Tier 3,Store,0,2026-03-05 14:19:15.683837
24,119222,7.4,4,24,17,54966,75383,Other,Tier 1,Store,0,2026-03-05 14:19:15.683837
30,248931,5.4,5,38,3,97264,132582,Other,Tier 3,Store,0,2026-03-05 14:19:15.683837
73,181234,5.1,4,5,8,37735,75327,Other,Tier 3,Store,0,2026-03-05 14:19:15.683837
19,234460,6.8,7,3,0,9376,75635,Female,Tier 1,Store,0,2026-03-05 14:19:15.683837
21,231996,6.0,9,22,12,146868,117532,Other,Tier 3,Store,0,2026-03-05 14:19:15.683837
27,48434,3.1,6,8,5,89864,124925,Other,Tier 1,Store,0,2026-03-05 14:19:15.683837
56,37102,7.9,2,35,19,139135,104780,Other,Tier 2,Store,0,2026-03-05 14:19:15.683837
41,36536,8.1,7,10,5,144619,96030,Male,Tier 3,Store,0,2026-03-05 14:19:15.683837
34,223963,4.8,3,34,1,2647,13531,Female,Tier 2,Store,0,2026-03-05 14:19:15.683837
69,213842,7.2,8,11,17,121695,21811,Male,Tier 1,Store,0,2026-03-05 14:19:15.683837
23,119639,7.8,3,34,6,45126,55678,Female,Tier 3,Store,0,2026-03-05 14:19:15.683837
36,196460,2.3,9,6,4,2950,64813,Other,Tier 1,Store,0,2026-03-05 14:19:15.683837
22,65775,5.0,1,28,15,1880,75677,Other,Tier 2,Store,0,2026-03-05 14:19:15.683837
49,46147,1.6,6,20,13,103157,80349,Other,Tier 1,Store,0,2026-03-05 14:19:15.683837
27,65526,7.3,10,2,13,13588,124818,Female,Tier 2,Store,0,2026-03-05 14:19:15.683837
26,169731,6.9,7,23,3,5875,137282,Male,Tier 1,Store,0,2026-03-05 14:19:15.683837
44,119663,4.7,3,29,13,128964,54387,Male,Tier 1,Store,0,2026-03-05 14:19:15.683837
30,228168,5.7,6,26,0,43921,65793,Other,Tier 3,Store,0,2026-03-05 14:19:15.683837
36,127180,5.3,10,28,0,44801,54782,Female,Tier 3,Store,0,2026-03-05 14:19:15.683837
38,139233,1.9,3,29,7,108823,17214,Other,Tier 3,Store,0,2026-03-05 14:19:15.683837
41,38088,8.6,9,35,0,65344,32515,Male,Tier 2,Online,1,2026-03-05 14:19:15.683837
55,83464,6.5,6,22,19,123693,102173,Other,Tier 2,Store,0,2026-03-05 14:19:15.683837
21,120921,5.7,8,36,5,51024,26958,Other,Tier 3,Store,0,2026-03-05 14:19:15.683837
41,74998,5.7,4,25,0,76107,126408,Female,Tier 3,Store,0,2026-03-05 14:19:15.683837
76,55382,7.4,8,49,8,134523,107686,Male,Tier 1,Store,0,2026-03-05 14:19:15.683837
52,43184,2.8,5,35,0,93112,124443,Female,Tier 3,Store,0,2026-03-05 14:19:15.683837
20,166171,4.2,8,27,17,127478,65107,Female,Tier 3,Store,0,2026-03-05 14:19:15.683837
21,215882,6.4,2,36,4,94265,145581,Male,Tier 3,Store,0,2026-03-05 14:19:15.683837
74,236578,8.2,3,3,18,83552,128456,Other,Tier 2,Store,0,2026-03-05 14:19:15.683837
54,237352,1.2,10,28,0,39538,13545,Female,Tier 1,Hybrid,0,2026-03-05 14:19:15.683837
57,52739,8.0,4,43,4,143620,1976,Other,Tier 3,Online,1,2026-03-05 14:19:15.683837
65,142937,4.6,1,13,11,116712,35970,Female,Tier 1,Store,0,2026-03-05 14:19:15.683837
71,154461,5.4,5,43,0,105033,95053,Male,Tier 3,Store,0,2026-03-05 14:19:15.683837
52,32352,6.1,3,44,5,21340,135626,Other,Tier 3,Store,0,2026-03-05 14:19:15.683837
48,141788,3.8,7,36,16,124629,46194,Other,Tier 2,Store,0,2026-03-05 14:19:15.683837
73,132843,3.5,2,32,7,58538,139983,Other,Tier 3,Store,0,2026-03-05 14:19:15.683837
61,167220,6.4,1,30,4,88761,37534,Female,Tier 3,Store,0,2026-03-05 14:19:15.683837
42,46828,9.8,2,13,2,8495,141888,Other,Tier 2,Store,0,2026-03-05 14:19:15.683837
57,83040,4.1,3,24,14,23758,99069,Male,Tier 1,Store,0,2026-03-05 14:19:15.683837
30,202867,4.1,10,8,7,127908,39852,Male,Tier 1,Store,0,2026-03-05 14:19:15.683837
21,204692,3.6,5,24,2,131905,117044,Other,Tier 3,Store,0,2026-03-05 14:19:15.683837
63,109279,5.5,6,40,15,70212,117337,Other,Tier 2,Store,0,2026-03-05 14:19:15.683837
31,109430,4.0,8,45,6,34752,149360,Female,Tier 2,Store,0,2026-03-05 14:19:15.683837
30,242603,4.1,4,24,16,120489,115855,Female,Tier 2,Store,0,2026-03-05 14:19:15.683837
44,203186,6.4,4,29,18,128115,28409,Other,Tier 3,Store,0,2026-03-05 14:19:15.683837
23,186783,3.1,2,19,2,49884,116065,Male,Tier 2,Store,0,2026-03-05 14:19:15.683837
34,130957,9.2,3,22,6,115080,37967,Female,Tier 3,Store,0,2026-03-05 14:19:15.683837
53,32748,3.6,3,0,18,117302,133152,Other,Tier 1,Store,0,2026-03-05 14:19:15.683837
57,103636,8.3,2,14,2,108381,5607,Male,Tier 1,Online,1,2026-03-05 14:19:15.683837
66,179763,9.9,1,20,17,108078,136912,Female,Tier 3,Store,0,2026-03-05 14:19:15.683837
52,130158,8.4,2,29,16,56180,132852,Female,Tier 1,Store,0,2026-03-05 14:19:15.683837
34,234589,8.1,5,10,10,21249,67728,Other,Tier 2,Store,0,2026-03-05 14:19:15.683837
58,211354,7.6,8,49,11,75633,8428,Other,Tier 3,Online,1,2026-03-05 14:19:15.683837
19,244316,6.4,5,25,13,23579,24831,Other,Tier 2,Hybrid,0,2026-03-05 14:19:15.683837
74,206432,8.4,3,29,3,11741,118825,Other,Tier 1,Store,0,2026-03-05 14:19:15.683837
30,25246,5.5,7,8,11,41212,129008,Female,Tier 2,Store,0,2026-03-05 14:19:15.683837
69,74395,7.7,4,4,11,90927,93051,Female,Tier 3,Store,0,2026-03-05 14:19:15.683837
19,178558,8.2,7,46,19,94503,25950,Other,Tier 1,Store,0,2026-03-05 14:19:15.683837
69,176412,7.0,8,46,9,24894,61819,Female,Tier 2,Store,0,2026-03-05 14:19:15.683837
45,230946,5.5,3,33,2,29443,28595,Other,Tier 2,Store,0,2026-03-05 14:19:15.683837
60,65300,7.0,10,32,4,78070,24790,Female,Tier 3,Hybrid,0,2026-03-05 14:19:15.683837
76,149158,5.3,1,33,19,27896,24717,Other,Tier 1,Store,0,2026-03-05 14:19:15.683837
43,237143,4.9,8,0,7,4827,25844,Female,Tier 2,Store,0,2026-03-05 14:19:15.683837
39,29860,7.6,6,14,10,94641,125135,Male,Tier 1,Store,0,2026-03-05 14:19:15.683837
64,32013,6.3,3,30,14,143979,64483,Female,Tier 3,Store,0,2026-03-05 14:19:15.683837
60,153479,7.6,9,11,9,141182,34962,Other,Tier 1,Store,0,2026-03-05 14:19:15.683837
72,48542,6.3,1,6,0,63432,108394,Male,Tier 2,Store,0,2026-03-05 14:19:15.683837
20,39935,7.0,8,44,10,121199,140637,Female,Tier 3,Store,0,2026-03-05 14:19:15.683837
52,64079,8.8,9,32,12,120325,12456,Female,Tier 1,Online,1,2026-03-05 14:19:15.683837
77,49111,5.7,10,41,8,145369,138365,Male,Tier 2,Store,0,2026-03-05 14:19:15.683837
75,71550,5.2,1,31,3,139931,28303,Female,Tier 3,Store,0,2026-03-05 14:19:15.683837
29,221769,6.9,9,4,14,50070,38655,Female,Tier 3,Store,0,2026-03-05 14:19:15.683837
41,235189,1.0,5,37,1,59308,63234,Male,Tier 3,Store,0,2026-03-05 14:19:15.683837
22,243885,7.4,5,4,8,40522,22341,Male,Tier 1,Store,0,2026-03-05 14:19:15.683837
37,233008,4.3,5,16,8,110082,79464,Female,Tier 1,Store,0,2026-03-05 14:19:15.683837
56,91955,9.4,1,6,10,113430,77489,Other,Tier 2,Store,0,2026-03-05 14:19:15.683837
56,55565,7.6,5,24,19,93247,76810,Female,Tier 1,Store,0,2026-03-05 14:19:15.683837
30,34283,7.8,10,24,10,33148,17789,Female,Tier 1,Online,1,2026-03-05 14:19:15.683837
58,81470,7.9,10,2,6,85914,54638,Other,Tier 3,Store,0,2026-03-05 14:19:15.683837
74,246362,5.1,6,35,14,143791,135588,Male,Tier 1,Store,0,2026-03-05 14:19:15.683837
70,101916,5.5,5,27,2,131025,126772,Female,Tier 3,Store,0,2026-03-05 14:19:15.683837
62,94552,2.6,6,22,16,46750,35581,Other,Tier 3,Store,0,2026-03-05 14:19:15.683837
29,53233,9.0,9,7,3,30258,69976,Female,Tier 2,Store,0,2026-03-05 14:19:15.683837
30,37695,3.4,7,30,19,116893,50224,Male,Tier 2,Store,0,2026-03-05 14:19:15.683837
73,236560,6.0,5,20,4,80533,112256,Male,Tier 1,Store,0,2026-03-05 14:19:15.683837
27,141440,8.5,10,44,19,64369,120452,Other,Tier 2,Store,0,2026-03-05 14:19:15.683837
50,188806,9.1,9,34,8,116868,101751,Other,Tier 3,Store,0,2026-03-05 14:19:15.683837
74,96257,5.5,5,40,4,91956,33217,Other,Tier 3,Hybrid,0,2026-03-05 14:19:15.683837
57,16505,2.6,5,40,13,115030,85976,Male,Tier 2,Store,0,2026-03-05 14:19:15.683837
71,151435,6.5,6,41,11,71341,40404,Male,Tier 1,Store,0,2026-03-05 14:19:15.683837
33,194780,6.7,8,49,17,95613,91573,Female,Tier 3,Store,0,2026-03-05 14:19:15.683837
62,58614,6.8,1,28,16,60628,84793,Male,Tier 3,Store,0,2026-03-05 14:19:15.683837
52,16010,5.4,9,2,16,45505,76960,Female,Tier 3,Store,0,2026-03-05 14:19:15.683837
20,145560,5.7,8,43,16,135401,77938,Other,Tier 1,Store,0,2026-03-05 14:19:15.683837
73,165933,4.6,7,24,5,81913,95189,Female,Tier 3,Store,0,2026-03-05 14:19:15.683837
22,170197,6.3,5,1,13,105765,64464,Male,Tier 2,Store,0,2026-03-05 14:19:15.683837
43,155441,7.6,1,43,9,15759,138430,Male,Tier 1,Store,0,2026-03-05 14:19:15.683837
28,84393,6.5,7,40,9,43112,139901,Male,Tier 3,Store,0,2026-03-05 14:19:15.683837
79,172743,5.9,9,33,11,110313,93399,Other,Tier 2,Store,0,2026-03-05 14:19:15.683837
24,221472,8.2,3,14,4,88499,148550,Male,Tier 2,Store,0,2026-03-05 14:19:15.683837
70,79512,6.5,8,38,12,55937,31531,Other,Tier 2,Store,0,2026-03-05 14:19:15.683837
73,113026,6.1,3,38,0,4152,43829,Female,Tier 1,Store,0,2026-03-05 14:19:15.683837
27,90656,6.2,3,39,8,123114,134384,Male,Tier 1,Store,0,2026-03-05 14:19:15.683837
59,231831,3.6,7,46,3,35309,86528,Male,Tier 1,Store,0,2026-03-05 14:19:15.683837
69,112686,3.8,6,11,4,73554,113554,Male,Tier 3,Store,0,2026-03-05 14:19:15.683837
51,190210,5.8,5,23,12,113300,51739,Male,Tier 3,Store,0,2026-03-05 14:19:15.683837
20,199492,4.5,7,5,19,68583,55939,Female,Tier 1,Store,0,2026-03-05 14:19:15.683837
25,214161,5.9,9,5,15,61993,97088,Female,Tier 3,Store,0,2026-03-05 14:19:15.683837
48,30489,7.7,1,47,5,131113,117608,Male,Tier 2,Store,0,2026-03-05 14:19:15.683837
28,74789,7.4,10,36,0,45272,73378,Male,Tier 2,Store,0,2026-03-05 14:19:15.683837
62,84925,6.8,1,25,3,114312,112610,Male,Tier 1,Store,0,2026-03-05 14:19:15.683837
24,64703,7.7,5,2,9,68390,102510,Female,Tier 3,Store,0,2026-03-05 14:19:15.683837
62,233558,8.1,8,31,2,140530,21593,Female,Tier 3,Online,1,2026-03-05 14:19:15.683837
19,91625,8.0,7,45,2,35760,82426,Male,Tier 3,Store,0,2026-03-05 14:19:15.683837
23,122535,7.9,7,17,11,26120,135684,Female,Tier 1,Store,0,2026-03-05 14:19:15.683837
58,204300,3.6,3,27,7,114910,65502,Other,Tier 2,Store,0,2026-03-05 14:19:15.683837
49,18051,2.2,9,32,4,125810,144772,Female,Tier 2,Store,0,2026-03-05 14:19:15.683837
37,184162,4.4,5,16,1,125343,89028,Other,Tier 3,Store,0,2026-03-05 14:19:15.683837
74,43805,5.1,10,31,19,66252,30569,Female,Tier 3,Hybrid,0,2026-03-05 14:19:15.683837
51,109978,7.9,3,11,13,24086,119756,Other,Tier 1,Store,0,2026-03-05 14:19:15.683837
67,59557,5.8,6,36,5,70410,145629,Male,Tier 3,Store,0,2026-03-05 14:19:15.683837
33,148627,5.0,8,20,0,141795,148284,Male,Tier 3,Store,0,2026-03-05 14:19:15.683837
42,65241,6.3,8,1,16,8675,83118,Female,Tier 1,Store,0,2026-03-05 14:19:15.683837
29,224375,7.1,4,25,0,89642,147885,Other,Tier 3,Store,0,2026-03-05 14:19:15.683837
24,142838,7.6,4,38,11,39563,5942,Female,Tier 3,Online,1,2026-03-05 14:19:15.683837
56,80994,5.2,9,16,11,144493,89332,Other,Tier 1,Store,0,2026-03-05 14:19:15.683837
34,129005,4.1,10,35,14,102457,51707,Male,Tier 2,Store,0,2026-03-05 14:19:15.683837
62,31066,4.4,2,33,2,48872,39185,Other,Tier 1,Store,0,2026-03-05 14:19:15.683837
28,150793,6.2,9,18,13,136279,142038,Male,Tier 2,Store,0,2026-03-05 14:19:15.683837
23,92982,3.9,8,31,0,84693,8910,Other,Tier 1,Online,1,2026-03-05 14:19:15.683837
78,21304,7.9,3,49,13,149851,8106,Other,Tier 3,Online,1,2026-03-05 14:19:15.683837
40,57967,3.9,2,21,13,91651,88000,Male,Tier 2,Store,0,2026-03-05 14:19:15.683837
44,246296,2.9,2,49,5,101494,18579,Female,Tier 1,Store,0,2026-03-05 14:19:15.683837
63,93763,6.3,1,44,12,73825,143670,Female,Tier 1,Store,0,2026-03-05 14:19:15.683837
23,55462,5.4,10,38,4,97547,77879,Female,Tier 1,Store,0,2026-03-05 14:19:15.683837
55,135356,6.9,9,17,11,51165,128351,Female,Tier 3,Store,0,2026-03-05 14:19:15.683837
19,86834,5.0,1,23,2,92039,26826,Male,Tier 3,Store,0,2026-03-05 14:19:15.683837
39,126023,6.8,2,0,1,134037,141386,Male,Tier 1,Store,0,2026-03-05 14:19:15.683837
37,249522,8.0,7,40,0,103073,134514,Female,Tier 2,Store,0,2026-03-05 14:19:15.683837
42,196227,4.8,5,1,17,124347,92441,Female,Tier 1,Store,0,2026-03-05 14:19:15.683837
32,132771,7.0,1,39,14,94412,32744,Other,Tier 2,Store,0,2026-03-05 14:19:15.683837
77,90842,9.6,4,23,15,84583,38155,Male,Tier 1,Store,0,2026-03-05 14:19:15.683837
66,17589,7.5,6,39,4,77209,125255,Female,Tier 3,Store,0,2026-03-05 14:19:15.683837
46,140023,4.4,8,1,15,99980,63949,Other,Tier 2,Store,0,2026-03-05 14:19:15.683837
25,183150,6.7,2,26,11,56511,84453,Male,Tier 3,Store,0,2026-03-05 14:19:15.683837
54,246617,3.4,10,1,15,74218,67179,Other,Tier 1,Store,0,2026-03-05 14:19:15.683837
66,69918,3.7,3,22,10,31941,102106,Other,Tier 3,Store,0,2026-03-05 14:19:15.683837
69,159673,9.0,7,32,7,141204,76712,Male,Tier 1,Store,0,2026-03-05 14:19:15.683837
50,22711,6.8,1,33,2,41754,93434,Other,Tier 3,Store,0,2026-03-05 14:19:15.683837
39,232972,9.1,7,31,15,81287,70523,Other,Tier 3,Store,0,2026-03-05 14:19:15.683837
67,74430,6.9,1,2,6,129884,106635,Other,Tier 3,Store,0,2026-03-05 14:19:15.683837
64,209399,4.9,8,26,1,89829,25290,Female,Tier 2,Online,1,2026-03-05 14:19:15.683837
22,245314,6.1,6,11,18,72069,59717,Female,Tier 1,Store,0,2026-03-05 14:19:15.683837
56,241218,6.5,10,7,2,103684,145056,Other,Tier 1,Store,0,2026-03-05 14:19:15.683837
35,117605,10.4,7,19,10,84531,57350,Female,Tier 2,Store,0,2026-03-05 14:19:15.683837
55,18970,7.4,2,16,8,41944,14205,Female,Tier 2,Online,1,2026-03-05 14:19:15.683837
71,84535,4.5,6,44,10,39112,1533,Female,Tier 2,Online,1,2026-03-05 14:19:15.683837
70,101570,5.6,5,32,0,65818,67387,Female,Tier 1,Store,0,2026-03-05 14:19:15.683837
54,136315,6.9,3,10,0,30450,42655,Male,Tier 2,Store,0,2026-03-05 14:19:15.683837
47,182248,3.8,9,8,11,82368,86189,Other,Tier 2,Store,0,2026-03-05 14:19:15.683837
68,127111,6.0,5,33,9,71395,24834,Other,Tier 2,Store,0,2026-03-05 14:19:15.683837
48,56730,5.6,8,43,11,119260,2037,Female,Tier 3,Online,1,2026-03-05 14:19:15.683837
27,228240,7.0,4,42,13,16357,39324,Female,Tier 1,Store,0,2026-03-05 14:19:15.683837
32,159457,5.8,6,6,10,65520,97571,Male,Tier 1,Store,0,2026-03-05 14:19:15.683837
59,138252,3.2,4,15,3,104280,20252,Male,Tier 3,Store,0,2026-03-05 14:19:15.683837
76,152022,5.9,4,26,9,10569,131558,Female,Tier 1,Store,0,2026-03-05 14:19:15.683837
65,247302,7.5,9,14,16,11224,139762,Male,Tier 3,Store,0,2026-03-05 14:19:15.683837
61,219583,8.9,5,23,0,52365,75115,Male,Tier 3,Store,0,2026-03-05 14:19:15.683837
35,199081,7.9,1,36,5,35069,90248,Female,Tier 2,Store,0,2026-03-05 14:19:15.683837
40,232922,2.8,7,48,4,22433,61277,Male,Tier 2,Store,0,2026-03-05 14:19:15.683837
50,169470,3.3,3,39,17,74374,6786,Other,Tier 2,Store,0,2026-03-05 14:19:15.683837
33,171349,3.9,3,18,17,76008,89512,Male,Tier 1,Store,0,2026-03-05 14:19:15.683837
71,172833,9.0,6,22,3,99947,105253,Male,Tier 3,Store,0,2026-03-05 14:19:15.683837
55,210507,7.0,3,38,17,107269,74969,Other,Tier 3,Store,0,2026-03-05 14:19:15.683837
52,78944,11.3,1,30,19,131067,41181,Male,Tier 3,Store,0,2026-03-05 14:19:15.683837
51,177605,8.6,6,29,19,77585,63571,Female,Tier 1,Store,0,2026-03-05 14:19:15.683837
45,218574,6.2,7,6,15,98043,48005,Male,Tier 2,Store,0,2026-03-05 14:19:15.683837
19,122437,5.1,5,44,14,29335,102244,Female,Tier 3,Store,0,2026-03-05 14:19:15.683837
47,141794,6.7,1,49,12,116878,93581,Other,Tier 2,Store,0,2026-03-05 14:19:15.683837
30,87123,7.7,2,49,2,136304,79576,Female,Tier 3,Store,0,2026-03-05 14:19:15.683837
58,37880,8.4,2,2,17,860,20285,Other,Tier 1,Store,0,2026-03-05 14:19:15.683837
33,216699,5.4,10,37,0,123719,66885,Male,Tier 3,Store,0,2026-03-05 14:19:15.683837
76,187825,10.4,8,47,4,142021,72749,Male,Tier 3,Store,0,2026-03-05 14:19:15.683837
22,242738,5.9,8,29,3,88858,129586,Other,Tier 2,Store,0,2026-03-05 14:19:15.683837
72,228669,8.4,8,9,8,108393,105704,Female,Tier 3,Store,0,2026-03-05 14:19:15.683837
45,102829,6.7,2,33,0,32703,125485,Male,Tier 3,Store,0,2026-03-05 14:19:15.683837
70,147633,5.3,5,12,9,67041,82090,Female,Tier 3,Store,0,2026-03-05 14:19:15.683837
56,68205,2.1,5,38,11,76574,146468,Male,Tier 2,Store,0,2026-03-05 14:19:15.683837
62,121948,3.5,4,12,11,124966,1799,Male,Tier 3,Online,1,2026-03-05 14:19:15.683837
37,74810,8.4,8,24,14,9497,41323,Other,Tier 3,Store,0,2026-03-05 14:19:15.683837
41,128089,7.5,8,40,19,94779,61140,Other,Tier 2,Store,0,2026-03-05 14:19:15.683837
78,79482,7.2,9,33,1,138134,71119,Female,Tier 2,Store,0,2026-03-05 14:19:15.683837
44,84192,9.1,4,39,14,40531,53513,Other,Tier 2,Store,0,2026-03-05 14:19:15.683837
47,102154,4.0,1,39,2,33951,131561,Other,Tier 1,Store,0,2026-03-05 14:19:15.683837
75,101066,5.1,9,39,9,115195,75030,Other,Tier 1,Store,0,2026-03-05 14:19:15.683837
62,233480,5.2,1,33,1,43067,70860,Male,Tier 2,Store,0,2026-03-05 14:19:15.683837
44,174402,3.3,4,14,7,30324,58181,Female,Tier 2,Store,0,2026-03-05 14:19:15.683837
43,162211,4.4,10,2,0,8595,85607,Male,Tier 1,Store,0,2026-03-05 14:19:15.683837
24,143514,3.9,1,45,14,102397,4656,Other,Tier 3,Store,0,2026-03-05 14:19:15.683837
59,47977,2.9,3,21,3,85347,144802,Other,Tier 1,Store,0,2026-03-05 14:19:15.683837
64,19983,4.2,3,33,2,147671,145246,Female,Tier 2,Store,0,2026-03-05 14:19:15.683837
70,185981,5.9,7,4,12,40905,44797,Other,Tier 2,Store,0,2026-03-05 14:19:15.683837
76,210552,9.6,3,40,9,87408,25106,Male,Tier 3,Online,1,2026-03-05 14:19:15.683837
55,64029,4.0,6,21,1,41342,142086,Male,Tier 1,Store,0,2026-03-05 14:19:15.683837
22,167401,8.1,10,28,18,14242,138555,Male,Tier 2,Store,0,2026-03-05 14:19:15.683837
40,137668,6.4,4,7,18,99555,131899,Female,Tier 1,Store,0,2026-03-05 14:19:15.683837
45,182806,6.9,6,33,13,75548,73067,Other,Tier 3,Store,0,2026-03-05 14:19:15.683837
51,57837,6.3,9,3,8,100227,65511,Female,Tier 3,Store,0,2026-03-05 14:19:15.683837
70,220426,2.3,7,24,18,102417,70836,Male,Tier 3,Store,0,2026-03-05 14:19:15.683837
32,222526,3.9,1,49,19,22975,140197,Male,Tier 1,Store,0,2026-03-05 14:19:15.683837
49,132512,7.1,8,22,16,23778,117193,Other,Tier 2,Store,0,2026-03-05 14:19:15.683837
43,81786,6.1,4,24,4,86960,31920,Female,Tier 2,Store,0,2026-03-05 14:19:15.683837
65,19758,2.7,8,33,1,55844,45780,Male,Tier 3,Store,0,2026-03-05 14:19:15.683837
48,117667,5.6,3,43,6,123213,94219,Male,Tier 3,Store,0,2026-03-05 14:19:15.683837
36,213771,7.2,10,5,1,95181,24614,Male,Tier 2,Online,1,2026-03-05 14:19:15.683837
26,123119,3.5,5,33,11,69439,27874,Female,Tier 2,Hybrid,0,2026-03-05 14:19:15.683837
46,115157,5.2,3,20,13,101149,132254,Male,Tier 1,Store,0,2026-03-05 14:19:15.683837
71,97673,9.0,3,43,6,135730,72422,Other,Tier 3,Store,0,2026-03-05 14:19:15.683837
78,112639,7.2,3,29,13,118610,59103,Other,Tier 1,Store,0,2026-03-05 14:19:15.683837
75,167904,9.2,4,2,11,16397,112244,Female,Tier 2,Store,0,2026-03-05 14:19:15.683837
68,147940,5.2,3,14,15,71577,144323,Other,Tier 3,Store,0,2026-03-05 14:19:15.683837
56,129869,8.2,2,20,13,126905,12695,Other,Tier 2,Online,1,2026-03-05 14:19:15.683837
21,196737,3.9,6,18,3,78901,57523,Male,Tier 2,Store,0,2026-03-05 14:19:15.683837
79,187934,7.7,1,18,13,116558,69411,Female,Tier 2,Store,0,2026-03-05 14:19:15.683837
20,34728,4.6,5,48,0,44453,11150,Male,Tier 3,Online,1,2026-03-05 14:19:15.683837
73,118542,6.9,6,45,9,45309,85061,Male,Tier 1,Store,0,2026-03-05 14:19:15.683837
46,108565,7.0,1,33,2,65468,107327,Female,Tier 2,Store,0,2026-03-05 14:19:15.683837
69,185929,7.4,1,13,14,87031,94521,Male,Tier 3,Store,0,2026-03-05 14:19:15.683837
28,174255,4.0,7,3,12,75635,117678,Other,Tier 2,Store,0,2026-03-05 14:19:15.683837
50,234393,6.6,6,30,7,119130,32372,Female,Tier 2,Online,1,2026-03-05 14:19:15.683837
55,165012,6.1,9,45,1,108366,142580,Male,Tier 1,Store,0,2026-03-05 14:19:15.683837
75,140019,8.5,4,10,19,143236,25231,Female,Tier 1,Store,0,2026-03-05 14:19:15.683837
28,151352,4.7,3,43,8,109666,63015,Other,Tier 1,Store,0,2026-03-05 14:19:15.683837
44,117548,3.4,6,44,10,144377,132361,Female,Tier 1,Store,0,2026-03-05 14:19:15.683837
50,148236,2.7,8,10,1,104656,8568,Male,Tier 1,Online,1,2026-03-05 14:19:15.683837
38,136289,5.4,5,48,7,15594,49091,Other,Tier 3,Store,0,2026-03-05 14:19:15.683837
56,238796,5.1,3,3,8,124417,109311,Male,Tier 2,Store,0,2026-03-05 14:19:15.683837
48,144068,5.4,3,15,11,57215,105370,Other,Tier 3,Store,0,2026-03-05 14:19:15.683837
55,94624,5.4,1,37,18,123451,84776,Other,Tier 3,Store,0,2026-03-05 14:19:15.683837
63,164477,8.8,6,5,14,105273,10397,Other,Tier 1,Store,0,2026-03-05 14:19:15.683837
19,17821,5.7,10,17,3,52970,30773,Other,Tier 1,Store,0,2026-03-05 14:19:15.683837
44,70090,8.3,7,24,9,68932,116672,Female,Tier 2,Store,0,2026-03-05 14:19:15.683837
53,168588,6.8,9,23,12,24938,130239,Male,Tier 2,Store,0,2026-03-05 14:19:15.683837
28,156545,4.2,6,38,7,132576,116770,Other,Tier 3,Store,0,2026-03-05 14:19:15.683837
64,61454,6.0,8,46,10,105514,30779,Female,Tier 3,Store,0,2026-03-05 14:19:15.683837
35,188602,9.1,6,8,4,3668,84108,Male,Tier 3,Store,0,2026-03-05 14:19:15.683837
76,119273,8.0,2,36,14,62606,74669,Male,Tier 1,Store,0,2026-03-05 14:19:15.683837
18,223786,8.4,3,33,0,32177,88383,Other,Tier 1,Store,0,2026-03-05 14:19:15.683837
52,119472,7.0,1,33,16,35839,59041,Female,Tier 1,Store,0,2026-03-05 14:19:15.683837
52,238626,5.0,5,39,11,78296,76613,Male,Tier 1,Store,0,2026-03-05 14:19:15.683837
48,228705,9.3,6,39,3,52706,122907,Other,Tier 2,Store,0,2026-03-05 14:19:15.683837
45,225704,7.1,6,36,6,34934,98395,Other,Tier 3,Store,0,2026-03-05 14:19:15.683837
56,215153,7.9,2,27,10,42231,130935,Other,Tier 3,Store,0,2026-03-05 14:19:15.683837
18,170870,6.2,1,49,11,22274,72731,Other,Tier 3,Store,0,2026-03-05 14:19:15.683837
42,146935,3.9,7,47,15,40655,129360,Female,Tier 3,Store,0,2026-03-05 14:19:15.683837
60,31148,6.8,4,10,17,115746,116725,Female,Tier 1,Store,0,2026-03-05 14:19:15.683837
55,101545,9.4,9,13,13,65675,133348,Female,Tier 3,Store,0,2026-03-05 14:19:15.683837
37,69459,7.6,8,25,14,68025,110335,Male,Tier 2,Store,0,2026-03-05 14:19:15.683837
20,229417,7.1,6,7,16,99024,115872,Male,Tier 3,Store,0,2026-03-05 14:19:15.683837
68,99224,4.3,10,27,1,100227,18524,Male,Tier 2,Online,1,2026-03-05 14:19:15.683837
19,81189,9.0,3,19,2,126784,20614,Female,Tier 1,Online,1,2026-03-05 14:19:15.683837
35,154201,8.7,8,24,4,65982,17506,Other,Tier 2,Online,1,2026-03-05 14:19:15.683837
79,106954,2.4,10,9,0,91861,107270,Female,Tier 2,Store,0,2026-03-05 14:19:15.683837
61,38118,7.9,1,10,9,95276,82125,Other,Tier 1,Store,0,2026-03-05 14:19:15.683837
78,146515,5.5,9,25,14,99034,129864,Male,Tier 1,Store,0,2026-03-05 14:19:15.683837
27,173113,6.6,10,22,9,111281,86471,Other,Tier 2,Store,0,2026-03-05 14:19:15.683837
22,104379,4.4,9,18,3,10897,65303,Other,Tier 3,Store,0,2026-03-05 14:19:15.683837
26,36053,6.2,10,17,12,26626,43437,Male,Tier 2,Store,0,2026-03-05 14:19:15.683837
19,111384,3.8,8,49,15,55015,136406,Other,Tier 3,Store,0,2026-03-05 14:19:15.683837
51,249482,4.4,10,18,9,111109,45149,Other,Tier 2,Store,0,2026-03-05 14:19:15.683837
77,183276,7.0,4,38,1,23952,69503,Female,Tier 3,Store,0,2026-03-05 14:19:15.683837
55,132545,4.5,9,39,7,89901,91539,Female,Tier 1,Store,0,2026-03-05 14:19:15.683837
78,188312,6.9,9,14,13,50384,89776,Male,Tier 3,Store,0,2026-03-05 14:19:15.683837
48,247415,6.2,10,15,4,12880,82619,Other,Tier 1,Store,0,2026-03-05 14:19:15.683837
27,141675,10.8,5,19,17,104505,131906,Male,Tier 1,Store,0,2026-03-05 14:19:15.683837
67,108749,4.7,6,18,7,139481,93468,Other,Tier 2,Store,0,2026-03-05 14:19:15.683837
29,207174,5.3,7,10,11,29515,94809,Other,Tier 3,Store,0,2026-03-05 14:19:15.683837
53,154363,4.6,9,6,17,35832,26563,Female,Tier 1,Store,0,2026-03-05 14:19:15.683837
71,31285,8.9,7,18,12,128476,22882,Female,Tier 2,Store,0,2026-03-05 14:19:15.683837
38,238494,6.2,1,23,4,4030,61658,Other,Tier 2,Store,0,2026-03-05 14:19:15.683837
66,76589,5.7,9,30,10,27702,100897,Female,Tier 1,Store,0,2026-03-05 14:19:15.683837
64,28944,7.5,6,47,2,30672,131148,Female,Tier 1,Store,0,2026-03-05 14:19:15.683837
23,116041,4.3,2,7,15,123509,14257,Female,Tier 2,Store,0,2026-03-05 14:19:15.683837
65,103876,3.3,10,49,7,5200,101987,Other,Tier 2,Store,0,2026-03-05 14:19:15.683837
66,110561,6.6,9,23,16,86552,136852,Female,Tier 2,Store,0,2026-03-05 14:19:15.683837
20,69391,6.3,1,7,5,123420,22609,Female,Tier 1,Store,0,2026-03-05 14:19:15.683837
27,16607,4.5,5,12,12,9751,95404,Female,Tier 2,Store,0,2026-03-05 14:19:15.683837
22,17953,6.7,9,9,16,85697,87775,Male,Tier 2,Store,0,2026-03-05 14:19:15.683837
63,59941,9.7,1,18,2,56682,9109,Male,Tier 1,Online,1,2026-03-05 14:19:15.683837
43,217541,6.9,2,49,12,5198,18714,Female,Tier 3,Store,0,2026-03-05 14:19:15.683837
78,222994,2.0,7,22,7,3334,24813,Other,Tier 2,Store,0,2026-03-05 14:19:15.683837
38,76683,8.8,10,41,7,31974,148808,Female,Tier 2,Store,0,2026-03-05 14:19:15.683837
62,216290,10.0,2,32,18,37696,54449,Male,Tier 2,Store,0,2026-03-05 14:19:15.683837
43,124588,7.1,9,29,9,52624,1963,Other,Tier 3,Online,1,2026-03-05 14:19:15.683837
55,137080,6.3,9,29,14,41446,38882,Female,Tier 2,Store,0,2026-03-05 14:19:15.683837
61,26154,2.9,10,28,6,45819,79768,Other,Tier 1,Store,0,2026-03-05 14:19:15.683837
43,140542,4.3,8,36,17,4784,122027,Male,Tier 1,Store,0,2026-03-05 14:19:15.683837
25,155119,5.4,2,34,0,148651,82458,Male,Tier 2,Store,0,2026-03-05 14:19:15.683837
22,103529,4.5,10,8,12,123501,55762,Other,Tier 2,Store,0,2026-03-05 14:19:15.683837
79,221946,5.0,3,7,16,58817,92876,Female,Tier 1,Store,0,2026-03-05 14:19:15.683837
32,29323,6.2,3,47,18,54394,22325,Male,Tier 2,Store,0,2026-03-05 14:19:15.683837
76,52693,4.6,8,24,1,96183,119126,Female,Tier 3,Store,0,2026-03-05 14:19:15.683837
33,204802,9.0,8,41,7,117860,95331,Male,Tier 2,Store,0,2026-03-05 14:19:15.683837
18,104170,6.1,6,45,10,4488,93275,Other,Tier 1,Store,0,2026-03-05 14:19:15.683837
33,172364,7.0,7,36,11,31776,77817,Male,Tier 2,Store,0,2026-03-05 14:19:15.683837
54,60111,7.0,1,37,2,7295,146781,Other,Tier 3,Store,0,2026-03-05 14:19:15.683837
20,221525,6.8,8,7,4,114046,54849,Female,Tier 1,Store,0,2026-03-05 14:19:15.683837
69,221753,6.1,7,25,11,30936,111462,Female,Tier 2,Store,0,2026-03-05 14:19:15.683837
64,241325,8.0,5,10,0,39965,124823,Male,Tier 3,Store,0,2026-03-05 14:19:15.683837
48,54491,8.4,5,39,10,94709,41777,Female,Tier 2,Store,0,2026-03-05 14:19:15.683837
30,64336,1.9,2,22,2,43862,18783,Female,Tier 3,Store,0,2026-03-05 14:19:15.683837
73,31905,3.1,1,31,19,16550,92261,Male,Tier 1,Store,0,2026-03-05 14:19:15.683837
33,45273,4.9,9,44,9,138003,45194,Female,Tier 2,Store,0,2026-03-05 14:19:15.683837
72,140191,3.8,10,0,12,76989,98115,Other,Tier 1,Store,0,2026-03-05 14:19:15.683837
60,130936,4.5,3,48,18,16895,35916,Male,Tier 3,Store,0,2026-03-05 14:19:15.683837
38,172306,5.1,5,47,12,136034,24670,Other,Tier 3,Store,0,2026-03-05 14:19:15.683837
19,224957,5.5,8,8,19,21280,121798,Other,Tier 2,Store,0,2026-03-05 14:19:15.683837
71,81538,3.0,7,39,13,43988,81053,Male,Tier 3,Store,0,2026-03-05 14:19:15.683837
44,119570,5.2,7,27,9,25044,149683,Other,Tier 3,Store,0,2026-03-05 14:19:15.683837
55,178645,8.8,10,32,16,36921,127116,Male,Tier 3,Store,0,2026-03-05 14:19:15.683837
43,108339,5.5,10,31,5,92947,3950,Other,Tier 1,Online,1,2026-03-05 14:19:15.683837
75,136132,7.2,10,7,4,71798,17284,Male,Tier 2,Online,1,2026-03-05 14:19:15.683837
79,210392,5.9,4,36,13,60952,89677,Other,Tier 3,Store,0,2026-03-05 14:19:15.683837
76,143993,6.2,10,17,13,19553,104441,Other,Tier 1,Store,0,2026-03-05 14:19:15.683837
55,26330,5.8,4,6,4,30531,67454,Female,Tier 1,Store,0,2026-03-05 14:19:15.683837
63,238112,7.5,10,17,19,112375,101184,Male,Tier 3,Store,0,2026-03-05 14:19:15.683837
42,226588,4.4,6,47,10,103920,56835,Other,Tier 2,Store,0,2026-03-05 14:19:15.683837
28,87553,6.3,10,11,4,131307,120137,Male,Tier 2,Store,0,2026-03-05 14:19:15.683837
25,187425,4.8,4,3,18,80286,30039,Male,Tier 2,Store,0,2026-03-05 14:19:15.683837
25,162083,7.3,7,12,14,52510,109523,Other,Tier 2,Store,0,2026-03-05 14:19:15.683837
50,98537,3.8,2,10,16,51670,36918,Male,Tier 3,Store,0,2026-03-05 14:19:15.683837
70,75985,7.3,7,15,16,139809,26510,Male,Tier 3,Hybrid,0,2026-03-05 14:19:15.683837
24,32044,6.4,3,43,2,132502,2627,Other,Tier 1,Online,1,2026-03-05 14:19:15.683837
55,184364,3.5,8,13,18,145387,57833,Male,Tier 2,Store,0,2026-03-05 14:19:15.683837
38,137304,9.5,5,15,4,97154,32214,Female,Tier 1,Store,0,2026-03-05 14:19:15.683837
25,151322,7.1,9,21,7,87910,120261,Other,Tier 1,Store,0,2026-03-05 14:19:15.683837
68,38289,3.8,4,17,0,108778,118679,Female,Tier 2,Store,0,2026-03-05 14:19:15.683837
71,48087,6.3,5,39,13,46403,100038,Female,Tier 1,Store,0,2026-03-05 14:19:15.683837
38,90952,2.7,1,24,9,141752,49242,Male,Tier 2,Store,0,2026-03-05 14:19:15.683837
73,236767,2.6,3,34,7,100591,98376,Male,Tier 1,Store,0,2026-03-05 14:19:15.683837
37,51368,8.4,4,6,0,36481,24345,Other,Tier 2,Store,0,2026-03-05 14:19:15.683837
25,135648,3.6,9,19,4,90058,84635,Other,Tier 2,Store,0,2026-03-05 14:19:15.683837
75,85815,7.6,8,26,18,55543,133776,Female,Tier 2,Store,0,2026-03-05 14:19:15.683837
63,105693,8.3,2,28,6,90982,61584,Other,Tier 1,Store,0,2026-03-05 14:19:15.683837
48,207112,4.0,6,9,4,106362,147539,Other,Tier 1,Store,0,2026-03-05 14:19:15.683837
67,73900,10.2,4,10,1,9334,17688,Male,Tier 2,Online,1,2026-03-05 14:19:15.683837
74,30494,6.2,5,19,14,16915,37602,Male,Tier 3,Store,0,2026-03-05 14:19:15.683837
46,131486,6.1,10,32,0,61623,21826,Female,Tier 2,Online,1,2026-03-05 14:19:15.683837
65,191238,4.0,9,42,9,92126,131789,Other,Tier 2,Store,0,2026-03-05 14:19:15.683837
26,237182,4.0,4,36,5,64389,124593,Female,Tier 2,Store,0,2026-03-05 14:19:15.683837
32,171405,1.6,5,12,5,95185,28944,Male,Tier 3,Store,0,2026-03-05 14:19:15.683837
47,48050,4.4,7,15,13,27622,110775,Other,Tier 1,Store,0,2026-03-05 14:19:15.683837
43,112799,8.3,7,10,7,13470,94293,Female,Tier 3,Store,0,2026-03-05 14:19:15.683837
27,146016,4.0,6,4,17,49091,89941,Male,Tier 1,Store,0,2026-03-05 14:19:15.683837
46,244147,4.1,3,37,4,57191,104923,Female,Tier 2,Store,0,2026-03-05 14:19:15.683837
71,225638,3.4,1,2,13,104849,59832,Male,Tier 3,Store,0,2026-03-05 14:19:15.683837
33,103257,3.3,9,1,9,63346,20391,Male,Tier 2,Store,0,2026-03-05 14:19:15.683837
53,63070,7.8,6,37,8,133020,61206,Female,Tier 3,Store,0,2026-03-05 14:19:15.683837
37,20166,3.6,3,9,2,118682,113891,Female,Tier 1,Store,0,2026-03-05 14:19:15.683837
62,153193,5.7,1,5,5,126936,100402,Other,Tier 2,Store,0,2026-03-05 14:19:15.683837
71,160749,5.3,6,20,6,57917,57120,Male,Tier 2,Store,0,2026-03-05 14:19:15.683837
54,202633,7.9,3,30,18,80524,107060,Male,Tier 1,Store,0,2026-03-05 14:19:15.683837
39,242849,4.3,1,33,14,77182,143852,Female,Tier 2,Store,0,2026-03-05 14:19:15.683837
24,227981,5.1,5,48,1,75119,39895,Female,Tier 1,Store,0,2026-03-05 14:19:15.683837
40,102409,3.8,1,31,13,95113,66599,Female,Tier 2,Store,0,2026-03-05 14:19:15.683837
58,52664,4.7,3,28,13,30343,49712,Other,Tier 2,Store,0,2026-03-05 14:19:15.683837
57,144926,4.2,3,0,11,142834,143313,Other,Tier 2,Store,0,2026-03-05 14:19:15.683837
46,16293,5.7,6,32,17,5572,23830,Other,Tier 1,Store,0,2026-03-05 14:19:15.683837
33,168515,9.2,4,37,5,62274,122880,Male,Tier 2,Store,0,2026-03-05 14:19:15.683837
55,64212,5.6,8,16,1,28863,104820,Female,Tier 3,Store,0,2026-03-05 14:19:15.683837
45,230203,8.3,3,33,0,118645,80960,Male,Tier 2,Store,0,2026-03-05 14:19:15.683837
65,90276,7.9,8,48,10,1910,33301,Female,Tier 3,Online,1,2026-03-05 14:19:15.683837
55,27559,5.9,7,15,14,16159,37982,Female,Tier 2,Store,0,2026-03-05 14:19:15.683837
48,80231,7.9,2,6,5,30529,92904,Female,Tier 1,Store,0,2026-03-05 14:19:15.683837
31,123277,6.5,8,35,16,35351,127923,Male,Tier 1,Store,0,2026-03-05 14:19:15.683837
70,185116,3.1,1,12,7,113560,77310,Female,Tier 1,Store,0,2026-03-05 14:19:15.683837
50,36747,5.9,9,19,19,45542,112462,Other,Tier 2,Store,0,2026-03-05 14:19:15.683837
74,219581,6.4,7,3,17,83880,7504,Female,Tier 2,Online,1,2026-03-05 14:19:15.683837
26,226941,9.5,6,4,11,126530,142832,Other,Tier 2,Store,0,2026-03-05 14:19:15.683837
74,176201,4.1,8,15,7,92081,149320,Other,Tier 1,Store,0,2026-03-05 14:19:15.683837
44,15037,6.9,9,8,19,27181,1165,Other,Tier 3,Online,1,2026-03-05 14:19:15.683837
41,119294,3.5,8,42,8,31788,11077,Male,Tier 3,Online,1,2026-03-05 14:19:15.683837
30,112847,9.1,6,11,10,144036,48651,Male,Tier 3,Store,0,2026-03-05 14:19:15.683837
43,118742,8.4,4,13,12,72511,4093,Female,Tier 3,Hybrid,0,2026-03-05 14:19:15.683837
46,63503,3.6,9,14,3,106887,133074,Female,Tier 2,Store,0,2026-03-05 14:19:15.683837
68,43207,9.5,8,4,7,37535,24069,Other,Tier 1,Hybrid,0,2026-03-05 14:19:15.683837
66,48241,8.2,8,41,3,145193,69246,Female,Tier 2,Store,0,2026-03-05 14:19:15.683837
60,146130,8.5,3,17,13,109306,6547,Other,Tier 2,Hybrid,0,2026-03-05 14:19:15.683837
45,214244,9.1,10,7,16,2808,49672,Other,Tier 2,Store,0,2026-03-05 14:19:15.683837
45,111171,8.3,9,7,1,36055,64796,Male,Tier 1,Store,0,2026-03-05 14:19:15.683837
25,160906,5.3,7,24,11,46186,47053,Female,Tier 1,Store,0,2026-03-05 14:19:15.683837
40,227185,9.0,1,3,11,131239,53243,Male,Tier 2,Store,0,2026-03-05 14:19:15.683837
46,132302,4.2,2,25,18,133952,127847,Other,Tier 1,Store,0,2026-03-05 14:19:15.683837
22,173262,4.4,2,10,17,31891,44617,Female,Tier 3,Store,0,2026-03-05 14:19:15.683837
59,87832,5.1,1,5,9,2008,5088,Male,Tier 2,Store,0,2026-03-05 14:19:15.683837
24,36383,6.7,1,32,8,102670,143275,Other,Tier 1,Store,0,2026-03-05 14:19:15.683837
59,139291,4.2,4,21,15,84133,74214,Female,Tier 3,Store,0,2026-03-05 14:19:15.683837
53,170732,3.6,7,28,0,99765,125358,Other,Tier 3,Store,0,2026-03-05 14:19:15.683837
58,17674,4.2,6,4,15,75116,133249,Male,Tier 2,Store,0,2026-03-05 14:19:15.683837
44,129100,5.3,7,0,7,16017,133664,Female,Tier 2,Store,0,2026-03-05 14:19:15.683837
75,124369,6.1,8,21,18,97313,125138,Female,Tier 2,Store,0,2026-03-05 14:19:15.683837
63,37820,4.5,8,34,1,132025,73786,Male,Tier 1,Store,0,2026-03-05 14:19:15.683837
19,231112,3.6,3,30,17,135206,103518,Male,Tier 2,Store,0,2026-03-05 14:19:15.683837
42,171738,6.8,7,2,19,35630,6600,Other,Tier 3,Hybrid,0,2026-03-05 14:19:15.683837
26,58794,9.6,6,2,19,40750,143020,Male,Tier 2,Store,0,2026-03-05 14:19:15.683837
70,148148,5.2,8,6,17,59635,107359,Other,Tier 2,Store,0,2026-03-05 14:19:15.683837
44,210926,7.8,3,0,13,93507,15038,Other,Tier 3,Store,0,2026-03-05 14:19:15.683837
18,143544,6.0,9,41,6,89783,47976,Female,Tier 2,Store,0,2026-03-05 14:19:15.683837
40,198414,7.3,5,23,6,88303,7129,Other,Tier 3,Online,1,2026-03-05 14:19:15.683837
27,52555,7.6,2,36,4,74730,121243,Male,Tier 3,Store,0,2026-03-05 14:19:15.683837
59,201280,6.0,4,29,19,103547,140190,Female,Tier 1,Store,0,2026-03-05 14:19:15.683837
69,47406,4.0,7,31,11,27981,15564,Female,Tier 1,Store,0,2026-03-05 14:19:15.683837
42,207644,3.5,1,31,12,48876,95588,Male,Tier 1,Store,0,2026-03-05 14:19:15.683837
71,55262,8.3,1,20,16,74495,4779,Male,Tier 2,Store,0,2026-03-05 14:19:15.683837
78,106320,7.3,9,47,14,148047,52823,Male,Tier 2,Store,0,2026-03-05 14:19:15.683837
20,232733,8.0,3,15,15,133304,115032,Other,Tier 1,Store,0,2026-03-05 14:19:15.683837
23,169288,7.4,1,3,12,51936,9628,Female,Tier 3,Store,0,2026-03-05 14:19:15.683837
78,214189,8.1,7,16,10,7619,116249,Male,Tier 2,Store,0,2026-03-05 14:19:15.683837
75,227208,6.4,7,12,2,101225,149800,Other,Tier 1,Store,0,2026-03-05 14:19:15.683837
23,45284,3.0,2,34,0,107270,31191,Other,Tier 3,Store,0,2026-03-05 14:19:15.683837
70,166243,6.6,8,39,5,80970,76231,Female,Tier 1,Store,0,2026-03-05 14:19:15.683837
19,105627,9.6,3,33,7,141401,109022,Female,Tier 3,Store,0,2026-03-05 14:19:15.683837
75,160405,6.7,3,10,4,97293,141929,Male,Tier 1,Store,0,2026-03-05 14:19:15.683837
75,176607,3.5,5,35,6,147420,11574,Male,Tier 1,Online,1,2026-03-05 14:19:15.683837
35,104023,7.5,2,24,2,114298,143614,Other,Tier 2,Store,0,2026-03-05 14:19:15.683837
40,222012,10.3,4,39,8,2293,26449,Male,Tier 3,Hybrid,0,2026-03-05 14:19:15.683837
19,179772,4.9,2,29,13,70329,45120,Male,Tier 1,Store,0,2026-03-05 14:19:15.683837
29,229655,6.7,9,12,1,125611,40594,Female,Tier 2,Hybrid,0,2026-03-05 14:19:15.683837
39,56516,7.0,6,23,2,119277,27544,Female,Tier 1,Store,0,2026-03-05 14:19:15.683837
54,30577,6.4,1,35,18,43198,58320,Male,Tier 3,Store,0,2026-03-05 14:19:15.683837
37,235906,7.6,9,33,9,102757,53890,Female,Tier 3,Store,0,2026-03-05 14:19:15.683837
56,30015,5.2,8,7,1,87546,70365,Female,Tier 3,Store,0,2026-03-05 14:19:15.683837
41,106104,7.3,2,17,12,1747,138622,Female,Tier 2,Store,0,2026-03-05 14:19:15.683837
65,129412,8.3,3,6,13,22976,113621,Female,Tier 1,Store,0,2026-03-05 14:19:15.683837
37,106740,5.5,7,48,18,21120,120571,Female,Tier 1,Store,0,2026-03-05 14:19:15.683837
18,243356,7.6,4,45,12,23607,97372,Male,Tier 3,Store,0,2026-03-05 14:19:15.683837
18,237875,5.2,8,21,6,18189,52007,Other,Tier 2,Store,0,2026-03-05 14:19:15.683837
34,167308,3.2,1,6,2,26887,101925,Male,Tier 1,Store,0,2026-03-05 14:19:15.683837
76,244223,3.2,10,12,0,122705,148323,Female,Tier 2,Store,0,2026-03-05 14:19:15.683837
18,81640,6.9,4,1,19,29356,83667,Female,Tier 3,Store,0,2026-03-05 14:19:15.683837
70,98190,2.2,1,43,12,46259,6981,Other,Tier 2,Online,1,2026-03-05 14:19:15.683837
69,144516,6.2,7,1,5,112631,94687,Male,Tier 1,Store,0,2026-03-05 14:19:15.683837
62,191776,4.4,9,28,11,63802,77325,Male,Tier 2,Store,0,2026-03-05 14:19:15.683837
47,188441,1.6,1,26,9,23303,66691,Male,Tier 2,Store,0,2026-03-05 14:19:15.683837
58,149718,7.4,8,39,2,142364,119068,Male,Tier 3,Store,0,2026-03-05 14:19:15.683837
64,102007,3.2,10,17,0,1456,129900,Male,Tier 2,Store,0,2026-03-05 14:19:15.683837
20,171978,10.6,6,1,12,127771,95576,Other,Tier 2,Store,0,2026-03-05 14:19:15.683837
63,232715,9.3,6,3,1,2715,5414,Other,Tier 2,Online,1,2026-03-05 14:19:15.683837
72,62728,5.9,8,48,18,18389,52461,Male,Tier 3,Store,0,2026-03-05 14:19:15.683837
28,29878,2.0,1,45,19,85898,103362,Other,Tier 3,Store,0,2026-03-05 14:19:15.683837
41,143925,6.6,9,7,2,121034,105705,Male,Tier 2,Store,0,2026-03-05 14:19:15.683837
39,24145,9.7,6,35,18,33616,51843,Female,Tier 1,Store,0,2026-03-05 14:19:15.683837
61,103578,8.1,3,47,14,124573,16141,Other,Tier 3,Online,1,2026-03-05 14:19:15.683837
62,33226,8.3,1,8,18,141710,33596,Female,Tier 3,Store,0,2026-03-05 14:19:15.683837
43,17802,9.1,4,17,9,99150,60905,Male,Tier 2,Store,0,2026-03-05 14:19:15.683837
30,39119,3.5,5,49,10,53386,106562,Female,Tier 2,Store,0,2026-03-05 14:19:15.683837
18,78560,8.2,4,21,14,97610,130168,Other,Tier 2,Store,0,2026-03-05 14:19:15.683837
41,72353,9.9,7,44,7,78650,133019,Female,Tier 3,Store,0,2026-03-05 14:19:15.683837
27,238793,4.8,6,10,10,14152,38058,Female,Tier 3,Store,0,2026-03-05 14:19:15.683837
52,138001,5.2,10,26,16,141162,20954,Male,Tier 3,Store,0,2026-03-05 14:19:15.683837
41,208198,9.1,5,31,1,20331,29248,Female,Tier 1,Store,0,2026-03-05 14:19:15.683837
45,86641,8.8,3,1,17,57498,60126,Female,Tier 2,Store,0,2026-03-05 14:19:15.683837
53,66712,4.3,9,1,8,53161,146896,Other,Tier 1,Store,0,2026-03-05 14:19:15.683837
33,198261,3.4,3,29,6,29881,4321,Male,Tier 3,Online,1,2026-03-05 14:19:15.683837
57,203856,5.8,3,21,9,66921,14266,Other,Tier 1,Store,0,2026-03-05 14:19:15.683837
33,145085,3.1,3,21,7,82997,117911,Other,Tier 2,Store,0,2026-03-05 14:19:15.683837
76,83285,4.3,8,23,12,97051,85209,Other,Tier 3,Store,0,2026-03-05 14:19:15.683837
34,130278,4.6,2,26,1,37298,117983,Male,Tier 1,Store,0,2026-03-05 14:19:15.683837
68,189021,8.2,4,10,9,44487,84506,Other,Tier 2,Store,0,2026-03-05 14:19:15.683837
71,180201,8.8,8,12,16,93295,6078,Male,Tier 2,Online,1,2026-03-05 14:19:15.683837
32,39512,8.3,1,26,15,18077,43308,Female,Tier 1,Store,0,2026-03-05 14:19:15.683837
33,117077,4.4,3,14,11,24256,136805,Other,Tier 2,Store,0,2026-03-05 14:19:15.683837
32,225103,5.8,4,47,5,72025,18522,Other,Tier 2,Online,1,2026-03-05 14:19:15.683837
74,209626,5.1,6,47,14,141243,21128,Female,Tier 2,Store,0,2026-03-05 14:19:15.683837
51,17064,6.4,2,48,14,19533,134402,Male,Tier 3,Store,0,2026-03-05 14:19:15.683837
28,110614,7.5,7,16,15,37820,91292,Other,Tier 3,Store,0,2026-03-05 14:19:15.683837
18,197639,5.0,3,38,2,39375,30505,Female,Tier 1,Store,0,2026-03-05 14:19:15.683837
32,132639,4.0,8,8,12,36986,123196,Other,Tier 2,Store,0,2026-03-05 14:19:15.683837
43,45011,9.1,2,22,17,120308,49407,Other,Tier 2,Store,0,2026-03-05 14:19:15.683837
68,86152,8.1,9,3,2,28160,118395,Female,Tier 2,Store,0,2026-03-05 14:19:15.683837
21,219583,6.7,4,14,3,20094,61833,Other,Tier 1,Store,0,2026-03-05 14:19:15.683837
60,25960,3.9,8,42,4,29666,41698,Male,Tier 2,Store,0,2026-03-05 14:19:15.683837
22,239600,7.7,4,30,19,35555,131911,Male,Tier 3,Store,0,2026-03-05 14:19:15.683837
52,136789,5.7,6,5,5,144336,5470,Other,Tier 2,Online,1,2026-03-05 14:19:15.683837
30,73920,1.6,8,25,6,88035,23379,Male,Tier 3,Store,0,2026-03-05 14:19:15.683837
27,36387,4.9,5,0,19,35278,37383,Other,Tier 1,Store,0,2026-03-05 14:19:15.683837
28,161396,6.9,6,21,12,10956,93270,Female,Tier 1,Store,0,2026-03-05 14:19:15.683837
35,78960,5.6,2,29,13,92763,141452,Male,Tier 1,Store,0,2026-03-05 14:19:15.683837
51,137994,7.0,4,21,6,36353,41345,Other,Tier 2,Store,0,2026-03-05 14:19:15.683837
56,217851,6.9,5,32,10,141537,65627,Other,Tier 1,Store,0,2026-03-05 14:19:15.683837
58,47628,3.8,1,4,11,33180,2990,Other,Tier 2,Online,1,2026-03-05 14:19:15.683837
59,136269,7.4,7,35,17,130424,144003,Female,Tier 3,Store,0,2026-03-05 14:19:15.683837
67,221168,7.6,6,45,17,118607,98665,Other,Tier 2,Store,0,2026-03-05 14:19:15.683837
40,62452,5.9,4,9,1,125888,38233,Other,Tier 1,Store,0,2026-03-05 14:19:15.683837
24,56098,6.0,4,0,2,116227,8412,Male,Tier 3,Online,1,2026-03-05 14:19:15.683837
76,216531,6.0,3,11,19,94280,108775,Other,Tier 1,Store,0,2026-03-05 14:19:15.683837
56,185307,9.0,1,48,6,21194,121433,Other,Tier 1,Store,0,2026-03-05 14:19:15.683837
20,101861,6.8,6,2,0,23827,57142,Female,Tier 3,Store,0,2026-03-05 14:19:15.683837
29,42949,6.2,5,9,19,82588,110617,Female,Tier 1,Store,0,2026-03-05 14:19:15.683837
24,168893,6.9,6,0,1,47692,130464,Male,Tier 3,Store,0,2026-03-05 14:19:15.683837
66,217684,6.9,10,18,17,111330,11988,Other,Tier 3,Store,0,2026-03-05 14:19:15.683837
43,168104,5.8,1,17,19,138654,15186,Female,Tier 2,Store,0,2026-03-05 14:19:15.683837
50,88537,3.3,2,44,13,109088,44256,Female,Tier 1,Store,0,2026-03-05 14:19:15.683837
54,161375,6.2,7,30,4,70896,46732,Other,Tier 2,Store,0,2026-03-05 14:19:15.683837
65,131003,7.2,9,48,11,49745,147777,Female,Tier 3,Store,0,2026-03-05 14:19:15.683837
32,228065,6.6,6,21,1,55212,143143,Female,Tier 1,Store,0,2026-03-05 14:19:15.683837
19,158375,5.0,6,3,9,70865,91230,Male,Tier 3,Store,0,2026-03-05 14:19:15.683837
58,65701,5.6,5,40,12,82614,51489,Male,Tier 3,Store,0,2026-03-05 14:19:15.683837
24,65511,8.0,5,9,13,123818,32109,Male,Tier 2,Store,0,2026-03-05 14:19:15.683837
49,95664,2.6,6,9,0,114391,124155,Female,Tier 1,Store,0,2026-03-05 14:19:15.683837
21,164352,4.5,2,14,8,98285,20907,Other,Tier 1,Store,0,2026-03-05 14:19:15.683837
37,54427,6.3,10,4,0,69257,33089,Other,Tier 3,Store,0,2026-03-05 14:19:15.683837
67,112180,8.1,6,49,8,128011,125362,Female,Tier 3,Store,0,2026-03-05 14:19:15.683837
70,118550,9.6,4,42,10,10468,103170,Male,Tier 2,Store,0,2026-03-05 14:19:15.683837
53,153039,7.8,3,44,6,146971,39720,Other,Tier 3,Store,0,2026-03-05 14:19:15.683837
49,152733,4.8,7,16,0,20843,19943,Female,Tier 3,Store,0,2026-03-05 14:19:15.683837
45,92952,2.5,5,17,0,121658,142072,Other,Tier 3,Store,0,2026-03-05 14:19:15.683837
30,81046,9.7,10,47,8,89303,45878,Other,Tier 2,Store,0,2026-03-05 14:19:15.683837
18,121918,4.3,3,49,14,76133,141830,Male,Tier 3,Store,0,2026-03-05 14:19:15.683837
77,50200,6.3,8,4,15,58325,100242,Male,Tier 2,Store,0,2026-03-05 14:19:15.683837
73,82442,5.8,5,7,2,57246,77096,Male,Tier 1,Store,0,2026-03-05 14:19:15.683837
52,207743,5.9,3,45,2,16433,101429,Male,Tier 2,Store,0,2026-03-05 14:19:15.683837
65,106070,3.7,9,26,13,147719,60012,Female,Tier 2,Store,0,2026-03-05 14:19:15.683837
47,73168,9.6,2,24,4,39635,71363,Female,Tier 2,Store,0,2026-03-05 14:19:15.683837
71,63322,4.3,3,25,16,3429,87923,Female,Tier 1,Store,0,2026-03-05 14:19:15.683837
53,228056,6.3,3,44,9,92394,1784,Female,Tier 2,Online,1,2026-03-05 14:19:15.683837
74,183768,5.1,1,22,15,125960,53137,Other,Tier 2,Store,0,2026-03-05 14:19:15.683837
72,85246,7.2,7,40,17,90061,143908,Other,Tier 2,Store,0,2026-03-05 14:19:15.683837
42,184964,5.6,6,22,12,12631,59949,Other,Tier 2,Store,0,2026-03-05 14:19:15.683837
33,30583,5.4,6,28,17,43568,92037,Male,Tier 2,Store,0,2026-03-05 14:19:15.683837
75,97720,8.2,6,32,16,76565,120727,Female,Tier 1,Store,0,2026-03-05 14:19:15.683837
36,201287,5.4,7,17,3,20063,10844,Other,Tier 1,Online,1,2026-03-05 14:19:15.683837
18,170925,8.8,6,6,3,7865,57585,Other,Tier 3,Store,0,2026-03-05 14:19:15.683837
22,152181,3.5,9,31,14,129986,58649,Male,Tier 1,Store,0,2026-03-05 14:19:15.683837
68,74757,5.5,5,40,3,122181,57637,Male,Tier 1,Store,0,2026-03-05 14:19:15.683837
39,21659,4.3,1,6,12,69194,31380,Female,Tier 1,Store,0,2026-03-05 14:19:15.683837
41,16238,6.1,1,7,17,67315,25973,Female,Tier 3,Store,0,2026-03-05 14:19:15.683837
60,136270,3.3,1,49,5,112469,73717,Other,Tier 1,Store,0,2026-03-05 14:19:15.683837
62,134211,7.2,2,20,4,124538,149139,Other,Tier 3,Store,0,2026-03-05 14:19:15.683837
69,30064,7.4,4,41,0,90449,140287,Other,Tier 3,Store,0,2026-03-05 14:19:15.683837
54,177187,9.0,6,16,5,61921,7289,Other,Tier 3,Online,1,2026-03-05 14:19:15.683837
70,178024,7.7,7,32,1,83021,48642,Other,Tier 2,Store,0,2026-03-05 14:19:15.683837
53,151692,7.7,5,29,4,119992,134867,Female,Tier 2,Store,0,2026-03-05 14:19:15.683837
53,114790,7.4,7,1,15,55628,125728,Male,Tier 3,Store,0,2026-03-05 14:19:15.683837
21,117985,5.6,2,45,3,4102,32032,Male,Tier 2,Store,0,2026-03-05 14:19:15.683837
53,59258,9.2,6,35,12,143889,60669,Female,Tier 3,Store,0,2026-03-05 14:19:15.683837
69,150542,7.1,3,21,6,40699,147924,Other,Tier 2,Store,0,2026-03-05 14:19:15.683837
70,168075,10.9,9,31,8,95817,99682,Female,Tier 2,Store,0,2026-03-05 14:19:15.683837
35,173643,9.5,10,48,0,46853,8534,Other,Tier 3,Online,1,2026-03-05 14:19:15.683837
67,39668,6.7,10,24,4,140746,82904,Female,Tier 1,Store,0,2026-03-05 14:19:15.683837
33,92259,6.8,4,48,19,29259,116861,Female,Tier 1,Store,0,2026-03-05 14:19:15.683837
58,127192,7.7,5,7,10,70943,112967,Male,Tier 3,Store,0,2026-03-05 14:19:15.683837
35,111576,9.2,5,32,16,103975,142994,Male,Tier 2,Store,0,2026-03-05 14:19:15.683837
39,120481,2.9,2,28,12,51041,61842,Female,Tier 1,Store,0,2026-03-05 14:19:15.683837
19,126505,8.6,4,16,19,3067,146322,Male,Tier 1,Store,0,2026-03-05 14:19:15.683837
38,178118,6.7,7,39,1,119680,105315,Female,Tier 1,Store,0,2026-03-05 14:19:15.683837
53,217049,8.2,2,44,15,134557,72508,Female,Tier 3,Store,0,2026-03-05 14:19:15.683837
61,223327,4.6,5,1,18,79163,99264,Female,Tier 2,Store,0,2026-03-05 14:19:15.683837
56,20397,4.5,5,48,19,69941,102765,Other,Tier 2,Store,0,2026-03-05 14:19:15.683837
64,114925,6.7,5,38,8,38359,26076,Female,Tier 3,Hybrid,0,2026-03-05 14:19:15.683837
56,98481,8.0,7,47,3,60490,140427,Other,Tier 2,Store,0,2026-03-05 14:19:15.683837
46,168305,3.5,10,48,17,138532,18664,Other,Tier 2,Store,0,2026-03-05 14:19:15.683837
71,229408,5.2,7,30,9,145231,40524,Other,Tier 1,Store,0,2026-03-05 14:19:15.683837
43,75308,3.6,8,3,14,133304,84782,Female,Tier 2,Store,0,2026-03-05 14:19:15.683837
38,215798,6.8,1,41,12,73588,6609,Other,Tier 3,Hybrid,0,2026-03-05 14:19:15.683837
34,209291,10.0,3,25,15,105126,66507,Female,Tier 3,Store,0,2026-03-05 14:19:15.683837
33,249430,5.3,1,8,9,104265,6800,Female,Tier 1,Online,1,2026-03-05 14:19:15.683837
77,16130,7.6,7,30,3,89786,9021,Male,Tier 3,Online,1,2026-03-05 14:19:15.683837
48,139293,6.2,5,9,15,144425,143809,Female,Tier 3,Store,0,2026-03-05 14:19:15.683837
68,29071,6.7,2,5,10,88522,33353,Female,Tier 3,Store,0,2026-03-05 14:19:15.683837
26,100517,4.8,10,43,1,77325,79776,Other,Tier 3,Store,0,2026-03-05 14:19:15.683837
48,125240,7.3,2,25,11,142657,56703,Female,Tier 1,Store,0,2026-03-05 14:19:15.683837
31,17118,5.6,7,10,7,56270,87803,Female,Tier 2,Store,0,2026-03-05 14:19:15.683837
66,146735,9.6,5,14,12,72356,28079,Other,Tier 3,Store,0,2026-03-05 14:19:15.683837
54,77408,5.0,4,19,1,117665,110006,Other,Tier 3,Store,0,2026-03-05 14:19:15.683837
19,66786,8.0,8,13,1,122327,8461,Other,Tier 2,Online,1,2026-03-05 14:19:15.683837
69,96271,9.9,3,43,3,23172,20743,Male,Tier 2,Online,1,2026-03-05 14:19:15.683837
65,34158,8.4,3,20,17,68689,84416,Female,Tier 1,Store,0,2026-03-05 14:19:15.683837
63,46087,4.2,8,43,2,146376,37413,Other,Tier 3,Store,0,2026-03-05 14:19:15.683837
31,103114,4.0,2,26,6,30965,65657,Male,Tier 1,Store,0,2026-03-05 14:19:15.683837
76,199193,6.9,3,29,5,41507,63461,Male,Tier 2,Store,0,2026-03-05 14:19:15.683837
50,34874,6.1,4,6,0,19688,23526,Male,Tier 1,Store,0,2026-03-05 14:19:15.683837
52,98443,7.0,10,36,8,50064,107155,Other,Tier 3,Store,0,2026-03-05 14:19:15.683837
75,55821,8.4,3,14,11,146774,120339,Other,Tier 1,Store,0,2026-03-05 14:19:15.683837
56,130675,6.2,8,15,6,70865,61342,Other,Tier 3,Store,0,2026-03-05 14:19:15.683837
75,75582,4.7,6,42,0,24609,78611,Female,Tier 3,Store,0,2026-03-05 14:19:15.683837
64,137603,6.4,3,19,19,41877,131188,Male,Tier 2,Store,0,2026-03-05 14:19:15.683837
68,168859,9.0,7,48,3,8557,127580,Female,Tier 2,Store,0,2026-03-05 14:19:15.683837
37,210775,6.1,4,37,5,136928,117247,Male,Tier 3,Store,0,2026-03-05 14:19:15.683837
19,167777,10.3,3,19,15,148235,104456,Male,Tier 2,Store,0,2026-03-05 14:19:15.683837
68,84381,7.8,2,21,14,36165,108296,Male,Tier 3,Store,0,2026-03-05 14:19:15.683837
58,126800,7.6,8,5,2,95759,1660,Female,Tier 2,Online,1,2026-03-05 14:19:15.683837
36,145805,4.9,8,43,17,114751,93055,Male,Tier 2,Store,0,2026-03-05 14:19:15.683837
76,190725,5.7,2,39,18,11476,114963,Male,Tier 2,Store,0,2026-03-05 14:19:15.683837
54,97018,7.0,9,19,12,15780,46280,Other,Tier 2,Store,0,2026-03-05 14:19:15.683837
35,115592,5.9,7,4,19,100509,122885,Female,Tier 1,Store,0,2026-03-05 14:19:15.683837
33,106626,8.5,6,10,13,25846,122844,Other,Tier 2,Store,0,2026-03-05 14:19:15.683837
21,101217,6.4,3,1,13,87243,105400,Female,Tier 1,Store,0,2026-03-05 14:19:15.683837
29,178324,4.8,3,29,7,78118,113528,Male,Tier 1,Store,0,2026-03-05 14:19:15.683837
46,219404,6.7,4,7,10,144349,59103,Other,Tier 1,Store,0,2026-03-05 14:19:15.683837
24,87799,5.4,9,39,11,87740,127802,Female,Tier 1,Store,0,2026-03-05 14:19:15.683837
31,77185,7.5,8,7,0,109759,22955,Female,Tier 2,Online,1,2026-03-05 14:19:15.683837
72,224385,5.1,2,16,8,12068,141633,Male,Tier 2,Store,0,2026-03-05 14:19:15.683837
29,56538,9.8,5,38,19,1273,70100,Male,Tier 1,Store,0,2026-03-05 14:19:15.683837
52,35343,3.1,10,34,13,106769,149200,Other,Tier 2,Store,0,2026-03-05 14:19:15.683837
22,226470,5.5,6,29,19,51168,121694,Male,Tier 2,Store,0,2026-03-05 14:19:15.683837
34,187304,6.5,5,0,13,91486,109317,Male,Tier 3,Store,0,2026-03-05 14:19:15.683837
75,135026,5.2,1,4,12,52384,8596,Female,Tier 3,Hybrid,0,2026-03-05 14:19:15.683837
59,249257,1.6,9,15,11,23127,57879,Male,Tier 2,Store,0,2026-03-05 14:19:15.683837
49,68106,10.0,10,35,11,140620,12571,Male,Tier 2,Online,1,2026-03-05 14:19:15.683837
27,129322,7.7,6,14,19,90791,67292,Female,Tier 2,Store,0,2026-03-05 14:19:15.683837
60,96227,3.7,5,48,6,12048,74214,Male,Tier 1,Store,0,2026-03-05 14:19:15.683837
34,199151,4.0,6,16,1,144987,119127,Other,Tier 2,Store,0,2026-03-05 14:19:15.683837
22,171100,3.3,3,12,10,11964,93514,Other,Tier 1,Store,0,2026-03-05 14:19:15.683837
62,57135,5.9,9,23,15,987,85235,Other,Tier 2,Store,0,2026-03-05 14:19:15.683837
59,177138,9.1,4,42,12,46846,121373,Other,Tier 1,Store,0,2026-03-05 14:19:15.683837
26,134599,5.6,6,47,17,17031,144365,Other,Tier 1,Store,0,2026-03-05 14:19:15.683837
66,244789,5.3,6,3,18,94781,14458,Male,Tier 3,Hybrid,0,2026-03-05 14:19:15.683837
50,98470,8.1,2,46,10,129264,34584,Female,Tier 2,Store,0,2026-03-05 14:19:15.683837
53,35910,6.8,9,43,0,6047,143623,Other,Tier 3,Store,0,2026-03-05 14:19:15.683837
53,153213,6.1,2,45,12,64996,45014,Other,Tier 2,Store,0,2026-03-05 14:19:15.683837
35,60950,7.7,10,12,7,143731,86160,Female,Tier 3,Store,0,2026-03-05 14:19:15.683837
26,201795,2.7,5,8,19,39316,73940,Other,Tier 2,Store,0,2026-03-05 14:19:15.683837
79,31225,7.2,2,25,13,124718,28055,Male,Tier 1,Store,0,2026-03-05 14:19:15.683837
74,246322,8.8,9,46,13,58570,139450,Other,Tier 3,Store,0,2026-03-05 14:19:15.683837
46,233195,3.7,2,15,15,69344,32683,Other,Tier 3,Store,0,2026-03-05 14:19:15.683837
78,47959,5.5,8,41,18,141314,11564,Other,Tier 3,Online,1,2026-03-05 14:19:15.683837
67,64192,2.3,1,36,6,121309,32258,Other,Tier 2,Store,0,2026-03-05 14:19:15.683837
31,94711,5.3,3,42,5,139190,134249,Male,Tier 1,Store,0,2026-03-05 14:19:15.683837
42,156123,4.9,7,5,8,77260,129632,Male,Tier 1,Store,0,2026-03-05 14:19:15.683837
32,217500,9.6,6,10,17,69449,23584,Female,Tier 2,Store,0,2026-03-05 14:19:15.683837
23,18449,5.3,2,1,5,93246,101417,Male,Tier 2,Store,0,2026-03-05 14:19:15.683837
73,187167,6.8,9,29,16,88600,55514,Female,Tier 2,Store,0,2026-03-05 14:19:15.683837
59,119213,8.9,2,18,3,130191,144087,Other,Tier 3,Store,0,2026-03-05 14:19:15.683837
46,224001,1.8,6,22,19,113671,111353,Female,Tier 2,Store,0,2026-03-05 14:19:15.683837
32,175262,6.5,1,46,8,85747,109403,Female,Tier 2,Store,0,2026-03-05 14:19:15.683837
46,115245,4.0,3,11,7,27750,55202,Male,Tier 2,Store,0,2026-03-05 14:19:15.683837
21,112069,4.0,5,38,14,60937,53625,Other,Tier 1,Store,0,2026-03-05 14:19:15.683837
35,172213,4.5,7,5,7,84501,35747,Female,Tier 1,Store,0,2026-03-05 14:19:15.683837
67,248597,5.2,3,42,10,32477,119797,Female,Tier 1,Store,0,2026-03-05 14:19:15.683837
74,38908,4.1,9,35,18,20133,40155,Other,Tier 1,Store,0,2026-03-05 14:19:15.683837
66,119847,5.4,4,45,12,69579,100798,Male,Tier 2,Store,0,2026-03-05 14:19:15.683837
61,135910,8.1,9,41,14,65700,7088,Female,Tier 2,Online,1,2026-03-05 14:19:15.683837
56,178394,7.2,3,14,4,7542,27517,Other,Tier 3,Store,0,2026-03-05 14:19:15.683837
33,196782,11.6,3,35,6,107921,93781,Female,Tier 1,Store,0,2026-03-05 14:19:15.683837
28,29012,6.6,4,12,12,126218,130878,Other,Tier 2,Store,0,2026-03-05 14:19:15.683837
31,180961,7.4,2,7,15,26676,9437,Other,Tier 3,Store,0,2026-03-05 14:19:15.683837
20,32412,8.7,5,24,15,139175,7278,Female,Tier 2,Online,1,2026-03-05 14:19:15.683837
68,242222,3.8,9,23,1,133067,62526,Male,Tier 2,Store,0,2026-03-05 14:19:15.683837
67,125030,8.7,8,30,6,2572,130390,Male,Tier 2,Store,0,2026-03-05 14:19:15.683837
79,39657,4.2,8,39,3,144629,135527,Other,Tier 1,Store,0,2026-03-05 14:19:15.683837
59,20656,7.1,8,12,19,55981,48253,Female,Tier 3,Store,0,2026-03-05 14:19:15.683837
55,155039,8.0,8,28,12,42556,148051,Other,Tier 2,Store,0,2026-03-05 14:19:15.683837
62,231030,2.3,6,31,4,141674,125095,Female,Tier 1,Store,0,2026-03-05 14:19:15.683837
59,161836,5.4,7,42,11,9347,18410,Male,Tier 2,Online,1,2026-03-05 14:19:15.683837
35,30873,6.0,10,36,12,15390,22432,Male,Tier 1,Store,0,2026-03-05 14:19:15.683837
75,109485,3.9,5,17,8,6236,123361,Other,Tier 3,Store,0,2026-03-05 14:19:15.683837
37,124383,6.8,6,25,15,124063,70673,Male,Tier 2,Store,0,2026-03-05 14:19:15.683837
75,197102,9.5,3,17,5,29187,63038,Male,Tier 3,Store,0,2026-03-05 14:19:15.683837
65,213879,4.2,5,33,12,97474,11426,Female,Tier 1,Online,1,2026-03-05 14:19:15.683837
42,16607,8.5,10,30,13,56314,31798,Female,Tier 1,Store,0,2026-03-05 14:19:15.683837
74,165595,7.1,3,14,3,34446,129770,Male,Tier 3,Store,0,2026-03-05 14:19:15.683837
55,63447,3.4,5,36,8,114949,10028,Other,Tier 2,Online,1,2026-03-05 14:19:15.683837
30,64757,5.3,10,19,4,141946,92893,Male,Tier 2,Store,0,2026-03-05 14:19:15.683837
21,239598,6.6,1,27,10,145225,147356,Other,Tier 1,Store,0,2026-03-05 14:19:15.683837
72,84201,9.3,1,3,15,31025,72894,Female,Tier 2,Store,0,2026-03-05 14:19:15.683837
31,143765,7.7,10,7,11,119344,105931,Male,Tier 1,Store,0,2026-03-05 14:19:15.683837
50,227916,4.7,6,17,16,80689,104744,Female,Tier 2,Store,0,2026-03-05 14:19:15.683837
45,217460,6.9,8,31,7,119552,39382,Female,Tier 2,Store,0,2026-03-05 14:19:15.683837
69,20462,1.0,4,22,11,146222,78619,Male,Tier 2,Store,0,2026-03-05 14:19:15.683837
54,131832,7.9,7,14,7,143757,30272,Male,Tier 2,Store,0,2026-03-05 14:19:15.683837
25,177867,4.6,5,43,12,59888,121292,Female,Tier 3,Store,0,2026-03-05 14:19:15.683837
61,215878,4.0,2,6,4,7684,65464,Other,Tier 1,Store,0,2026-03-05 14:19:15.683837
51,63465,5.5,5,47,7,122244,76523,Female,Tier 1,Store,0,2026-03-05 14:19:15.683837
61,207181,3.6,2,30,2,55299,48872,Male,Tier 1,Store,0,2026-03-05 14:19:15.683837
22,105027,5.7,9,31,10,113900,123453,Male,Tier 3,Store,0,2026-03-05 14:19:15.683837
71,65528,8.2,1,39,4,123576,123737,Other,Tier 3,Store,0,2026-03-05 14:19:15.683837
22,51230,2.2,3,13,15,27349,135765,Female,Tier 3,Store,0,2026-03-05 14:19:15.683837
48,63242,6.0,1,18,9,91654,129591,Female,Tier 3,Store,0,2026-03-05 14:19:15.683837
62,211955,5.8,5,49,9,59856,47692,Other,Tier 2,Store,0,2026-03-05 14:19:15.683837
26,129688,7.1,4,39,15,22608,66441,Female,Tier 1,Store,0,2026-03-05 14:19:15.683837
59,244438,5.7,6,15,10,81471,72202,Other,Tier 1,Store,0,2026-03-05 14:19:15.683837
49,16783,8.0,5,8,8,90731,148925,Male,Tier 3,Store,0,2026-03-05 14:19:15.683837
50,43390,8.8,7,0,6,85033,116015,Other,Tier 3,Store,0,2026-03-05 14:19:15.683837
79,154489,8.2,7,24,13,17873,56853,Male,Tier 1,Store,0,2026-03-05 14:19:15.683837
20,87102,4.6,10,7,13,60836,43661,Female,Tier 3,Store,0,2026-03-05 14:19:15.683837
47,32426,10.0,5,38,17,2448,64926,Female,Tier 1,Store,0,2026-03-05 14:19:15.683837
67,45750,3.8,10,31,16,95662,21894,Male,Tier 3,Online,1,2026-03-05 14:19:15.683837
29,73188,7.5,1,7,0,147888,128931,Female,Tier 2,Store,0,2026-03-05 14:19:15.683837
46,25872,8.4,9,12,11,85224,58791,Male,Tier 3,Store,0,2026-03-05 14:19:15.683837
20,109231,10.3,2,2,7,130420,24947,Other,Tier 1,Store,0,2026-03-05 14:19:15.683837
43,144860,8.1,7,1,0,78561,94280,Female,Tier 1,Store,0,2026-03-05 14:19:15.683837
74,194158,4.6,3,44,11,18686,136418,Male,Tier 2,Store,0,2026-03-05 14:19:15.683837
78,81770,8.0,10,27,16,77214,21316,Other,Tier 1,Hybrid,0,2026-03-05 14:19:15.683837
47,246360,5.9,6,3,6,131841,125282,Female,Tier 1,Store,0,2026-03-05 14:19:15.683837
26,240440,8.3,5,22,10,116579,27204,Female,Tier 2,Store,0,2026-03-05 14:19:15.683837
43,139158,6.5,6,33,12,39595,17211,Male,Tier 3,Online,1,2026-03-05 14:19:15.683837
19,98514,9.0,10,6,8,137792,96526,Male,Tier 3,Store,0,2026-03-05 14:19:15.683837
79,234249,6.2,5,29,6,7379,146673,Female,Tier 2,Store,0,2026-03-05 14:19:15.683837
20,107663,8.0,9,8,17,135845,44813,Other,Tier 2,Store,0,2026-03-05 14:19:15.683837
63,180792,4.9,8,18,17,34556,78210,Other,Tier 1,Store,0,2026-03-05 14:19:15.683837
21,164151,8.5,1,8,9,134566,121335,Male,Tier 3,Store,0,2026-03-05 14:19:15.683837
42,163410,1.8,9,22,0,101737,132340,Other,Tier 1,Store,0,2026-03-05 14:19:15.683837
68,149363,7.5,2,10,13,21956,99935,Other,Tier 2,Store,0,2026-03-05 14:19:15.683837
30,220156,6.9,5,12,0,104178,5019,Other,Tier 3,Online,1,2026-03-05 14:19:15.683837
56,127808,6.4,6,28,6,88977,100229,Female,Tier 1,Store,0,2026-03-05 14:19:15.683837
61,125091,1.8,10,30,18,107646,100187,Other,Tier 2,Store,0,2026-03-05 14:19:15.683837
52,114272,5.1,1,7,18,71030,8993,Male,Tier 3,Store,0,2026-03-05 14:19:15.683837
72,64393,8.5,7,45,3,7337,55277,Female,Tier 3,Store,0,2026-03-05 14:19:15.683837
40,108558,4.4,8,18,6,111046,67779,Female,Tier 3,Store,0,2026-03-05 14:19:15.683837
26,84770,3.2,1,4,15,79497,125967,Other,Tier 2,Store,0,2026-03-05 14:19:15.683837
19,41720,4.0,10,47,6,88228,86836,Female,Tier 2,Store,0,2026-03-05 14:19:15.683837
78,28368,8.5,4,26,10,22058,81447,Female,Tier 1,Store,0,2026-03-05 14:19:15.683837
71,200385,7.0,2,38,7,57673,146498,Female,Tier 3,Store,0,2026-03-05 14:19:15.683837
58,62969,9.0,5,13,12,104754,29523,Male,Tier 2,Store,0,2026-03-05 14:19:15.683837
61,63838,7.5,2,21,8,141651,47628,Male,Tier 2,Store,0,2026-03-05 14:19:15.683837
48,23734,4.4,9,21,4,46411,126703,Male,Tier 2,Store,0,2026-03-05 14:19:15.683837
61,122187,9.8,9,4,9,35900,88290,Other,Tier 2,Store,0,2026-03-05 14:19:15.683837
64,114329,4.9,10,15,10,111650,116698,Other,Tier 3,Store,0,2026-03-05 14:19:15.683837
19,158269,4.5,5,38,16,47689,21217,Female,Tier 3,Hybrid,0,2026-03-05 14:19:15.683837
49,83895,6.6,5,25,14,64751,10687,Other,Tier 3,Store,0,2026-03-05 14:19:15.683837
35,249633,7.0,4,15,10,121000,46529,Female,Tier 1,Store,0,2026-03-05 14:19:15.683837
30,135424,7.8,1,11,1,112522,27570,Male,Tier 2,Store,0,2026-03-05 14:19:15.683837
63,202903,5.5,10,15,7,127512,92198,Female,Tier 3,Store,0,2026-03-05 14:19:15.683837
22,116255,8.9,3,48,11,64087,124421,Male,Tier 1,Store,0,2026-03-05 14:19:15.683837
75,73073,4.8,4,39,6,58424,105701,Male,Tier 1,Store,0,2026-03-05 14:19:15.683837
59,218997,3.9,7,11,1,120074,134123,Female,Tier 3,Store,0,2026-03-05 14:19:15.683837
61,226560,2.2,7,31,7,145096,55978,Other,Tier 1,Store,0,2026-03-05 14:19:15.683837
27,240683,5.7,7,4,14,124597,57045,Other,Tier 2,Store,0,2026-03-05 14:19:15.683837
73,230547,7.8,7,35,11,57957,136126,Other,Tier 1,Store,0,2026-03-05 14:19:15.683837
60,196374,7.6,4,27,2,47621,115992,Other,Tier 1,Store,0,2026-03-05 14:19:15.683837
42,30624,6.7,9,43,3,55429,47829,Female,Tier 3,Store,0,2026-03-05 14:19:15.683837
51,213343,5.2,4,3,11,125230,104809,Other,Tier 2,Store,0,2026-03-05 14:19:15.683837
54,39315,8.6,6,38,6,144113,106287,Female,Tier 2,Store,0,2026-03-05 14:19:15.683837
47,32422,6.3,1,38,15,30166,129390,Female,Tier 3,Store,0,2026-03-05 14:19:15.683837
24,185209,6.9,1,28,16,11630,88788,Male,Tier 3,Store,0,2026-03-05 14:19:15.683837
23,87663,3.8,6,18,18,146451,31732,Female,Tier 3,Store,0,2026-03-05 14:19:15.683837
71,116216,2.4,1,24,14,87130,44185,Female,Tier 3,Store,0,2026-03-05 14:19:15.683837
72,194304,7.8,1,34,19,109574,43168,Female,Tier 2,Store,0,2026-03-05 14:19:15.683837
20,224214,11.1,6,23,17,104228,91770,Other,Tier 3,Store,0,2026-03-05 14:19:15.683837
30,47743,7.0,8,18,4,17719,10239,Other,Tier 1,Online,1,2026-03-05 14:19:15.683837
20,245618,7.8,9,22,13,121534,92301,Other,Tier 2,Store,0,2026-03-05 14:19:15.683837
43,161708,7.8,6,30,13,67491,30395,Male,Tier 1,Hybrid,0,2026-03-05 14:19:15.683837
74,236956,6.2,1,18,13,61195,43916,Female,Tier 2,Store,0,2026-03-05 14:19:15.683837
79,25108,3.0,7,31,16,95996,45907,Male,Tier 3,Store,0,2026-03-05 14:19:15.683837
41,219706,7.6,2,12,13,80884,119219,Other,Tier 3,Store,0,2026-03-05 14:19:15.683837
70,51180,9.2,7,45,3,5730,79657,Other,Tier 2,Store,0,2026-03-05 14:19:15.683837
23,33883,7.2,10,17,9,115949,65166,Other,Tier 2,Store,0,2026-03-05 14:19:15.683837
60,59400,5.7,10,6,3,120330,45798,Male,Tier 3,Store,0,2026-03-05 14:19:15.683837
77,192071,7.0,4,44,2,21500,113487,Female,Tier 1,Store,0,2026-03-05 14:19:15.683837
75,62951,6.0,1,23,6,53369,67510,Male,Tier 2,Store,0,2026-03-05 14:19:15.683837
66,153232,8.8,9,45,19,84223,11161,Female,Tier 1,Online,1,2026-03-05 14:19:15.683837
59,70262,6.6,1,16,6,74079,29528,Male,Tier 3,Store,0,2026-03-05 14:19:15.683837
29,166001,7.6,7,14,2,90081,142533,Female,Tier 1,Store,0,2026-03-05 14:19:15.683837
66,98133,8.5,6,8,12,102274,69231,Female,Tier 2,Store,0,2026-03-05 14:19:15.683837
53,157195,7.6,7,33,3,128499,75649,Other,Tier 3,Store,0,2026-03-05 14:19:15.683837
19,130106,6.3,10,34,18,90868,28111,Other,Tier 3,Hybrid,0,2026-03-05 14:19:15.683837
28,174429,3.2,1,7,3,43136,139192,Other,Tier 3,Store,0,2026-03-05 14:19:15.683837
56,85496,7.1,1,49,14,16617,43556,Female,Tier 2,Store,0,2026-03-05 14:19:15.683837
51,179628,8.1,6,10,19,9278,75707,Male,Tier 1,Store,0,2026-03-05 14:19:15.683837
43,229863,3.0,8,23,11,73960,142316,Other,Tier 3,Store,0,2026-03-05 14:19:15.683837
35,76934,7.0,3,41,13,38518,12101,Female,Tier 3,Store,0,2026-03-05 14:19:15.683837
38,93886,6.2,10,29,3,17923,1939,Other,Tier 3,Online,1,2026-03-05 14:19:15.683837
53,45881,1.7,2,20,2,106445,121687,Other,Tier 1,Store,0,2026-03-05 14:19:15.683837
57,33409,6.9,4,42,5,114575,97535,Other,Tier 1,Store,0,2026-03-05 14:19:15.683837
69,201488,9.0,8,34,14,89436,25773,Male,Tier 2,Store,0,2026-03-05 14:19:15.683837
63,113171,6.3,9,11,4,146628,139510,Male,Tier 2,Store,0,2026-03-05 14:19:15.683837
61,214054,2.0,6,8,5,90879,95049,Other,Tier 2,Store,0,2026-03-05 14:19:15.683837
39,176729,6.9,7,11,11,918,14069,Female,Tier 3,Online,1,2026-03-05 14:19:15.683837
70,232815,8.4,1,27,6,50822,68347,Female,Tier 1,Store,0,2026-03-05 14:19:15.683837
76,63951,4.5,5,28,19,96724,25840,Other,Tier 3,Store,0,2026-03-05 14:19:15.683837
47,23752,5.7,6,45,10,70643,90584,Male,Tier 1,Store,0,2026-03-05 14:19:15.683837
67,132339,5.5,10,44,16,108412,78625,Male,Tier 3,Store,0,2026-03-05 14:19:15.683837
60,159512,6.4,6,39,11,82303,48187,Female,Tier 3,Store,0,2026-03-05 14:19:15.683837
78,59864,5.4,6,34,7,14356,47308,Male,Tier 1,Store,0,2026-03-05 14:19:15.683837
77,195763,8.8,7,28,12,80528,64531,Other,Tier 3,Store,0,2026-03-05 14:19:15.683837
47,87035,8.8,4,5,17,72064,109827,Male,Tier 2,Store,0,2026-03-05 14:19:15.683837
25,101675,4.9,5,15,18,115926,131602,Male,Tier 2,Store,0,2026-03-05 14:19:15.683837
51,226375,8.8,6,45,17,66221,95646,Other,Tier 2,Store,0,2026-03-05 14:19:15.683837
74,37343,2.8,9,27,9,129352,146560,Female,Tier 3,Store,0,2026-03-05 14:19:15.683837
64,239320,4.5,4,0,5,15962,118142,Female,Tier 3,Store,0,2026-03-05 14:19:15.683837
26,34673,7.4,4,28,4,20182,51732,Female,Tier 2,Store,0,2026-03-05 14:19:15.683837
68,206026,6.3,7,39,12,21586,68582,Male,Tier 2,Store,0,2026-03-05 14:19:15.683837
37,200770,6.4,1,5,6,80704,50145,Female,Tier 3,Store,0,2026-03-05 14:19:15.683837
57,110024,6.9,7,26,10,31443,11695,Other,Tier 3,Online,1,2026-03-05 14:19:15.683837
42,41520,5.2,8,36,12,5682,41185,Male,Tier 2,Store,0,2026-03-05 14:19:15.683837
36,30784,8.6,2,21,4,40645,42579,Other,Tier 1,Store,0,2026-03-05 14:19:15.683837
22,132446,7.5,4,6,18,21215,66451,Female,Tier 3,Store,0,2026-03-05 14:19:15.683837
28,53079,5.9,4,0,18,51461,126512,Other,Tier 2,Store,0,2026-03-05 14:19:15.683837
32,59220,8.0,10,12,3,23923,114799,Other,Tier 2,Store,0,2026-03-05 14:19:15.683837
25,166563,7.1,10,47,11,71570,2001,Other,Tier 2,Online,1,2026-03-05 14:19:15.683837
36,127878,5.7,6,43,17,66278,55750,Female,Tier 1,Store,0,2026-03-05 14:19:15.683837
40,131583,5.6,7,13,2,86952,32221,Male,Tier 1,Store,0,2026-03-05 14:19:15.683837
44,63720,3.9,7,14,10,8405,10372,Male,Tier 1,Online,1,2026-03-05 14:19:15.683837
57,246876,4.9,4,11,8,90143,143684,Male,Tier 3,Store,0,2026-03-05 14:19:15.683837
49,29718,5.8,3,48,17,31276,54783,Female,Tier 1,Store,0,2026-03-05 14:19:15.683837
43,181669,6.3,4,40,11,93649,8386,Male,Tier 1,Hybrid,0,2026-03-05 14:19:15.683837
44,76217,4.3,9,3,8,20583,64638,Other,Tier 3,Store,0,2026-03-05 14:19:15.683837
79,244423,6.2,10,49,5,35916,5377,Other,Tier 2,Online,1,2026-03-05 14:19:15.683837
36,115668,5.1,7,43,1,100248,95746,Other,Tier 3,Store,0,2026-03-05 14:19:15.683837
67,172904,4.7,3,42,0,22342,37632,Male,Tier 1,Store,0,2026-03-05 14:19:15.683837
59,200890,7.2,3,20,3,136553,29461,Female,Tier 1,Store,0,2026-03-05 14:19:15.683837
46,243470,6.5,5,1,19,28243,42192,Male,Tier 3,Store,0,2026-03-05 14:19:15.683837
56,158936,5.9,8,20,17,68709,542,Female,Tier 2,Online,1,2026-03-05 14:19:15.683837
77,103378,7.2,5,13,3,120920,82413,Female,Tier 3,Store,0,2026-03-05 14:19:15.683837
58,23177,3.6,6,43,10,39086,127903,Female,Tier 3,Store,0,2026-03-05 14:19:15.683837
50,192187,3.7,9,1,0,17474,134608,Female,Tier 3,Store,0,2026-03-05 14:19:15.683837
36,137318,5.3,9,10,6,84015,60436,Female,Tier 2,Store,0,2026-03-05 14:19:15.683837
54,202282,5.8,6,36,10,108857,148213,Male,Tier 2,Store,0,2026-03-05 14:19:15.683837
36,198026,7.5,5,13,15,50320,90901,Female,Tier 1,Store,0,2026-03-05 14:19:15.683837
50,126145,4.7,8,46,18,72881,136114,Male,Tier 3,Store,0,2026-03-05 14:19:15.683837
64,157916,4.8,1,19,12,64617,70001,Other,Tier 2,Store,0,2026-03-05 14:19:15.683837
33,220202,8.2,3,34,0,131214,46134,Other,Tier 1,Store,0,2026-03-05 14:19:15.683837
40,28418,3.8,6,26,11,83313,149187,Female,Tier 1,Store,0,2026-03-05 14:19:15.683837
24,180926,8.0,8,48,0,146017,7549,Other,Tier 1,Online,1,2026-03-05 14:19:15.683837
43,234716,6.0,6,5,13,122182,70530,Other,Tier 3,Store,0,2026-03-05 14:19:15.683837
49,222027,4.4,10,6,12,49943,79840,Female,Tier 2,Store,0,2026-03-05 14:19:15.683837
29,103075,3.8,6,44,15,80056,65855,Male,Tier 3,Store,0,2026-03-05 14:19:15.683837
25,190022,5.6,4,0,4,110471,77416,Other,Tier 3,Store,0,2026-03-05 14:19:15.683837
22,80227,7.3,7,12,3,42453,42830,Other,Tier 2,Store,0,2026-03-05 14:19:15.683837
59,158907,6.0,7,37,3,54101,137095,Male,Tier 1,Store,0,2026-03-05 14:19:15.683837
45,32533,7.8,1,16,7,49450,69690,Other,Tier 3,Store,0,2026-03-05 14:19:15.683837
70,241123,7.8,3,37,14,4937,14669,Female,Tier 2,Store,0,2026-03-05 14:19:15.683837
22,116457,7.6,9,35,15,134044,143538,Other,Tier 3,Store,0,2026-03-05 14:19:15.683837
66,122504,7.7,6,37,6,53541,71502,Other,Tier 3,Store,0,2026-03-05 14:19:15.683837
43,233930,4.9,4,0,7,108462,109185,Other,Tier 2,Store,0,2026-03-05 14:19:15.683837
22,156295,7.6,8,0,17,38107,47681,Other,Tier 2,Store,0,2026-03-05 14:19:15.683837
39,139202,10.3,7,18,15,110809,36551,Female,Tier 2,Store,0,2026-03-05 14:19:15.683837
32,25273,8.0,10,29,14,116658,23455,Male,Tier 2,Online,1,2026-03-05 14:19:15.683837
30,48519,5.2,6,12,19,63644,48949,Male,Tier 1,Store,0,2026-03-05 14:19:15.683837
45,170232,4.8,4,6,15,92133,133443,Female,Tier 2,Store,0,2026-03-05 14:19:15.683837
50,142024,6.2,4,42,15,46097,145093,Other,Tier 2,Store,0,2026-03-05 14:19:15.683837
60,220457,7.5,8,19,1,113450,94895,Female,Tier 1,Store,0,2026-03-05 14:19:15.683837
40,139540,6.4,3,43,5,108232,121011,Male,Tier 3,Store,0,2026-03-05 14:19:15.683837
50,237264,3.8,9,8,10,120112,91988,Female,Tier 1,Store,0,2026-03-05 14:19:15.683837
60,195060,7.5,8,12,4,145563,82128,Female,Tier 2,Store,0,2026-03-05 14:19:15.683837
35,156420,7.9,4,38,14,91068,9453,Female,Tier 1,Online,1,2026-03-05 14:19:15.683837
67,98460,4.2,3,19,13,6049,41164,Female,Tier 1,Store,0,2026-03-05 14:19:15.683837
70,119471,7.9,4,24,15,36714,88467,Other,Tier 3,Store,0,2026-03-05 14:19:15.683837
47,119668,6.2,2,4,15,73812,18429,Female,Tier 2,Store,0,2026-03-05 14:19:15.683837
43,82519,7.0,6,47,8,52301,68086,Female,Tier 3,Store,0,2026-03-05 14:19:15.683837
33,105426,7.0,3,49,18,135343,118157,Male,Tier 2,Store,0,2026-03-05 14:19:15.683837
30,29629,6.6,3,24,4,8983,3780,Other,Tier 3,Online,1,2026-03-05 14:19:15.683837
56,64056,5.2,1,11,7,61088,74099,Male,Tier 1,Store,0,2026-03-05 14:19:15.683837
50,26273,7.0,8,25,13,6097,42773,Female,Tier 1,Store,0,2026-03-05 14:19:15.683837
43,135484,6.1,8,21,8,74819,17754,Male,Tier 3,Hybrid,0,2026-03-05 14:19:15.683837
65,112275,6.7,9,0,11,120956,67026,Other,Tier 2,Store,0,2026-03-05 14:19:15.683837
18,186488,5.5,5,7,14,75010,71743,Female,Tier 2,Store,0,2026-03-05 14:19:15.683837
66,153966,6.8,4,35,13,42926,20040,Female,Tier 2,Online,1,2026-03-05 14:19:15.683837
55,61073,6.0,9,48,1,21570,57105,Male,Tier 1,Store,0,2026-03-05 14:19:15.683837
19,60693,4.0,3,2,3,49911,53928,Female,Tier 1,Store,0,2026-03-05 14:19:15.683837
66,197538,7.1,4,21,7,146542,118855,Male,Tier 1,Store,0,2026-03-05 14:19:15.683837
23,39343,8.2,8,49,1,127998,146408,Female,Tier 1,Store,0,2026-03-05 14:19:15.683837
63,58095,6.8,2,39,18,99795,45429,Female,Tier 2,Store,0,2026-03-05 14:19:15.683837
67,177246,5.7,3,20,17,149001,18106,Female,Tier 3,Hybrid,0,2026-03-05 14:19:15.683837
55,196873,6.8,3,20,5,25268,26905,Female,Tier 2,Store,0,2026-03-05 14:19:15.683837
59,137388,4.7,8,30,19,26153,1836,Male,Tier 1,Online,1,2026-03-05 14:19:15.683837
41,218508,7.6,2,0,15,77133,85412,Other,Tier 3,Store,0,2026-03-05 14:19:15.683837
35,129441,7.8,8,40,0,5110,4367,Other,Tier 1,Online,1,2026-03-05 14:19:15.683837
44,215408,5.9,7,26,8,53203,46321,Male,Tier 3,Store,0,2026-03-05 14:19:15.683837
58,115782,6.3,1,1,1,12628,57977,Male,Tier 2,Store,0,2026-03-05 14:19:15.683837
25,188998,4.0,8,28,14,28873,58289,Female,Tier 3,Store,0,2026-03-05 14:19:15.683837
45,87590,7.2,1,41,18,147628,129341,Other,Tier 3,Store,0,2026-03-05 14:19:15.683837
27,184899,5.6,9,45,8,116847,140905,Other,Tier 2,Store,0,2026-03-05 14:19:15.683837
34,123263,1.0,1,0,8,76120,28294,Male,Tier 3,Store,0,2026-03-05 14:19:15.683837
72,190847,6.3,5,41,4,146207,87417,Other,Tier 3,Store,0,2026-03-05 14:19:15.683837
79,187273,5.8,8,7,3,52601,2453,Female,Tier 3,Online,1,2026-03-05 14:19:15.683837
46,44373,4.0,4,34,4,83377,3579,Other,Tier 1,Online,1,2026-03-05 14:19:15.683837
75,42525,8.0,6,44,11,128620,75932,Male,Tier 1,Store,0,2026-03-05 14:19:15.683837
23,142716,5.2,1,34,0,51995,64204,Female,Tier 1,Store,0,2026-03-05 14:19:15.683837
31,119513,4.6,3,6,18,58390,66918,Male,Tier 3,Store,0,2026-03-05 14:19:15.683837
39,218723,8.2,5,22,8,84338,98679,Female,Tier 3,Store,0,2026-03-05 14:19:15.683837
71,144401,6.8,2,22,11,123134,55740,Female,Tier 2,Store,0,2026-03-05 14:19:15.683837
23,111643,4.1,1,42,12,35637,17669,Other,Tier 2,Store,0,2026-03-05 14:19:15.683837
43,176558,6.0,9,45,19,83461,35422,Female,Tier 3,Store,0,2026-03-05 14:19:15.683837
56,224676,4.5,8,38,16,144828,9942,Female,Tier 3,Online,1,2026-03-05 14:19:15.683837
29,164712,3.5,3,18,2,105529,124598,Male,Tier 3,Store,0,2026-03-05 14:19:15.683837
52,112694,3.4,6,14,12,70165,63749,Other,Tier 1,Store,0,2026-03-05 14:19:15.683837
31,207527,7.4,8,7,13,75263,10311,Female,Tier 3,Online,1,2026-03-05 14:19:15.683837
39,51136,4.5,6,32,3,17160,11802,Male,Tier 2,Online,1,2026-03-05 14:19:15.683837
68,208497,4.1,8,34,3,89203,82508,Female,Tier 1,Store,0,2026-03-05 14:19:15.683837
40,71539,5.6,3,39,0,114429,62948,Male,Tier 2,Store,0,2026-03-05 14:19:15.683837
65,227736,11.2,4,12,5,118787,40769,Female,Tier 3,Store,0,2026-03-05 14:19:15.683837
24,171014,7.0,8,49,10,55562,49883,Male,Tier 3,Store,0,2026-03-05 14:19:15.683837
57,83363,7.7,10,30,1,114909,120673,Female,Tier 3,Store,0,2026-03-05 14:19:15.683837
67,204668,4.1,10,6,18,19336,92613,Other,Tier 1,Store,0,2026-03-05 14:19:15.683837
42,96526,6.9,8,19,17,59952,125290,Other,Tier 1,Store,0,2026-03-05 14:19:15.683837
30,50255,6.0,6,37,19,64286,107480,Male,Tier 3,Store,0,2026-03-05 14:19:15.683837
38,208201,4.6,10,7,15,30893,7608,Other,Tier 2,Online,1,2026-03-05 14:19:15.683837
58,231595,5.6,6,35,2,23038,66212,Male,Tier 1,Store,0,2026-03-05 14:19:15.683837
27,133209,4.8,9,13,0,92424,19939,Male,Tier 1,Online,1,2026-03-05 14:19:15.683837
70,208358,6.3,8,29,1,16236,79971,Other,Tier 3,Store,0,2026-03-05 14:19:15.683837
72,101437,5.6,3,8,12,115587,21985,Other,Tier 1,Store,0,2026-03-05 14:19:15.683837
76,162349,4.8,7,12,13,98252,38303,Female,Tier 1,Store,0,2026-03-05 14:19:15.683837
26,147715,5.5,9,11,7,29332,1327,Male,Tier 3,Online,1,2026-03-05 14:19:15.683837
32,130900,7.8,10,1,13,15448,123636,Female,Tier 1,Store,0,2026-03-05 14:19:15.683837
69,38729,3.7,3,37,5,62443,96736,Male,Tier 1,Store,0,2026-03-05 14:19:15.683837
19,232695,4.9,9,20,11,7783,72150,Female,Tier 2,Store,0,2026-03-05 14:19:15.683837
42,36818,6.7,5,28,3,22903,37732,Female,Tier 2,Store,0,2026-03-05 14:19:15.683837
30,80555,4.8,10,19,8,30739,63583,Other,Tier 3,Store,0,2026-03-05 14:19:15.683837
51,113979,8.5,9,49,6,85783,16627,Male,Tier 3,Online,1,2026-03-05 14:19:15.683837
68,68629,8.3,1,8,0,14935,25777,Other,Tier 3,Store,0,2026-03-05 14:19:15.683837
75,130296,8.4,4,14,3,44486,92314,Male,Tier 3,Store,0,2026-03-05 14:19:15.683837
51,70438,7.3,9,32,5,51275,19678,Other,Tier 2,Online,1,2026-03-05 14:19:15.683837
52,24457,8.0,9,6,10,44662,128872,Female,Tier 1,Store,0,2026-03-05 14:19:15.683837
55,205701,6.0,6,2,7,1665,44936,Female,Tier 1,Store,0,2026-03-05 14:19:15.683837
20,48922,4.9,10,22,12,13034,75848,Female,Tier 1,Store,0,2026-03-05 14:19:15.683837
59,155892,5.0,6,21,8,34386,34157,Other,Tier 2,Store,0,2026-03-05 14:19:15.683837
73,178822,2.9,3,38,18,98325,49666,Other,Tier 1,Store,0,2026-03-05 14:19:15.683837
76,123122,5.3,10,12,17,23250,25204,Female,Tier 2,Store,0,2026-03-05 14:19:15.683837
23,117020,5.4,5,8,18,4631,1617,Other,Tier 3,Store,0,2026-03-05 14:19:15.683837
72,249618,5.7,8,33,4,119778,111847,Other,Tier 2,Store,0,2026-03-05 14:19:15.683837
65,183862,11.0,2,11,9,138971,71956,Male,Tier 3,Store,0,2026-03-05 14:19:15.683837
66,103405,4.5,2,33,14,34622,63051,Male,Tier 2,Store,0,2026-03-05 14:19:15.683837
36,131130,5.6,4,44,7,135742,142649,Female,Tier 3,Store,0,2026-03-05 14:19:15.683837
20,180493,10.3,9,32,18,28812,128509,Other,Tier 3,Store,0,2026-03-05 14:19:15.683837
35,83038,4.6,5,49,7,127795,64673,Male,Tier 1,Store,0,2026-03-05 14:19:15.683837
56,228273,3.9,3,34,14,37240,132101,Other,Tier 1,Store,0,2026-03-05 14:19:15.683837
26,77325,5.6,8,27,18,82544,31741,Female,Tier 1,Store,0,2026-03-05 14:19:15.683837
69,40600,4.6,7,38,3,127176,50767,Other,Tier 1,Store,0,2026-03-05 14:19:15.683837
29,175466,8.2,9,2,2,142294,74202,Male,Tier 3,Store,0,2026-03-05 14:19:15.683837
22,225694,6.3,10,46,4,36415,12053,Other,Tier 3,Online,1,2026-03-05 14:19:15.683837
20,182243,3.8,6,11,11,28199,125725,Female,Tier 2,Store,0,2026-03-05 14:19:15.683837
28,245611,6.6,2,42,15,17088,55908,Other,Tier 1,Store,0,2026-03-05 14:19:15.683837
74,76526,6.4,1,12,7,4790,21370,Other,Tier 1,Store,0,2026-03-05 14:19:15.683837
47,28149,3.3,5,2,19,49058,32002,Female,Tier 1,Store,0,2026-03-05 14:19:15.683837
21,176466,6.9,7,17,17,90005,134618,Female,Tier 1,Store,0,2026-03-05 14:19:15.683837
22,160468,7.0,7,46,11,49927,103720,Other,Tier 3,Store,0,2026-03-05 14:19:15.683837
18,169396,3.3,2,25,4,84122,138983,Other,Tier 2,Store,0,2026-03-05 14:19:15.683837
44,193270,3.6,6,9,7,135207,85709,Other,Tier 2,Store,0,2026-03-05 14:19:15.683837
45,228777,5.3,1,3,7,36901,140169,Male,Tier 2,Store,0,2026-03-05 14:19:15.683837
46,127168,4.8,1,36,0,97847,127063,Other,Tier 3,Store,0,2026-03-05 14:19:15.683837
35,124813,7.2,2,11,7,126193,27415,Other,Tier 1,Store,0,2026-03-05 14:19:15.683837
29,106779,5.1,5,15,18,66106,114518,Male,Tier 1,Store,0,2026-03-05 14:19:15.683837
30,177088,5.6,10,16,17,96310,116402,Female,Tier 1,Store,0,2026-03-05 14:19:15.683837
58,149266,3.9,10,39,19,115745,13946,Female,Tier 3,Hybrid,0,2026-03-05 14:19:15.683837
19,47398,7.9,2,30,9,51740,82308,Male,Tier 3,Store,0,2026-03-05 14:19:15.683837
54,19789,4.5,10,25,7,141200,13635,Female,Tier 2,Online,1,2026-03-05 14:19:15.683837
62,231767,3.9,3,1,12,102556,47269,Other,Tier 2,Store,0,2026-03-05 14:19:15.683837
33,79967,6.1,9,28,4,102728,39325,Other,Tier 2,Store,0,2026-03-05 14:19:15.683837
65,207206,8.1,5,29,10,79009,47036,Female,Tier 3,Store,0,2026-03-05 14:19:15.683837
41,216958,6.9,3,47,7,126732,106619,Male,Tier 3,Store,0,2026-03-05 14:19:15.683837
52,113837,4.9,5,46,18,55030,133966,Other,Tier 2,Store,0,2026-03-05 14:19:15.683837
39,171049,5.2,3,10,18,119386,121153,Other,Tier 3,Store,0,2026-03-05 14:19:15.683837
53,116967,3.3,5,36,8,133449,2541,Female,Tier 1,Online,1,2026-03-05 14:19:15.683837
28,146201,9.8,10,33,15,62709,45358,Male,Tier 1,Store,0,2026-03-05 14:19:15.683837
72,74683,9.1,6,6,11,63740,61877,Other,Tier 2,Store,0,2026-03-05 14:19:15.683837
75,60331,6.6,9,38,3,23543,50523,Female,Tier 2,Store,0,2026-03-05 14:19:15.683837
63,49626,6.0,2,28,3,52155,12347,Other,Tier 1,Online,1,2026-03-05 14:19:15.683837
46,194575,3.7,3,32,11,74630,137906,Female,Tier 2,Store,0,2026-03-05 14:19:15.683837
52,173621,5.7,6,48,13,68680,37698,Male,Tier 2,Store,0,2026-03-05 14:19:15.683837
65,27342,7.8,2,26,15,114036,30922,Other,Tier 3,Store,0,2026-03-05 14:19:15.683837
71,51417,7.5,8,15,11,126812,80720,Other,Tier 1,Store,0,2026-03-05 14:19:15.683837
32,222586,5.1,10,16,14,49415,43438,Female,Tier 1,Store,0,2026-03-05 14:19:15.683837
77,198321,7.6,7,10,0,109533,52193,Other,Tier 2,Store,0,2026-03-05 14:19:15.683837
48,67664,8.3,1,13,7,54126,32638,Other,Tier 3,Store,0,2026-03-05 14:19:15.683837
59,249236,6.1,5,12,2,96451,84028,Male,Tier 3,Store,0,2026-03-05 14:19:15.683837
58,23833,8.0,5,34,11,121327,34965,Male,Tier 3,Store,0,2026-03-05 14:19:15.683837
60,75658,9.3,1,25,5,106010,6749,Male,Tier 2,Online,1,2026-03-05 14:19:15.683837
33,245099,9.8,6,24,8,124526,68673,Female,Tier 2,Store,0,2026-03-05 14:19:15.683837
27,175545,4.8,2,39,19,134365,17261,Other,Tier 1,Store,0,2026-03-05 14:19:15.683837
66,146809,6.9,3,43,19,62149,144935,Other,Tier 2,Store,0,2026-03-05 14:19:15.683837
49,109965,7.4,5,42,5,114050,124080,Other,Tier 2,Store,0,2026-03-05 14:19:15.683837
68,192719,6.0,6,11,14,25923,133870,Male,Tier 1,Store,0,2026-03-05 14:19:15.683837
19,79054,8.5,2,46,3,70984,87066,Other,Tier 3,Store,0,2026-03-05 14:19:15.683837
41,16299,6.1,4,3,4,54668,20576,Male,Tier 1,Hybrid,0,2026-03-05 14:19:15.683837
40,209353,5.7,3,41,16,13290,138802,Female,Tier 1,Store,0,2026-03-05 14:19:15.683837
19,80875,3.4,1,47,8,3042,29939,Other,Tier 2,Store,0,2026-03-05 14:19:15.683837
55,178992,2.6,4,40,10,7555,107086,Female,Tier 3,Store,0,2026-03-05 14:19:15.683837
48,200908,5.3,6,48,6,133284,8645,Male,Tier 2,Online,1,2026-03-05 14:19:15.683837
68,188453,1.0,10,26,5,87100,121534,Female,Tier 2,Store,0,2026-03-05 14:19:15.683837
57,129286,8.5,7,44,10,84441,124986,Other,Tier 2,Store,0,2026-03-05 14:19:15.683837
43,231043,7.8,6,7,13,76992,133894,Other,Tier 1,Store,0,2026-03-05 14:19:15.683837
46,113730,7.4,1,7,10,24624,124573,Other,Tier 1,Store,0,2026-03-05 14:19:15.683837
20,71298,8.2,5,28,18,116585,106222,Other,Tier 1,Store,0,2026-03-05 14:19:15.683837
75,170581,5.4,5,2,12,6175,61690,Male,Tier 1,Store,0,2026-03-05 14:19:15.683837
31,136035,6.4,6,20,7,68875,48757,Other,Tier 3,Store,0,2026-03-05 14:19:15.683837
42,188167,5.3,5,30,18,106004,12307,Female,Tier 1,Online,1,2026-03-05 14:19:15.683837
65,197596,8.2,9,12,13,79231,76169,Female,Tier 2,Store,0,2026-03-05 14:19:15.683837
18,124825,1.0,6,30,4,103657,124214,Other,Tier 1,Store,0,2026-03-05 14:19:15.683837
70,130637,8.2,9,16,10,36242,141607,Other,Tier 2,Store,0,2026-03-05 14:19:15.683837
20,212981,2.4,4,47,1,66557,40194,Female,Tier 2,Store,0,2026-03-05 14:19:15.683837
71,87618,5.6,3,31,14,76260,143564,Female,Tier 3,Store,0,2026-03-05 14:19:15.683837
43,40532,3.9,6,23,15,66760,44955,Other,Tier 2,Store,0,2026-03-05 14:19:15.683837
35,123197,5.7,1,1,0,68761,133085,Other,Tier 2,Store,0,2026-03-05 14:19:15.683837
26,145860,4.9,10,41,2,134617,79926,Other,Tier 1,Store,0,2026-03-05 14:19:15.683837
55,75285,5.2,5,2,9,126646,133302,Other,Tier 2,Store,0,2026-03-05 14:19:15.683837
40,33866,7.1,2,25,3,58896,30451,Male,Tier 2,Store,0,2026-03-05 14:19:15.683837
38,153665,6.4,6,1,15,26712,46134,Other,Tier 2,Store,0,2026-03-05 14:19:15.683837
74,24495,8.0,3,32,8,24054,957,Female,Tier 1,Online,1,2026-03-05 14:19:15.683837
18,22837,6.8,9,33,3,97715,16184,Female,Tier 2,Hybrid,0,2026-03-05 14:19:15.683837
38,222780,2.8,2,25,18,10065,42241,Female,Tier 2,Store,0,2026-03-05 14:19:15.683837
44,164752,10.7,1,33,18,16674,85628,Other,Tier 3,Store,0,2026-03-05 14:19:15.683837
59,201548,2.0,7,37,9,130279,82137,Female,Tier 2,Store,0,2026-03-05 14:19:15.683837
76,45346,6.6,5,13,9,85599,145334,Female,Tier 2,Store,0,2026-03-05 14:19:15.683837
23,123621,7.5,1,30,13,135616,109145,Male,Tier 2,Store,0,2026-03-05 14:19:15.683837
72,38412,6.6,5,19,0,68457,120090,Male,Tier 1,Store,0,2026-03-05 14:19:15.683837
61,234471,5.6,4,9,15,14249,35265,Female,Tier 1,Store,0,2026-03-05 14:19:15.683837
53,133833,9.0,1,19,19,93417,54838,Female,Tier 3,Store,0,2026-03-05 14:19:15.683837
45,176876,8.2,8,32,4,105209,59129,Male,Tier 1,Store,0,2026-03-05 14:19:15.683837
62,80206,6.0,4,44,13,34365,135683,Other,Tier 2,Store,0,2026-03-05 14:19:15.683837
34,25934,5.1,10,47,17,63885,48927,Male,Tier 2,Store,0,2026-03-05 14:19:15.683837
76,45723,4.4,7,1,7,55609,147053,Female,Tier 1,Store,0,2026-03-05 14:19:15.683837
57,142968,4.5,6,45,9,108301,110451,Other,Tier 2,Store,0,2026-03-05 14:19:15.683837
75,166477,5.9,9,11,2,21032,122596,Other,Tier 1,Store,0,2026-03-05 14:19:15.683837
69,164820,2.7,1,15,7,125110,1579,Male,Tier 3,Online,1,2026-03-05 14:19:15.683837
20,216838,6.0,10,8,14,101864,97726,Male,Tier 1,Store,0,2026-03-05 14:19:15.683837
29,192485,7.6,9,10,13,92122,90712,Female,Tier 3,Store,0,2026-03-05 14:19:15.683837
56,168426,4.9,8,20,2,54594,140462,Male,Tier 3,Store,0,2026-03-05 14:19:15.683837
29,220562,6.0,5,11,14,105966,27334,Male,Tier 3,Store,0,2026-03-05 14:19:15.683837
19,136988,6.6,3,3,0,125483,143683,Other,Tier 2,Store,0,2026-03-05 14:19:15.683837
73,234747,7.0,10,25,6,7178,49211,Male,Tier 2,Store,0,2026-03-05 14:19:15.683837
63,163460,5.6,2,18,13,140040,123880,Male,Tier 3,Store,0,2026-03-05 14:19:15.683837
39,51523,9.5,9,41,3,77789,90200,Female,Tier 3,Store,0,2026-03-05 14:19:15.683837
40,116150,6.0,3,46,13,139999,148865,Female,Tier 1,Store,0,2026-03-05 14:19:15.683837
47,135950,3.3,4,16,8,42290,66903,Male,Tier 2,Store,0,2026-03-05 14:19:15.683837
22,203765,5.2,6,43,9,44940,121818,Female,Tier 3,Store,0,2026-03-05 14:19:15.683837
26,181804,8.6,5,0,9,78951,145023,Male,Tier 3,Store,0,2026-03-05 14:19:15.683837
38,56646,8.4,6,47,6,82402,43264,Other,Tier 1,Store,0,2026-03-05 14:19:15.683837
28,167093,2.6,2,7,14,36432,129985,Male,Tier 3,Store,0,2026-03-05 14:19:15.683837
22,239310,5.4,5,29,3,88762,99999,Female,Tier 1,Store,0,2026-03-05 14:19:15.683837
52,247131,4.9,4,40,17,2789,108718,Other,Tier 3,Store,0,2026-03-05 14:19:15.683837
44,67776,7.6,1,23,15,105027,80024,Female,Tier 1,Store,0,2026-03-05 14:19:15.683837
66,34116,3.7,4,42,18,55214,126051,Male,Tier 1,Store,0,2026-03-05 14:19:15.683837
19,218081,9.1,2,16,7,139783,136955,Other,Tier 3,Store,0,2026-03-05 14:19:15.683837
41,127858,3.1,7,29,15,64646,58816,Female,Tier 1,Store,0,2026-03-05 14:19:15.683837
48,234343,5.7,7,40,5,28209,124092,Male,Tier 2,Store,0,2026-03-05 14:19:15.683837
50,246069,3.6,5,42,18,1871,99227,Other,Tier 3,Store,0,2026-03-05 14:19:15.683837
56,91620,7.3,1,8,9,17685,10831,Other,Tier 1,Store,0,2026-03-05 14:19:15.683837
47,190843,1.9,1,1,12,148292,73605,Male,Tier 3,Store,0,2026-03-05 14:19:15.683837
63,174828,5.7,7,25,15,53239,23749,Male,Tier 3,Hybrid,0,2026-03-05 14:19:15.683837
54,97604,5.6,10,31,1,98602,40156,Other,Tier 1,Hybrid,0,2026-03-05 14:19:15.683837
68,109452,4.2,1,26,7,85543,731,Female,Tier 1,Online,1,2026-03-05 14:19:15.683837
45,148991,8.4,2,40,8,6741,2683,Other,Tier 1,Online,1,2026-03-05 14:19:15.683837
77,38550,9.4,4,10,6,144608,17070,Female,Tier 3,Online,1,2026-03-05 14:19:15.683837
48,182596,5.2,5,0,4,141107,76311,Female,Tier 3,Store,0,2026-03-05 14:19:15.683837
28,200678,6.3,1,36,7,125081,125920,Other,Tier 1,Store,0,2026-03-05 14:19:15.683837
40,214891,4.8,1,17,2,104721,113398,Female,Tier 1,Store,0,2026-03-05 14:19:15.683837
74,85227,3.5,3,7,12,122565,144459,Female,Tier 1,Store,0,2026-03-05 14:19:15.683837
19,38212,3.8,1,26,19,11385,40134,Other,Tier 3,Store,0,2026-03-05 14:19:15.683837
57,55118,3.8,3,17,18,44790,103466,Female,Tier 2,Store,0,2026-03-05 14:19:15.683837
58,43602,8.5,5,8,11,137830,146185,Female,Tier 3,Store,0,2026-03-05 14:19:15.683837
44,32540,6.9,3,1,18,100848,110692,Female,Tier 3,Store,0,2026-03-05 14:19:15.683837
52,181901,4.1,10,16,7,139545,82240,Male,Tier 1,Store,0,2026-03-05 14:19:15.683837
19,202381,4.3,8,10,18,48627,107391,Other,Tier 3,Store,0,2026-03-05 14:19:15.683837
56,211475,4.0,5,45,5,72068,130511,Female,Tier 1,Store,0,2026-03-05 14:19:15.683837
54,86455,2.2,5,5,6,4774,84923,Female,Tier 2,Store,0,2026-03-05 14:19:15.683837
38,37277,7.0,6,4,16,58254,18428,Female,Tier 1,Store,0,2026-03-05 14:19:15.683837
75,134133,5.7,4,11,14,112815,121794,Other,Tier 1,Store,0,2026-03-05 14:19:15.683837
22,205745,9.4,5,43,13,135243,81335,Other,Tier 3,Store,0,2026-03-05 14:19:15.683837
69,163748,1.8,6,41,14,34100,40864,Female,Tier 2,Store,0,2026-03-05 14:19:15.683837
62,188916,7.7,6,34,7,106801,53322,Male,Tier 2,Store,0,2026-03-05 14:19:15.683837
38,210780,7.9,5,23,7,33363,51985,Female,Tier 1,Store,0,2026-03-05 14:19:15.683837
46,24752,8.1,10,29,19,88370,144085,Male,Tier 3,Store,0,2026-03-05 14:19:15.683837
37,227620,6.5,6,16,5,23341,91752,Other,Tier 1,Store,0,2026-03-05 14:19:15.683837
78,220783,7.8,9,46,2,47459,114861,Male,Tier 2,Store,0,2026-03-05 14:19:15.683837
55,186742,6.6,8,35,15,86771,80955,Male,Tier 1,Store,0,2026-03-05 14:19:15.683837
37,213675,4.5,4,5,2,69700,31722,Other,Tier 2,Store,0,2026-03-05 14:19:15.683837
67,177550,5.2,2,31,12,45105,28788,Male,Tier 1,Store,0,2026-03-05 14:19:15.683837
42,172511,5.1,4,33,14,3894,117821,Female,Tier 2,Store,0,2026-03-05 14:19:15.683837
19,180819,8.3,6,43,9,101720,56311,Female,Tier 1,Store,0,2026-03-05 14:19:15.683837
74,140332,8.6,10,15,8,34438,136645,Male,Tier 2,Store,0,2026-03-05 14:19:15.683837
49,175882,7.6,7,6,14,87400,121297,Male,Tier 1,Store,0,2026-03-05 14:19:15.683837
43,33302,6.1,4,31,11,52322,41500,Male,Tier 1,Store,0,2026-03-05 14:19:15.683837
23,81236,1.9,3,16,18,123512,11853,Female,Tier 1,Store,0,2026-03-05 14:19:15.683837
58,79467,7.6,1,31,8,102396,72577,Other,Tier 2,Store,0,2026-03-05 14:19:15.683837
74,117350,7.6,7,13,2,129164,136080,Other,Tier 2,Store,0,2026-03-05 14:19:15.683837
20,180913,6.6,1,25,12,25703,18416,Male,Tier 1,Hybrid,0,2026-03-05 14:19:15.683837
50,190785,7.0,8,8,3,119879,106085,Male,Tier 1,Store,0,2026-03-05 14:19:15.683837
18,195618,4.4,5,12,2,137580,2541,Male,Tier 1,Online,1,2026-03-05 14:19:15.683837
68,18048,5.3,8,49,4,122676,64871,Male,Tier 2,Store,0,2026-03-05 14:19:15.683837
22,179362,4.4,2,24,19,61387,100427,Male,Tier 1,Store,0,2026-03-05 14:19:15.683837
30,73906,5.7,3,11,8,14148,23254,Male,Tier 1,Store,0,2026-03-05 14:19:15.683837
36,91637,7.8,4,44,17,22915,34514,Other,Tier 2,Store,0,2026-03-05 14:19:15.683837
29,44778,6.9,2,15,9,115742,131245,Female,Tier 2,Store,0,2026-03-05 14:19:15.683837
65,173497,3.9,4,48,18,94587,81538,Female,Tier 1,Store,0,2026-03-05 14:19:15.683837
42,229460,9.7,6,29,14,101244,52090,Other,Tier 1,Store,0,2026-03-05 14:19:15.683837
74,135918,6.3,7,20,17,23990,91862,Male,Tier 2,Store,0,2026-03-05 14:19:15.683837
68,105036,4.7,6,23,6,74071,67167,Female,Tier 3,Store,0,2026-03-05 14:19:15.683837
52,204248,5.4,7,42,2,74506,10909,Female,Tier 3,Online,1,2026-03-05 14:19:15.683837
29,158746,4.9,2,4,1,94229,114188,Other,Tier 3,Store,0,2026-03-05 14:19:15.683837
47,208474,6.5,1,46,10,58075,131123,Female,Tier 3,Store,0,2026-03-05 14:19:15.683837
22,234803,3.4,9,32,14,34582,119033,Male,Tier 3,Store,0,2026-03-05 14:19:15.683837
51,235979,6.6,7,48,6,56089,110071,Other,Tier 3,Store,0,2026-03-05 14:19:15.683837
39,179125,7.7,2,30,18,16870,30261,Male,Tier 2,Store,0,2026-03-05 14:19:15.683837
56,26957,7.3,7,49,4,112429,142194,Female,Tier 1,Store,0,2026-03-05 14:19:15.683837
30,87644,6.5,4,8,18,3639,148186,Other,Tier 3,Store,0,2026-03-05 14:19:15.683837
74,199688,7.2,3,48,9,101506,67585,Other,Tier 1,Store,0,2026-03-05 14:19:15.683837
64,128294,6.8,4,34,14,45993,127351,Other,Tier 2,Store,0,2026-03-05 14:19:15.683837
71,32829,8.1,5,7,0,43005,147734,Other,Tier 1,Store,0,2026-03-05 14:19:15.683837
20,20837,5.5,9,10,16,65767,36589,Other,Tier 3,Store,0,2026-03-05 14:19:15.683837
77,210213,4.2,4,16,9,47718,50798,Female,Tier 1,Store,0,2026-03-05 14:19:15.683837
70,161104,6.7,9,15,3,72087,12389,Female,Tier 3,Online,1,2026-03-05 14:19:15.683837
37,114770,8.2,4,19,16,122837,49805,Female,Tier 3,Store,0,2026-03-05 14:19:15.683837
48,41352,5.2,1,26,9,98348,12510,Male,Tier 1,Store,0,2026-03-05 14:19:15.683837
22,45215,9.2,1,13,11,132377,110042,Female,Tier 1,Store,0,2026-03-05 14:19:15.683837
41,202391,6.8,4,21,10,86711,140075,Male,Tier 2,Store,0,2026-03-05 14:19:15.683837
57,220714,7.9,4,48,2,26718,39863,Female,Tier 3,Store,0,2026-03-05 14:19:15.683837
71,56247,3.7,10,6,18,75544,113387,Male,Tier 2,Store,0,2026-03-05 14:19:15.683837
50,240374,7.6,7,10,17,87813,130625,Other,Tier 1,Store,0,2026-03-05 14:19:15.683837
25,144692,6.9,1,16,17,92954,124606,Male,Tier 1,Store,0,2026-03-05 14:19:15.683837
41,189120,10.2,5,12,3,109975,132982,Male,Tier 2,Store,0,2026-03-05 14:19:15.683837
67,221604,7.0,10,16,4,90618,92013,Female,Tier 1,Store,0,2026-03-05 14:19:15.683837
37,81714,7.3,8,10,2,120767,106107,Other,Tier 3,Store,0,2026-03-05 14:19:15.683837
77,50319,4.4,8,3,0,127622,71071,Other,Tier 3,Store,0,2026-03-05 14:19:15.683837
33,134058,6.6,7,15,16,104637,19789,Female,Tier 2,Store,0,2026-03-05 14:19:15.683837
67,31025,8.3,4,30,16,141463,110321,Male,Tier 1,Store,0,2026-03-05 14:19:15.683837
69,24780,5.3,7,20,19,53916,42104,Female,Tier 1,Store,0,2026-03-05 14:19:15.683837
29,37706,4.6,1,32,0,66031,6829,Other,Tier 3,Online,1,2026-03-05 14:19:15.683837
30,188988,10.0,6,12,0,82328,55753,Female,Tier 1,Store,0,2026-03-05 14:19:15.683837
62,90503,5.4,7,48,3,115636,50625,Female,Tier 2,Store,0,2026-03-05 14:19:15.683837
59,176928,7.8,3,28,8,116777,73458,Male,Tier 1,Store,0,2026-03-05 14:19:15.683837
56,118166,5.0,8,14,5,106192,23222,Male,Tier 2,Online,1,2026-03-05 14:19:15.683837
42,24179,5.1,8,9,11,26313,35409,Female,Tier 3,Store,0,2026-03-05 14:19:15.683837
63,184695,5.8,8,32,12,35689,62326,Male,Tier 3,Store,0,2026-03-05 14:19:15.683837
49,163659,7.1,5,14,19,123921,1812,Female,Tier 1,Hybrid,0,2026-03-05 14:19:15.683837
79,169805,8.3,7,42,10,4794,40896,Other,Tier 1,Store,0,2026-03-05 14:19:15.683837
41,234378,4.9,5,12,11,52342,95713,Male,Tier 1,Store,0,2026-03-05 14:19:15.683837
65,114423,8.2,8,34,9,71235,140350,Other,Tier 1,Store,0,2026-03-05 14:19:15.683837
64,138076,6.3,9,20,15,64832,108429,Female,Tier 1,Store,0,2026-03-05 14:19:15.683837
61,150047,5.6,4,29,16,98832,59898,Male,Tier 3,Store,0,2026-03-05 14:19:15.683837
26,224527,7.1,4,47,12,82858,71028,Female,Tier 2,Store,0,2026-03-05 14:19:15.683837
57,90138,8.9,7,45,0,64958,83176,Other,Tier 1,Store,0,2026-03-05 14:19:15.683837
67,191535,7.0,7,42,8,121713,30591,Other,Tier 1,Store,0,2026-03-05 14:19:15.683837
40,245668,4.5,8,41,7,13003,93028,Female,Tier 3,Store,0,2026-03-05 14:19:15.683837
67,188226,6.3,7,44,17,9001,26692,Other,Tier 1,Online,1,2026-03-05 14:19:15.683837
30,221748,7.1,7,6,0,47081,96626,Other,Tier 1,Store,0,2026-03-05 14:19:15.683837
77,101706,4.8,6,48,2,78332,86981,Other,Tier 3,Store,0,2026-03-05 14:19:15.683837
76,131905,6.6,6,23,0,38617,82027,Female,Tier 3,Store,0,2026-03-05 14:19:15.683837
49,43830,4.6,10,15,0,76375,65546,Other,Tier 3,Store,0,2026-03-05 14:19:15.683837
67,125076,7.3,3,4,18,8668,131534,Male,Tier 2,Store,0,2026-03-05 14:19:15.683837
32,218198,8.9,4,5,17,98361,113756,Male,Tier 1,Store,0,2026-03-05 14:19:15.683837
53,192817,5.8,10,1,11,114729,13098,Male,Tier 1,Hybrid,0,2026-03-05 14:19:15.683837
66,45609,7.5,4,2,5,8098,21791,Other,Tier 2,Store,0,2026-03-05 14:19:15.683837
22,32401,8.0,9,9,16,81745,107192,Male,Tier 1,Store,0,2026-03-05 14:19:15.683837
39,173801,5.1,6,23,11,102593,20184,Female,Tier 2,Hybrid,0,2026-03-05 14:19:15.683837
33,118480,6.8,10,47,1,46499,113158,Female,Tier 1,Store,0,2026-03-05 14:19:15.683837
58,133278,8.3,3,32,3,76097,133288,Other,Tier 3,Store,0,2026-03-05 14:19:15.683837
27,191239,9.3,4,19,6,31115,109263,Male,Tier 3,Store,0,2026-03-05 14:19:15.683837
41,240253,5.4,6,21,1,53621,12247,Male,Tier 1,Hybrid,0,2026-03-05 14:19:15.683837
35,72391,3.7,6,31,19,102483,128903,Other,Tier 1,Store,0,2026-03-05 14:19:15.683837
66,141543,7.2,5,29,19,52242,125614,Female,Tier 2,Store,0,2026-03-05 14:19:15.683837
35,143886,6.5,1,2,14,113729,10102,Other,Tier 1,Store,0,2026-03-05 14:19:15.683837
24,109583,6.1,10,3,6,113444,66299,Other,Tier 1,Store,0,2026-03-05 14:19:15.683837
21,204243,5.0,6,3,18,29090,77339,Male,Tier 1,Store,0,2026-03-05 14:19:15.683837
43,234168,7.8,4,38,2,13717,107025,Male,Tier 3,Store,0,2026-03-05 14:19:15.683837
22,152719,4.8,8,30,8,48787,146431,Other,Tier 1,Store,0,2026-03-05 14:19:15.683837
77,167178,4.6,10,8,11,114354,42087,Female,Tier 2,Store,0,2026-03-05 14:19:15.683837
72,21015,5.7,1,29,17,71907,109316,Male,Tier 2,Store,0,2026-03-05 14:19:15.683837
33,36506,7.9,5,28,2,5426,89397,Other,Tier 3,Store,0,2026-03-05 14:19:15.683837
52,39067,3.3,4,24,8,20198,107631,Female,Tier 3,Store,0,2026-03-05 14:19:15.683837
43,145819,4.0,5,38,5,86345,44554,Female,Tier 3,Store,0,2026-03-05 14:19:15.683837
35,17056,4.4,9,34,4,41975,147610,Female,Tier 1,Store,0,2026-03-05 14:19:15.683837
46,243327,10.0,7,24,8,64416,143986,Other,Tier 3,Store,0,2026-03-05 14:19:15.683837
40,44328,6.6,3,36,13,115981,117932,Other,Tier 2,Store,0,2026-03-05 14:19:15.683837
70,92712,3.9,3,35,1,95960,107014,Male,Tier 2,Store,0,2026-03-05 14:19:15.683837
31,67832,5.7,7,10,2,79198,79519,Female,Tier 1,Store,0,2026-03-05 14:19:15.683837
32,57771,7.5,1,25,0,23720,68205,Female,Tier 1,Store,0,2026-03-05 14:19:15.683837
66,112421,10.0,8,41,3,40164,114485,Female,Tier 2,Store,0,2026-03-05 14:19:15.683837
50,232877,2.9,3,45,12,64435,38164,Male,Tier 3,Store,0,2026-03-05 14:19:15.683837
42,192587,3.9,8,24,7,94349,16030,Male,Tier 2,Online,1,2026-03-05 14:19:15.683837
38,79538,5.3,8,20,17,3917,103152,Female,Tier 3,Store,0,2026-03-05 14:19:15.683837
34,214722,5.4,2,48,19,73937,102619,Male,Tier 2,Store,0,2026-03-05 14:19:15.683837
40,225050,5.4,3,1,3,20070,72705,Female,Tier 2,Store,0,2026-03-05 14:19:15.683837
74,55151,5.8,10,9,6,49007,27331,Female,Tier 1,Store,0,2026-03-05 14:19:15.683837
60,147701,10.1,1,38,12,28816,39340,Male,Tier 1,Store,0,2026-03-05 14:19:15.683837
34,98463,3.5,6,34,0,105043,59052,Other,Tier 1,Store,0,2026-03-05 14:19:15.683837
75,111853,6.3,3,32,17,62512,52397,Other,Tier 1,Store,0,2026-03-05 14:19:15.683837
31,104432,7.1,9,40,13,95440,20251,Male,Tier 2,Online,1,2026-03-05 14:19:15.683837
46,43155,3.1,1,30,7,90792,129311,Female,Tier 1,Store,0,2026-03-05 14:19:15.683837
37,164360,8.9,8,3,9,124561,145735,Male,Tier 1,Store,0,2026-03-05 14:19:15.683837
47,65588,5.7,7,2,7,33235,40287,Male,Tier 2,Store,0,2026-03-05 14:19:15.683837
36,233023,3.8,7,4,2,22468,85537,Male,Tier 1,Store,0,2026-03-05 14:19:15.683837
70,182157,9.1,8,16,2,125521,54999,Male,Tier 1,Store,0,2026-03-05 14:19:15.683837
56,26251,7.4,9,48,5,40688,101284,Male,Tier 3,Store,0,2026-03-05 14:19:15.683837
73,117420,4.9,8,12,10,112201,74280,Female,Tier 1,Store,0,2026-03-05 14:19:15.683837
30,171646,7.5,6,0,3,100106,136316,Other,Tier 1,Store,0,2026-03-05 14:19:15.683837
35,24623,6.8,1,44,19,94016,62732,Male,Tier 1,Store,0,2026-03-05 14:19:15.683837
40,232544,2.9,1,38,15,19429,23074,Other,Tier 3,Store,0,2026-03-05 14:19:15.683837
79,69715,3.1,7,43,10,42713,21306,Female,Tier 2,Store,0,2026-03-05 14:19:15.683837
63,21123,6.7,3,22,19,105627,90904,Male,Tier 1,Store,0,2026-03-05 14:19:15.683837
50,18061,2.5,3,40,1,81266,7021,Other,Tier 1,Online,1,2026-03-05 14:19:15.683837
56,121393,8.0,9,49,4,97200,112901,Male,Tier 1,Store,0,2026-03-05 14:19:15.683837
57,117035,3.2,10,24,4,109321,76698,Other,Tier 1,Store,0,2026-03-05 14:19:15.683837
35,54095,7.8,4,30,15,134370,88513,Other,Tier 3,Store,0,2026-03-05 14:19:15.683837
26,205690,8.8,3,12,13,10102,92331,Male,Tier 3,Store,0,2026-03-05 14:19:15.683837
50,174523,7.0,2,0,6,111798,29765,Other,Tier 3,Store,0,2026-03-05 14:19:15.683837
49,96897,1.0,5,33,0,51097,70988,Other,Tier 3,Store,0,2026-03-05 14:19:15.683837
78,96443,8.2,9,28,1,35712,100712,Female,Tier 3,Store,0,2026-03-05 14:19:15.683837
71,133005,5.1,8,30,13,31571,148065,Female,Tier 2,Store,0,2026-03-05 14:19:15.683837
34,49814,5.9,8,7,4,77029,113776,Other,Tier 2,Store,0,2026-03-05 14:19:15.683837
36,100141,4.5,1,1,12,139105,105419,Other,Tier 1,Store,0,2026-03-05 14:19:15.683837
44,243864,9.4,9,11,12,109760,134206,Other,Tier 2,Store,0,2026-03-05 14:19:15.683837
23,222940,6.4,8,32,6,131920,142420,Female,Tier 1,Store,0,2026-03-05 14:19:15.683837
52,183904,5.2,3,29,14,132288,61427,Female,Tier 2,Store,0,2026-03-05 14:19:15.683837
73,241084,8.7,8,40,9,46501,54025,Female,Tier 3,Store,0,2026-03-05 14:19:15.683837
54,155517,7.8,9,26,1,76423,143217,Female,Tier 1,Store,0,2026-03-05 14:19:15.683837
51,179562,3.7,2,24,18,17700,111810,Male,Tier 2,Store,0,2026-03-05 14:19:15.683837
37,44767,6.7,1,37,12,28908,16445,Other,Tier 2,Store,0,2026-03-05 14:19:15.683837
42,61057,6.4,1,49,5,28635,69977,Other,Tier 2,Store,0,2026-03-05 14:19:15.683837
21,226818,3.1,1,32,0,56101,134722,Male,Tier 3,Store,0,2026-03-05 14:19:15.683837
27,235767,7.7,5,37,0,29290,40733,Female,Tier 2,Store,0,2026-03-05 14:19:15.683837
27,219172,5.9,2,15,11,10434,111645,Other,Tier 2,Store,0,2026-03-05 14:19:15.683837
41,187115,10.3,4,31,13,113879,67920,Male,Tier 2,Store,0,2026-03-05 14:19:15.683837
38,101755,8.8,1,23,10,12360,146438,Female,Tier 3,Store,0,2026-03-05 14:19:15.683837
28,42946,6.4,2,1,0,132963,48334,Female,Tier 3,Store,0,2026-03-05 14:19:15.683837
44,182659,5.8,7,1,4,58826,16387,Female,Tier 1,Store,0,2026-03-05 14:19:15.683837
33,18364,1.9,9,19,2,116030,125126,Male,Tier 2,Store,0,2026-03-05 14:19:15.683837
43,215926,7.7,6,26,12,89100,92968,Female,Tier 2,Store,0,2026-03-05 14:19:15.683837
78,202160,5.9,10,21,4,34107,40234,Female,Tier 3,Hybrid,0,2026-03-05 14:19:15.683837
78,92015,5.1,10,38,12,70508,113906,Other,Tier 1,Store,0,2026-03-05 14:19:15.683837
47,153470,6.0,5,47,9,78729,133642,Female,Tier 3,Store,0,2026-03-05 14:19:15.683837
66,148524,9.1,10,18,2,149593,143511,Male,Tier 1,Store,0,2026-03-05 14:19:15.683837
33,102208,8.7,7,6,0,70209,59525,Female,Tier 1,Store,0,2026-03-05 14:19:15.683837
24,138208,8.7,9,2,12,115671,80203,Male,Tier 3,Store,0,2026-03-05 14:19:15.683837
33,179265,3.9,2,49,4,83111,9951,Other,Tier 3,Online,1,2026-03-05 14:19:15.683837
52,225473,9.2,6,33,10,27255,36024,Other,Tier 3,Store,0,2026-03-05 14:19:15.683837
75,40345,5.0,3,40,11,89054,37724,Female,Tier 2,Store,0,2026-03-05 14:19:15.683837
33,100895,7.5,10,22,10,53478,83527,Female,Tier 1,Store,0,2026-03-05 14:19:15.683837
57,220407,7.3,10,4,14,44661,2760,Male,Tier 3,Online,1,2026-03-05 14:19:15.683837
79,205268,5.7,4,42,5,89319,83914,Other,Tier 2,Store,0,2026-03-05 14:19:15.683837
29,169125,6.4,5,2,2,110312,61217,Male,Tier 2,Store,0,2026-03-05 14:19:15.683837
52,246500,2.7,5,23,15,83089,65794,Male,Tier 3,Store,0,2026-03-05 14:19:15.683837
66,144022,6.1,10,26,12,93603,112149,Male,Tier 1,Store,0,2026-03-05 14:19:15.683837
38,229292,5.5,8,33,15,13198,33144,Other,Tier 1,Store,0,2026-03-05 14:19:15.683837
67,151087,10.4,5,42,4,70860,134990,Other,Tier 1,Store,0,2026-03-05 14:19:15.683837
60,243273,6.1,2,20,14,90420,11059,Female,Tier 2,Store,0,2026-03-05 14:19:15.683837
53,154729,4.6,2,11,15,18700,119055,Female,Tier 2,Store,0,2026-03-05 14:19:15.683837
65,66116,6.2,1,31,0,61475,137980,Other,Tier 1,Store,0,2026-03-05 14:19:15.683837
34,168023,4.7,2,46,7,24532,117484,Female,Tier 1,Store,0,2026-03-05 14:19:15.683837
